date,oi_binance_usd,oi_bybit_usd,oi_kraken_usd,oi_okx_usd,open_interest_usd,oi_venue_count,btc_close,estimated_long_liquidated_usd,estimated_short_liquidated_usd,observed_liquidated_long_usd,observed_liquidated_short_usd,observed_long_event_count,observed_short_event_count,unknown_notional_event_count,liquidation_observation_available,observed_liquidation_dominance_pct,estimated_liquidation_dominance_pct,liquidated_interest_long_usd,liquidated_interest_short_usd,liquidation_dominance_pct,liquidation_source,liquidation_dominance_14d_pct
2019-09-08,,,,,,0,10391.63,0.0,0.0,0.0,0.0,0,0,0,False,0.0,0.0,0.0,0.0,0.0,none,0.0
2019-09-09,,,,,,0,10307.0,0.0,0.0,0.0,0.0,0,0,0,False,0.0,0.0,0.0,0.0,0.0,none,0.0
2019-09-10,,,,,,0,10102.02,0.0,0.0,0.0,0.0,0,0,0,False,0.0,0.0,0.0,0.0,0.0,none,0.0
2019-09-11,,,,,,0,10159.55,0.0,0.0,0.0,0.0,0,0,0,False,0.0,0.0,0.0,0.0,0.0,none,0.0
2019-09-12,,,,,,0,10415.13,0.0,0.0,0.0,0.0,0,0,0,False,0.0,0.0,0.0,0.0,0.0,none,0.0
2019-09-13,,,,,,0,10341.34,0.0,0.0,0.0,0.0,0,0,0,False,0.0,0.0,0.0,0.0,0.0,none,0.0
2019-09-14,,,,,,0,10332.25,0.0,0.0,0.0,0.0,0,0,0,False,0.0,0.0,0.0,0.0,0.0,none,0.0
2019-09-15,,,,,,0,10302.22,0.0,0.0,0.0,0.0,0,0,0,False,0.0,0.0,0.0,0.0,0.0,none,0.0
2019-09-16,,,,,,0,10249.27,0.0,0.0,0.0,0.0,0,0,0,False,0.0,0.0,0.0,0.0,0.0,none,0.0
2019-09-17,,,,,,0,10186.52,0.0,0.0,0.0,0.0,0,0,0,False,0.0,0.0,0.0,0.0,0.0,none,0.0
2019-09-18,,,,,,0,10155.16,0.0,0.0,0.0,0.0,0,0,0,False,0.0,0.0,0.0,0.0,0.0,none,0.0
2019-09-19,,,,,,0,10245.3,0.0,0.0,0.0,0.0,0,0,0,False,0.0,0.0,0.0,0.0,0.0,none,0.0
2019-09-20,,,,,,0,10166.35,0.0,0.0,0.0,0.0,0,0,0,False,0.0,0.0,0.0,0.0,0.0,none,0.0
2019-09-21,,,,,,0,9983.33,0.0,0.0,0.0,0.0,0,0,0,False,0.0,0.0,0.0,0.0,0.0,none,0.0
2019-09-22,,,,,,0,10023.04,0.0,0.0,0.0,0.0,0,0,0,False,0.0,0.0,0.0,0.0,0.0,none,0.0
2019-09-23,,,,,,0,9701.96,0.0,0.0,0.0,0.0,0,0,0,False,0.0,0.0,0.0,0.0,0.0,none,0.0
2019-09-24,,,,,,0,8645.61,0.0,0.0,0.0,0.0,0,0,0,False,0.0,0.0,0.0,0.0,0.0,none,0.0
2019-09-25,,,,,,0,8430.07,0.0,0.0,0.0,0.0,0,0,0,False,0.0,0.0,0.0,0.0,0.0,none,0.0
2019-09-26,,,,,,0,8060.15,0.0,0.0,0.0,0.0,0,0,0,False,0.0,0.0,0.0,0.0,0.0,none,0.0
2019-09-27,,,,,,0,8176.52,0.0,0.0,0.0,0.0,0,0,0,False,0.0,0.0,0.0,0.0,0.0,none,0.0
2019-09-28,,,,,,0,8195.38,0.0,0.0,0.0,0.0,0,0,0,False,0.0,0.0,0.0,0.0,0.0,none,0.0
2019-09-29,,,,,,0,8041.96,0.0,0.0,0.0,0.0,0,0,0,False,0.0,0.0,0.0,0.0,0.0,none,0.0
2019-09-30,,,,,,0,8285.84,0.0,0.0,0.0,0.0,0,0,0,False,0.0,0.0,0.0,0.0,0.0,none,0.0
2019-10-01,,,,,,0,8290.0,0.0,0.0,0.0,0.0,0,0,0,False,0.0,0.0,0.0,0.0,0.0,none,0.0
2019-10-02,,,,,,0,8352.14,0.0,0.0,0.0,0.0,0,0,0,False,0.0,0.0,0.0,0.0,0.0,none,0.0
2019-10-03,,,,,,0,8220.27,0.0,0.0,0.0,0.0,0,0,0,False,0.0,0.0,0.0,0.0,0.0,none,0.0
2019-10-04,,,,,,0,8130.56,0.0,0.0,0.0,0.0,0,0,0,False,0.0,0.0,0.0,0.0,0.0,none,0.0
2019-10-05,,,,,,0,8122.14,0.0,0.0,0.0,0.0,0,0,0,False,0.0,0.0,0.0,0.0,0.0,none,0.0
2019-10-06,,,,,,0,7852.79,0.0,0.0,0.0,0.0,0,0,0,False,0.0,0.0,0.0,0.0,0.0,none,0.0
2019-10-07,,,,,,0,8186.88,0.0,0.0,0.0,0.0,0,0,0,False,0.0,0.0,0.0,0.0,0.0,none,0.0
2019-10-08,,,,,,0,8167.62,0.0,0.0,0.0,0.0,0,0,0,False,0.0,0.0,0.0,0.0,0.0,none,0.0
2019-10-09,,,,,,0,8559.77,0.0,0.0,0.0,0.0,0,0,0,False,0.0,0.0,0.0,0.0,0.0,none,0.0
2019-10-10,,,,,,0,8556.02,0.0,0.0,0.0,0.0,0,0,0,False,0.0,0.0,0.0,0.0,0.0,none,0.0
2019-10-11,,,,,,0,8255.58,0.0,0.0,0.0,0.0,0,0,0,False,0.0,0.0,0.0,0.0,0.0,none,0.0
2019-10-12,,,,,,0,8300.22,0.0,0.0,0.0,0.0,0,0,0,False,0.0,0.0,0.0,0.0,0.0,none,0.0
2019-10-13,,,,,,0,8274.66,0.0,0.0,0.0,0.0,0,0,0,False,0.0,0.0,0.0,0.0,0.0,none,0.0
2019-10-14,,,,,,0,8346.05,0.0,0.0,0.0,0.0,0,0,0,False,0.0,0.0,0.0,0.0,0.0,none,0.0
2019-10-15,,,,,,0,8160.01,0.0,0.0,0.0,0.0,0,0,0,False,0.0,0.0,0.0,0.0,0.0,none,0.0
2019-10-16,,,,,,0,7992.21,0.0,0.0,0.0,0.0,0,0,0,False,0.0,0.0,0.0,0.0,0.0,none,0.0
2019-10-17,,,,,,0,8069.2,0.0,0.0,0.0,0.0,0,0,0,False,0.0,0.0,0.0,0.0,0.0,none,0.0
2019-10-18,,,,,,0,7943.94,0.0,0.0,0.0,0.0,0,0,0,False,0.0,0.0,0.0,0.0,0.0,none,0.0
2019-10-19,,,,,,0,7947.13,0.0,0.0,0.0,0.0,0,0,0,False,0.0,0.0,0.0,0.0,0.0,none,0.0
2019-10-20,,,,,,0,8218.23,0.0,0.0,0.0,0.0,0,0,0,False,0.0,0.0,0.0,0.0,0.0,none,0.0
2019-10-21,,,,,,0,8201.74,0.0,0.0,0.0,0.0,0,0,0,False,0.0,0.0,0.0,0.0,0.0,none,0.0
2019-10-22,,,,,,0,8020.89,0.0,0.0,0.0,0.0,0,0,0,False,0.0,0.0,0.0,0.0,0.0,none,0.0
2019-10-23,,,,,,0,7465.0,0.0,0.0,0.0,0.0,0,0,0,False,0.0,0.0,0.0,0.0,0.0,none,0.0
2019-10-24,,,,,,0,7411.35,0.0,0.0,0.0,0.0,0,0,0,False,0.0,0.0,0.0,0.0,0.0,none,0.0
2019-10-25,,,,,,0,8650.0,0.0,0.0,0.0,0.0,0,0,0,False,0.0,0.0,0.0,0.0,0.0,none,0.0
2019-10-26,,,,,,0,9232.22,0.0,0.0,0.0,0.0,0,0,0,False,0.0,0.0,0.0,0.0,0.0,none,0.0
2019-10-27,,,,,,0,9533.32,0.0,0.0,0.0,0.0,0,0,0,False,0.0,0.0,0.0,0.0,0.0,none,0.0
2019-10-28,,,,,,0,9217.36,0.0,0.0,0.0,0.0,0,0,0,False,0.0,0.0,0.0,0.0,0.0,none,0.0
2019-10-29,,,,,,0,9415.02,0.0,0.0,0.0,0.0,0,0,0,False,0.0,0.0,0.0,0.0,0.0,none,0.0
2019-10-30,,,,,,0,9165.3,0.0,0.0,0.0,0.0,0,0,0,False,0.0,0.0,0.0,0.0,0.0,none,0.0
2019-10-31,,,,,,0,9150.0,0.0,0.0,0.0,0.0,0,0,0,False,0.0,0.0,0.0,0.0,0.0,none,0.0
2019-11-01,,,,,,0,9231.01,0.0,0.0,0.0,0.0,0,0,0,False,0.0,0.0,0.0,0.0,0.0,none,0.0
2019-11-02,,,,,,0,9287.8,0.0,0.0,0.0,0.0,0,0,0,False,0.0,0.0,0.0,0.0,0.0,none,0.0
2019-11-03,,,,,,0,9197.88,0.0,0.0,0.0,0.0,0,0,0,False,0.0,0.0,0.0,0.0,0.0,none,0.0
2019-11-04,,,,,,0,9395.46,0.0,0.0,0.0,0.0,0,0,0,False,0.0,0.0,0.0,0.0,0.0,none,0.0
2019-11-05,,,,,,0,9313.2,0.0,0.0,0.0,0.0,0,0,0,False,0.0,0.0,0.0,0.0,0.0,none,0.0
2019-11-06,,,,,,0,9343.6,0.0,0.0,0.0,0.0,0,0,0,False,0.0,0.0,0.0,0.0,0.0,none,0.0
2019-11-07,,,,,,0,9219.64,0.0,0.0,0.0,0.0,0,0,0,False,0.0,0.0,0.0,0.0,0.0,none,0.0
2019-11-08,,,,,,0,8775.03,0.0,0.0,0.0,0.0,0,0,0,False,0.0,0.0,0.0,0.0,0.0,none,0.0
2019-11-09,,,,,,0,8811.15,0.0,0.0,0.0,0.0,0,0,0,False,0.0,0.0,0.0,0.0,0.0,none,0.0
2019-11-10,,,,,,0,9041.31,0.0,0.0,0.0,0.0,0,0,0,False,0.0,0.0,0.0,0.0,0.0,none,0.0
2019-11-11,,,,,,0,8728.93,0.0,0.0,0.0,0.0,0,0,0,False,0.0,0.0,0.0,0.0,0.0,none,0.0
2019-11-12,,,,,,0,8817.0,0.0,0.0,0.0,0.0,0,0,0,False,0.0,0.0,0.0,0.0,0.0,none,0.0
2019-11-13,,,,,,0,8774.76,0.0,0.0,0.0,0.0,0,0,0,False,0.0,0.0,0.0,0.0,0.0,none,0.0
2019-11-14,,,,,,0,8642.25,0.0,0.0,0.0,0.0,0,0,0,False,0.0,0.0,0.0,0.0,0.0,none,0.0
2019-11-15,,,,,,0,8473.27,0.0,0.0,0.0,0.0,0,0,0,False,0.0,0.0,0.0,0.0,0.0,none,0.0
2019-11-16,,,,,,0,8491.06,0.0,0.0,0.0,0.0,0,0,0,False,0.0,0.0,0.0,0.0,0.0,none,0.0
2019-11-17,,,,,,0,8504.04,0.0,0.0,0.0,0.0,0,0,0,False,0.0,0.0,0.0,0.0,0.0,none,0.0
2019-11-18,,,,,,0,8183.26,0.0,0.0,0.0,0.0,0,0,0,False,0.0,0.0,0.0,0.0,0.0,none,0.0
2019-11-19,,,,,,0,8131.7,0.0,0.0,0.0,0.0,0,0,0,False,0.0,0.0,0.0,0.0,0.0,none,0.0
2019-11-20,,,,,,0,8094.05,0.0,0.0,0.0,0.0,0,0,0,False,0.0,0.0,0.0,0.0,0.0,none,0.0
2019-11-21,,,,,,0,7621.9,0.0,0.0,0.0,0.0,0,0,0,False,0.0,0.0,0.0,0.0,0.0,none,0.0
2019-11-22,,,,,,0,7262.72,0.0,0.0,0.0,0.0,0,0,0,False,0.0,0.0,0.0,0.0,0.0,none,0.0
2019-11-23,,,,,,0,7305.99,0.0,0.0,0.0,0.0,0,0,0,False,0.0,0.0,0.0,0.0,0.0,none,0.0
2019-11-24,,,,,,0,6900.86,0.0,0.0,0.0,0.0,0,0,0,False,0.0,0.0,0.0,0.0,0.0,none,0.0
2019-11-25,,,,,,0,7102.03,0.0,0.0,0.0,0.0,0,0,0,False,0.0,0.0,0.0,0.0,0.0,none,0.0
2019-11-26,,,,,,0,7150.0,0.0,0.0,0.0,0.0,0,0,0,False,0.0,0.0,0.0,0.0,0.0,none,0.0
2019-11-27,,,,,,0,7506.77,0.0,0.0,0.0,0.0,0,0,0,False,0.0,0.0,0.0,0.0,0.0,none,0.0
2019-11-28,,,,,,0,7415.79,0.0,0.0,0.0,0.0,0,0,0,False,0.0,0.0,0.0,0.0,0.0,none,0.0
2019-11-29,,,,,,0,7736.66,0.0,0.0,0.0,0.0,0,0,0,False,0.0,0.0,0.0,0.0,0.0,none,0.0
2019-11-30,,,,,,0,7542.93,0.0,0.0,0.0,0.0,0,0,0,False,0.0,0.0,0.0,0.0,0.0,none,0.0
2019-12-01,,,,,,0,7387.38,0.0,0.0,0.0,0.0,0,0,0,False,0.0,0.0,0.0,0.0,0.0,none,0.0
2019-12-02,,,,,,0,7291.0,0.0,0.0,0.0,0.0,0,0,0,False,0.0,0.0,0.0,0.0,0.0,none,0.0
2019-12-03,,,,,,0,7290.86,0.0,0.0,0.0,0.0,0,0,0,False,0.0,0.0,0.0,0.0,0.0,none,0.0
2019-12-04,,,,,,0,7191.0,0.0,0.0,0.0,0.0,0,0,0,False,0.0,0.0,0.0,0.0,0.0,none,0.0
2019-12-05,,,,,,0,7384.99,0.0,0.0,0.0,0.0,0,0,0,False,0.0,0.0,0.0,0.0,0.0,none,0.0
2019-12-06,,,,,,0,7522.1,0.0,0.0,0.0,0.0,0,0,0,False,0.0,0.0,0.0,0.0,0.0,none,0.0
2019-12-07,,,,,,0,7487.2,0.0,0.0,0.0,0.0,0,0,0,False,0.0,0.0,0.0,0.0,0.0,none,0.0
2019-12-08,,,,,,0,7508.2,0.0,0.0,0.0,0.0,0,0,0,False,0.0,0.0,0.0,0.0,0.0,none,0.0
2019-12-09,,,,,,0,7337.49,0.0,0.0,0.0,0.0,0,0,0,False,0.0,0.0,0.0,0.0,0.0,none,0.0
2019-12-10,,,,,,0,7220.98,0.0,0.0,0.0,0.0,0,0,0,False,0.0,0.0,0.0,0.0,0.0,none,0.0
2019-12-11,,,,,,0,7205.77,0.0,0.0,0.0,0.0,0,0,0,False,0.0,0.0,0.0,0.0,0.0,none,0.0
2019-12-12,,,,,,0,7194.77,0.0,0.0,0.0,0.0,0,0,0,False,0.0,0.0,0.0,0.0,0.0,none,0.0
2019-12-13,,,,,,0,7252.98,0.0,0.0,0.0,0.0,0,0,0,False,0.0,0.0,0.0,0.0,0.0,none,0.0
2019-12-14,,,,,,0,7061.34,0.0,0.0,0.0,0.0,0,0,0,False,0.0,0.0,0.0,0.0,0.0,none,0.0
2019-12-15,,,,,,0,7115.0,0.0,0.0,0.0,0.0,0,0,0,False,0.0,0.0,0.0,0.0,0.0,none,0.0
2019-12-16,,,,,,0,6887.54,0.0,0.0,0.0,0.0,0,0,0,False,0.0,0.0,0.0,0.0,0.0,none,0.0
2019-12-17,,,,,,0,6618.96,0.0,0.0,0.0,0.0,0,0,0,False,0.0,0.0,0.0,0.0,0.0,none,0.0
2019-12-18,,,,,,0,7277.44,0.0,0.0,0.0,0.0,0,0,0,False,0.0,0.0,0.0,0.0,0.0,none,0.0
2019-12-19,,,,,,0,7146.29,0.0,0.0,0.0,0.0,0,0,0,False,0.0,0.0,0.0,0.0,0.0,none,0.0
2019-12-20,,,,,,0,7184.39,0.0,0.0,0.0,0.0,0,0,0,False,0.0,0.0,0.0,0.0,0.0,none,0.0
2019-12-21,,,,,,0,7131.01,0.0,0.0,0.0,0.0,0,0,0,False,0.0,0.0,0.0,0.0,0.0,none,0.0
2019-12-22,,,,,,0,7502.92,0.0,0.0,0.0,0.0,0,0,0,False,0.0,0.0,0.0,0.0,0.0,none,0.0
2019-12-23,,,,,,0,7314.01,0.0,0.0,0.0,0.0,0,0,0,False,0.0,0.0,0.0,0.0,0.0,none,0.0
2019-12-24,,,,,,0,7252.04,0.0,0.0,0.0,0.0,0,0,0,False,0.0,0.0,0.0,0.0,0.0,none,0.0
2019-12-25,,,,,,0,7201.45,0.0,0.0,0.0,0.0,0,0,0,False,0.0,0.0,0.0,0.0,0.0,none,0.0
2019-12-26,,,,,,0,7197.46,0.0,0.0,0.0,0.0,0,0,0,False,0.0,0.0,0.0,0.0,0.0,none,0.0
2019-12-27,,,,,,0,7248.4,0.0,0.0,0.0,0.0,0,0,0,False,0.0,0.0,0.0,0.0,0.0,none,0.0
2019-12-28,,,,,,0,7311.48,0.0,0.0,0.0,0.0,0,0,0,False,0.0,0.0,0.0,0.0,0.0,none,0.0
2019-12-29,,,,,,0,7383.67,0.0,0.0,0.0,0.0,0,0,0,False,0.0,0.0,0.0,0.0,0.0,none,0.0
2019-12-30,,,,,,0,7240.43,0.0,0.0,0.0,0.0,0,0,0,False,0.0,0.0,0.0,0.0,0.0,none,0.0
2019-12-31,,,,,,0,7189.0,0.0,0.0,0.0,0.0,0,0,0,False,0.0,0.0,0.0,0.0,0.0,none,0.0
2020-01-01,,,,,,0,7199.785,0.0,0.0,0.0,0.0,0,0,0,False,0.0,0.0,0.0,0.0,0.0,none,0.0
2020-01-02,,,,,,0,6963.67,0.0,0.0,0.0,0.0,0,0,0,False,0.0,0.0,0.0,0.0,0.0,none,0.0
2020-01-03,,,,,,0,7340.860000000001,0.0,0.0,0.0,0.0,0,0,0,False,0.0,0.0,0.0,0.0,0.0,none,0.0
2020-01-04,,,,,,0,7351.205,0.0,0.0,0.0,0.0,0,0,0,False,0.0,0.0,0.0,0.0,0.0,none,0.0
2020-01-05,,,,,,0,7356.879999999999,0.0,0.0,0.0,0.0,0,0,0,False,0.0,0.0,0.0,0.0,0.0,none,0.0
2020-01-06,,,,,,0,7756.845,0.0,0.0,0.0,0.0,0,0,0,False,0.0,0.0,0.0,0.0,0.0,none,0.0
2020-01-07,,,,,,0,8148.745,0.0,0.0,0.0,0.0,0,0,0,False,0.0,0.0,0.0,0.0,0.0,none,0.0
2020-01-08,,,,,,0,8056.42,0.0,0.0,0.0,0.0,0,0,0,False,0.0,0.0,0.0,0.0,0.0,none,0.0
2020-01-09,,,,,,0,7818.145,0.0,0.0,0.0,0.0,0,0,0,False,0.0,0.0,0.0,0.0,0.0,none,0.0
2020-01-10,,,,,,0,8203.945,0.0,0.0,0.0,0.0,0,0,0,False,0.0,0.0,0.0,0.0,0.0,none,0.0
2020-01-11,,,,,,0,8022.13,0.0,0.0,0.0,0.0,0,0,0,False,0.0,0.0,0.0,0.0,0.0,none,0.0
2020-01-12,,,,,,0,8183.35,0.0,0.0,0.0,0.0,0,0,0,False,0.0,0.0,0.0,0.0,0.0,none,0.0
2020-01-13,,,,,,0,8109.5,0.0,0.0,0.0,0.0,0,0,0,False,0.0,0.0,0.0,0.0,0.0,none,0.0
2020-01-14,,,,,,0,8826.55,0.0,0.0,0.0,0.0,0,0,0,False,0.0,0.0,0.0,0.0,0.0,none,0.0
2020-01-15,,,,,,0,8821.5,0.0,0.0,0.0,0.0,0,0,0,False,0.0,0.0,0.0,0.0,0.0,none,0.0
2020-01-16,,,,,,0,8724.34,0.0,0.0,0.0,0.0,0,0,0,False,0.0,0.0,0.0,0.0,0.0,none,0.0
2020-01-17,,,,,,0,8917.66,0.0,0.0,0.0,0.0,0,0,0,False,0.0,0.0,0.0,0.0,0.0,none,0.0
2020-01-18,,,,,,0,8923.3,0.0,0.0,0.0,0.0,0,0,0,False,0.0,0.0,0.0,0.0,0.0,none,0.0
2020-01-19,,,,,,0,8702.925,0.0,0.0,0.0,0.0,0,0,0,False,0.0,0.0,0.0,0.0,0.0,none,0.0
2020-01-20,,,,,,0,8647.5,0.0,0.0,0.0,0.0,0,0,0,False,0.0,0.0,0.0,0.0,0.0,none,0.0
2020-01-21,,,,,,0,8736.115,0.0,0.0,0.0,0.0,0,0,0,False,0.0,0.0,0.0,0.0,0.0,none,0.0
2020-01-22,,,,,,0,8685.485,0.0,0.0,0.0,0.0,0,0,0,False,0.0,0.0,0.0,0.0,0.0,none,0.0
2020-01-23,,,,,,0,8409.2,0.0,0.0,0.0,0.0,0,0,0,False,0.0,0.0,0.0,0.0,0.0,none,0.0
2020-01-24,,,,,,0,8443.58,0.0,0.0,0.0,0.0,0,0,0,False,0.0,0.0,0.0,0.0,0.0,none,0.0
2020-01-25,,,,,,0,8342.619999999999,0.0,0.0,0.0,0.0,0,0,0,False,0.0,0.0,0.0,0.0,0.0,none,0.0
2020-01-26,,,,,,0,8613.055,0.0,0.0,0.0,0.0,0,0,0,False,0.0,0.0,0.0,0.0,0.0,none,0.0
2020-01-27,,,,,,0,8911.955,0.0,0.0,0.0,0.0,0,0,0,False,0.0,0.0,0.0,0.0,0.0,none,0.0
2020-01-28,,,,,,0,9391.99,0.0,0.0,0.0,0.0,0,0,0,False,0.0,0.0,0.0,0.0,0.0,none,0.0
2020-01-29,,,,,,0,9309.85,0.0,0.0,0.0,0.0,0,0,0,False,0.0,0.0,0.0,0.0,0.0,none,0.0
2020-01-30,,,,,,0,9522.835,0.0,0.0,0.0,0.0,0,0,0,False,0.0,0.0,0.0,0.0,0.0,none,0.0
2020-01-31,,,,,,0,9360.255000000001,0.0,0.0,0.0,0.0,0,0,0,False,0.0,0.0,0.0,0.0,0.0,none,0.0
2020-02-01,,,,,,0,9389.32,0.0,0.0,0.0,0.0,0,0,0,False,0.0,0.0,0.0,0.0,0.0,none,0.0
2020-02-02,,,,,,0,9340.3,0.0,0.0,0.0,0.0,0,0,0,False,0.0,0.0,0.0,0.0,0.0,none,0.0
2020-02-03,,,,,,0,9302.47,0.0,0.0,0.0,0.0,0,0,0,False,0.0,0.0,0.0,0.0,0.0,none,0.0
2020-02-04,,,,,,0,9198.125,0.0,0.0,0.0,0.0,0,0,0,False,0.0,0.0,0.0,0.0,0.0,none,0.0
2020-02-05,,,,,,0,9628.25,0.0,0.0,0.0,0.0,0,0,0,False,0.0,0.0,0.0,0.0,0.0,none,0.0
2020-02-06,,,,,,0,9779.060000000001,0.0,0.0,0.0,0.0,0,0,0,False,0.0,0.0,0.0,0.0,0.0,none,0.0
2020-02-07,,,,,,0,9820.51,0.0,0.0,0.0,0.0,0,0,0,False,0.0,0.0,0.0,0.0,0.0,none,0.0
2020-02-08,,,,,,0,9902.265,0.0,0.0,0.0,0.0,0,0,0,False,0.0,0.0,0.0,0.0,0.0,none,0.0
2020-02-09,,,,,,0,10167.74,0.0,0.0,0.0,0.0,0,0,0,False,0.0,0.0,0.0,0.0,0.0,none,0.0
2020-02-10,,,,,,0,9861.83,0.0,0.0,0.0,0.0,0,0,0,False,0.0,0.0,0.0,0.0,0.0,none,0.0
2020-02-11,,,,,,0,10225.029999999999,0.0,0.0,0.0,0.0,0,0,0,False,0.0,0.0,0.0,0.0,0.0,none,0.0
2020-02-12,,,,,,0,10335.845000000001,0.0,0.0,0.0,0.0,0,0,0,False,0.0,0.0,0.0,0.0,0.0,none,0.0
2020-02-13,,,,,,0,10238.314999999999,0.0,0.0,0.0,0.0,0,0,0,False,0.0,0.0,0.0,0.0,0.0,none,0.0
2020-02-14,,,,,,0,10354.31,0.0,0.0,0.0,0.0,0,0,0,False,0.0,0.0,0.0,0.0,0.0,none,0.0
2020-02-15,,,,,,0,9912.744999999999,0.0,0.0,0.0,0.0,0,0,0,False,0.0,0.0,0.0,0.0,0.0,none,0.0
2020-02-16,,,,,,0,9919.43,0.0,0.0,0.0,0.0,0,0,0,False,0.0,0.0,0.0,0.0,0.0,none,0.0
2020-02-17,,,,,,0,9712.8,0.0,0.0,0.0,0.0,0,0,0,False,0.0,0.0,0.0,0.0,0.0,none,0.0
2020-02-18,,,,,,0,10174.11,0.0,0.0,0.0,0.0,0,0,0,False,0.0,0.0,0.0,0.0,0.0,none,0.0
2020-02-19,,,,,,0,9594.425,0.0,0.0,0.0,0.0,0,0,0,False,0.0,0.0,0.0,0.0,0.0,none,0.0
2020-02-20,,,,,,0,9599.645,0.0,0.0,0.0,0.0,0,0,0,False,0.0,0.0,0.0,0.0,0.0,none,0.0
2020-02-21,,,,,,0,9679.244999999999,0.0,0.0,0.0,0.0,0,0,0,False,0.0,0.0,0.0,0.0,0.0,none,0.0
2020-02-22,,,,,,0,9654.7,0.0,0.0,0.0,0.0,0,0,0,False,0.0,0.0,0.0,0.0,0.0,none,0.0
2020-02-23,,,,,,0,9937.91,0.0,0.0,0.0,0.0,0,0,0,False,0.0,0.0,0.0,0.0,0.0,none,0.0
2020-02-24,,,,,,0,9661.025000000001,0.0,0.0,0.0,0.0,0,0,0,False,0.0,0.0,0.0,0.0,0.0,none,0.0
2020-02-25,,,,,,0,9324.75,0.0,0.0,0.0,0.0,0,0,0,False,0.0,0.0,0.0,0.0,0.0,none,0.0
2020-02-26,,,,,,0,8789.759999999998,0.0,0.0,0.0,0.0,0,0,0,False,0.0,0.0,0.0,0.0,0.0,none,0.0
2020-02-27,,,,,,0,8827.4,0.0,0.0,0.0,0.0,0,0,0,False,0.0,0.0,0.0,0.0,0.0,none,0.0
2020-02-28,,,,,,0,8698.285,0.0,0.0,0.0,0.0,0,0,0,False,0.0,0.0,0.0,0.0,0.0,none,0.0
2020-02-29,,,,,,0,8530.99,0.0,0.0,0.0,0.0,0,0,0,False,0.0,0.0,0.0,0.0,0.0,none,0.0
2020-03-01,,,,,,0,8534.17,0.0,0.0,0.0,0.0,0,0,0,False,0.0,0.0,0.0,0.0,0.0,none,0.0
2020-03-02,,,,,,0,8914.85,0.0,0.0,0.0,0.0,0,0,0,False,0.0,0.0,0.0,0.0,0.0,none,0.0
2020-03-03,,,,,,0,8758.55,0.0,0.0,0.0,0.0,0,0,0,False,0.0,0.0,0.0,0.0,0.0,none,0.0
2020-03-04,,,,,,0,8754.215,0.0,0.0,0.0,0.0,0,0,0,False,0.0,0.0,0.0,0.0,0.0,none,0.0
2020-03-05,,,,,,0,9061.404999999999,0.0,0.0,0.0,0.0,0,0,0,False,0.0,0.0,0.0,0.0,0.0,none,0.0
2020-03-06,,,,,,0,9137.34,0.0,0.0,0.0,0.0,0,0,0,False,0.0,0.0,0.0,0.0,0.0,none,0.0
2020-03-07,,,,,,0,8897.84,0.0,0.0,0.0,0.0,0,0,0,False,0.0,0.0,0.0,0.0,0.0,none,0.0
2020-03-08,,,,,,0,8036.18,0.0,0.0,0.0,0.0,0,0,0,False,0.0,0.0,0.0,0.0,0.0,none,0.0
2020-03-09,,,,,,0,7928.325,0.0,0.0,0.0,0.0,0,0,0,False,0.0,0.0,0.0,0.0,0.0,none,0.0
2020-03-10,,,,,,0,7897.18,0.0,0.0,0.0,0.0,0,0,0,False,0.0,0.0,0.0,0.0,0.0,none,0.0
2020-03-11,,,,,,0,7935.445,0.0,0.0,0.0,0.0,0,0,0,False,0.0,0.0,0.0,0.0,0.0,none,0.0
2020-03-12,,,,,,0,4739.275,0.0,0.0,0.0,0.0,0,0,0,False,0.0,0.0,0.0,0.0,0.0,none,0.0
2020-03-13,,,,,,0,5568.030000000001,0.0,0.0,0.0,0.0,0,0,0,False,0.0,0.0,0.0,0.0,0.0,none,0.0
2020-03-14,,,,,,0,5171.405000000001,0.0,0.0,0.0,0.0,0,0,0,False,0.0,0.0,0.0,0.0,0.0,none,0.0
2020-03-15,,,,,,0,5359.96,0.0,0.0,0.0,0.0,0,0,0,False,0.0,0.0,0.0,0.0,0.0,none,0.0
2020-03-16,,,,,,0,5030.63,0.0,0.0,0.0,0.0,0,0,0,False,0.0,0.0,0.0,0.0,0.0,none,0.0
2020-03-17,,,,,,0,5308.99,0.0,0.0,0.0,0.0,0,0,0,False,0.0,0.0,0.0,0.0,0.0,none,0.0
2020-03-18,,,,,,0,5391.620000000001,0.0,0.0,0.0,0.0,0,0,0,False,0.0,0.0,0.0,0.0,0.0,none,0.0
2020-03-19,,,,,,0,6161.9,0.0,0.0,0.0,0.0,0,0,0,False,0.0,0.0,0.0,0.0,0.0,none,0.0
2020-03-20,,,,,,0,6202.885,0.0,0.0,0.0,0.0,0,0,0,False,0.0,0.0,0.0,0.0,0.0,none,0.0
2020-03-21,,,,,,0,6185.795,0.0,0.0,0.0,0.0,0,0,0,False,0.0,0.0,0.0,0.0,0.0,none,0.0
2020-03-22,,,,,,0,5813.335,0.0,0.0,0.0,0.0,0,0,0,False,0.0,0.0,0.0,0.0,0.0,none,0.0
2020-03-23,,,,,,0,6464.82,0.0,0.0,0.0,0.0,0,0,0,False,0.0,0.0,0.0,0.0,0.0,none,0.0
2020-03-24,,,,,,0,6741.8150000000005,0.0,0.0,0.0,0.0,0,0,0,False,0.0,0.0,0.0,0.0,0.0,none,0.0
2020-03-25,,,,,,0,6675.3,0.0,0.0,0.0,0.0,0,0,0,False,0.0,0.0,0.0,0.0,0.0,none,0.0
2020-03-26,,,,,,0,6733.5,0.0,0.0,0.0,0.0,0,0,0,False,0.0,0.0,0.0,0.0,0.0,none,0.0
2020-03-27,,,,,,0,6354.0,0.0,0.0,0.0,0.0,0,0,0,False,0.0,0.0,0.0,0.0,0.0,none,0.0
2020-03-28,,,,,,0,6230.95,0.0,0.0,0.0,0.0,0,0,0,False,0.0,0.0,0.0,0.0,0.0,none,0.0
2020-03-29,,,,,,0,5876.27,0.0,0.0,0.0,0.0,0,0,0,False,0.0,0.0,0.0,0.0,0.0,none,0.0
2020-03-30,,,,,,0,6391.08,0.0,0.0,0.0,0.0,0,0,0,False,0.0,0.0,0.0,0.0,0.0,none,0.0
2020-03-31,,,,,,0,6407.1,0.0,0.0,0.0,0.0,0,0,0,False,0.0,0.0,0.0,0.0,0.0,none,0.0
2020-04-01,,,,,,0,6641.51,0.0,0.0,0.0,0.0,0,0,0,False,0.0,0.0,0.0,0.0,0.0,none,0.0
2020-04-02,,,,,,0,6792.6,0.0,0.0,0.0,0.0,0,0,0,False,0.0,0.0,0.0,0.0,0.0,none,0.0
2020-04-03,,,,,,0,6729.8,0.0,0.0,0.0,0.0,0,0,0,False,0.0,0.0,0.0,0.0,0.0,none,0.0
2020-04-04,,,,,,0,6856.4,0.0,0.0,0.0,0.0,0,0,0,False,0.0,0.0,0.0,0.0,0.0,none,0.0
2020-04-05,,,,,,0,6771.0,0.0,0.0,0.0,0.0,0,0,0,False,0.0,0.0,0.0,0.0,0.0,none,0.0
2020-04-06,,,,,,0,7325.73,0.0,0.0,0.0,0.0,0,0,0,False,0.0,0.0,0.0,0.0,0.0,none,0.0
2020-04-07,,,,,,0,7196.7,0.0,0.0,0.0,0.0,0,0,0,False,0.0,0.0,0.0,0.0,0.0,none,0.0
2020-04-08,,,,,,0,7357.66,0.0,0.0,0.0,0.0,0,0,0,False,0.0,0.0,0.0,0.0,0.0,none,0.0
2020-04-09,,,,,,0,7282.0,0.0,0.0,0.0,0.0,0,0,0,False,0.0,0.0,0.0,0.0,0.0,none,0.0
2020-04-10,,,,,,0,6857.0,0.0,0.0,0.0,0.0,0,0,0,False,0.0,0.0,0.0,0.0,0.0,none,0.0
2020-04-11,,,,,,0,6874.5,0.0,0.0,0.0,0.0,0,0,0,False,0.0,0.0,0.0,0.0,0.0,none,0.0
2020-04-12,,,,,,0,6901.0,0.0,0.0,0.0,0.0,0,0,0,False,0.0,0.0,0.0,0.0,0.0,none,0.0
2020-04-13,,,,,,0,6834.5,0.0,0.0,0.0,0.0,0,0,0,False,0.0,0.0,0.0,0.0,0.0,none,0.0
2020-04-14,,,,,,0,6864.5,0.0,0.0,0.0,0.0,0,0,0,False,0.0,0.0,0.0,0.0,0.0,none,0.0
2020-04-15,,,,,,0,6617.5,0.0,0.0,0.0,0.0,0,0,0,False,0.0,0.0,0.0,0.0,0.0,none,0.0
2020-04-16,,,,,,0,7099.5,0.0,0.0,0.0,0.0,0,0,0,False,0.0,0.0,0.0,0.0,0.0,none,0.0
2020-04-17,,,,,,0,7022.44,0.0,0.0,0.0,0.0,0,0,0,False,0.0,0.0,0.0,0.0,0.0,none,0.0
2020-04-18,,,,,,0,7242.42,0.0,0.0,0.0,0.0,0,0,0,False,0.0,0.0,0.0,0.0,0.0,none,0.0
2020-04-19,,,,,,0,7118.3,0.0,0.0,0.0,0.0,0,0,0,False,0.0,0.0,0.0,0.0,0.0,none,0.0
2020-04-20,,,,,,0,6827.5,0.0,0.0,0.0,0.0,0,0,0,False,0.0,0.0,0.0,0.0,0.0,none,0.0
2020-04-21,,,,,,0,6838.0,0.0,0.0,0.0,0.0,0,0,0,False,0.0,0.0,0.0,0.0,0.0,none,0.0
2020-04-22,,,,,,0,7123.0,0.0,0.0,0.0,0.0,0,0,0,False,0.0,0.0,0.0,0.0,0.0,none,0.0
2020-04-23,,,,,,0,7483.5,0.0,0.0,0.0,0.0,0,0,0,False,0.0,0.0,0.0,0.0,0.0,none,0.0
2020-04-24,,,,,,0,7500.6,0.0,0.0,0.0,0.0,0,0,0,False,0.0,0.0,0.0,0.0,0.0,none,0.0
2020-04-25,,,,,,0,7535.0,0.0,0.0,0.0,0.0,0,0,0,False,0.0,0.0,0.0,0.0,0.0,none,0.0
2020-04-26,,,,,,0,7692.8,0.0,0.0,0.0,0.0,0,0,0,False,0.0,0.0,0.0,0.0,0.0,none,0.0
2020-04-27,,,,,,0,7774.0,0.0,0.0,0.0,0.0,0,0,0,False,0.0,0.0,0.0,0.0,0.0,none,0.0
2020-04-28,,,,,,0,7742.1,0.0,0.0,0.0,0.0,0,0,0,False,0.0,0.0,0.0,0.0,0.0,none,0.0
2020-04-29,,,,,,0,8778.0,0.0,0.0,0.0,0.0,0,0,0,False,0.0,0.0,0.0,0.0,0.0,none,0.0
2020-04-30,,,,,,0,8624.76,0.0,0.0,0.0,0.0,0,0,0,False,0.0,0.0,0.0,0.0,0.0,none,0.0
2020-05-01,,,,,,0,8829.0,0.0,0.0,0.0,0.0,0,0,0,False,0.0,0.0,0.0,0.0,0.0,none,0.0
2020-05-02,,,,,,0,8973.5,0.0,0.0,0.0,0.0,0,0,0,False,0.0,0.0,0.0,0.0,0.0,none,0.0
2020-05-03,,,,,,0,8897.5,0.0,0.0,0.0,0.0,0,0,0,False,0.0,0.0,0.0,0.0,0.0,none,0.0
2020-05-04,,,,,,0,8873.0,0.0,0.0,0.0,0.0,0,0,0,False,0.0,0.0,0.0,0.0,0.0,none,0.0
2020-05-05,,,,,,0,9022.78,0.0,0.0,0.0,0.0,0,0,0,False,0.0,0.0,0.0,0.0,0.0,none,0.0
2020-05-06,,,,,,0,9148.27,0.0,0.0,0.0,0.0,0,0,0,False,0.0,0.0,0.0,0.0,0.0,none,0.0
2020-05-07,,,,,,0,9991.8,0.0,0.0,0.0,0.0,0,0,0,False,0.0,0.0,0.0,0.0,0.0,none,0.0
2020-05-08,,,,,,0,9805.0,0.0,0.0,0.0,0.0,0,0,0,False,0.0,0.0,0.0,0.0,0.0,none,0.0
2020-05-09,,,,,,0,9546.0,0.0,0.0,0.0,0.0,0,0,0,False,0.0,0.0,0.0,0.0,0.0,none,0.0
2020-05-10,,,,,,0,8722.0,0.0,0.0,0.0,0.0,0,0,0,False,0.0,0.0,0.0,0.0,0.0,none,0.0
2020-05-11,,,,,,0,8560.6,0.0,0.0,0.0,0.0,0,0,0,False,0.0,0.0,0.0,0.0,0.0,none,0.0
2020-05-12,,,,,,0,8813.0,0.0,0.0,0.0,0.0,0,0,0,False,0.0,0.0,0.0,0.0,0.0,none,0.0
2020-05-13,,,,,,0,9305.8,0.0,0.0,0.0,0.0,0,0,0,False,0.0,0.0,0.0,0.0,0.0,none,0.0
2020-05-14,,,,,,0,9788.0,0.0,0.0,0.0,0.0,0,0,0,False,0.0,0.0,0.0,0.0,0.0,none,0.0
2020-05-15,,,,,,0,9315.0,0.0,0.0,0.0,0.0,0,0,0,False,0.0,0.0,0.0,0.0,0.0,none,0.0
2020-05-16,,,,,,0,9382.5,0.0,0.0,0.0,0.0,0,0,0,False,0.0,0.0,0.0,0.0,0.0,none,0.0
2020-05-17,,,,,,0,9678.57,0.0,0.0,0.0,0.0,0,0,0,False,0.0,0.0,0.0,0.0,0.0,none,0.0
2020-05-18,,,,,,0,9731.1,0.0,0.0,0.0,0.0,0,0,0,False,0.0,0.0,0.0,0.0,0.0,none,0.0
2020-05-19,,,,,,0,9773.64,0.0,0.0,0.0,0.0,0,0,0,False,0.0,0.0,0.0,0.0,0.0,none,0.0
2020-05-20,,,,,,0,9511.0,0.0,0.0,0.0,0.0,0,0,0,False,0.0,0.0,0.0,0.0,0.0,none,0.0
2020-05-21,,,,,,0,9067.0,0.0,0.0,0.0,0.0,0,0,0,False,0.0,0.0,0.0,0.0,0.0,none,0.0
2020-05-22,,,,,,0,9168.0,0.0,0.0,0.0,0.0,0,0,0,False,0.0,0.0,0.0,0.0,0.0,none,0.0
2020-05-23,,,,,,0,9176.41,0.0,0.0,0.0,0.0,0,0,0,False,0.0,0.0,0.0,0.0,0.0,none,0.0
2020-05-24,,,,,,0,8711.37,0.0,0.0,0.0,0.0,0,0,0,False,0.0,0.0,0.0,0.0,0.0,none,0.0
2020-05-25,,,,,,0,8895.65,0.0,0.0,0.0,0.0,0,0,0,False,0.0,0.0,0.0,0.0,0.0,none,0.0
2020-05-26,,,,,,0,8842.0,0.0,0.0,0.0,0.0,0,0,0,False,0.0,0.0,0.0,0.0,0.0,none,0.0
2020-05-27,,,,,,0,9197.32,0.0,0.0,0.0,0.0,0,0,0,False,0.0,0.0,0.0,0.0,0.0,none,0.0
2020-05-28,,,,,,0,9572.0,0.0,0.0,0.0,0.0,0,0,0,False,0.0,0.0,0.0,0.0,0.0,none,0.0
2020-05-29,,,,,,0,9425.0,0.0,0.0,0.0,0.0,0,0,0,False,0.0,0.0,0.0,0.0,0.0,none,0.0
2020-05-30,,,,,,0,9695.0,0.0,0.0,0.0,0.0,0,0,0,False,0.0,0.0,0.0,0.0,0.0,none,0.0
2020-05-31,,,,,,0,9449.5,0.0,0.0,0.0,0.0,0,0,0,False,0.0,0.0,0.0,0.0,0.0,none,0.0
2020-06-01,,,,,,0,10223.0,0.0,0.0,0.0,0.0,0,0,0,False,0.0,0.0,0.0,0.0,0.0,none,0.0
2020-06-02,,,,,,0,9519.6,0.0,0.0,0.0,0.0,0,0,0,False,0.0,0.0,0.0,0.0,0.0,none,0.0
2020-06-03,,,,,,0,9663.59,0.0,0.0,0.0,0.0,0,0,0,False,0.0,0.0,0.0,0.0,0.0,none,0.0
2020-06-04,,,,,,0,9788.9,0.0,0.0,0.0,0.0,0,0,0,False,0.0,0.0,0.0,0.0,0.0,none,0.0
2020-06-05,,,,,,0,9622.5,0.0,0.0,0.0,0.0,0,0,0,False,0.0,0.0,0.0,0.0,0.0,none,0.0
2020-06-06,,,,,,0,9664.0,0.0,0.0,0.0,0.0,0,0,0,False,0.0,0.0,0.0,0.0,0.0,none,0.0
2020-06-07,,,,,,0,9743.92,0.0,0.0,0.0,0.0,0,0,0,False,0.0,0.0,0.0,0.0,0.0,none,0.0
2020-06-08,,,,,,0,9778.87,0.0,0.0,0.0,0.0,0,0,0,False,0.0,0.0,0.0,0.0,0.0,none,0.0
2020-06-09,,,,,,0,9771.66,0.0,0.0,0.0,0.0,0,0,0,False,0.0,0.0,0.0,0.0,0.0,none,0.0
2020-06-10,,,,,,0,9884.0,0.0,0.0,0.0,0.0,0,0,0,False,0.0,0.0,0.0,0.0,0.0,none,0.0
2020-06-11,,,,,,0,9277.1,0.0,0.0,0.0,0.0,0,0,0,False,0.0,0.0,0.0,0.0,0.0,none,0.0
2020-06-12,,,,,,0,9462.5,0.0,0.0,0.0,0.0,0,0,0,False,0.0,0.0,0.0,0.0,0.0,none,0.0
2020-06-13,,,,,,0,9470.0,0.0,0.0,0.0,0.0,0,0,0,False,0.0,0.0,0.0,0.0,0.0,none,0.0
2020-06-14,,,,,,0,9340.0,0.0,0.0,0.0,0.0,0,0,0,False,0.0,0.0,0.0,0.0,0.0,none,0.0
2020-06-15,,,,,,0,9422.01,0.0,0.0,0.0,0.0,0,0,0,False,0.0,0.0,0.0,0.0,0.0,none,0.0
2020-06-16,,,,,,0,9521.0,0.0,0.0,0.0,0.0,0,0,0,False,0.0,0.0,0.0,0.0,0.0,none,0.0
2020-06-17,,,,,,0,9462.0,0.0,0.0,0.0,0.0,0,0,0,False,0.0,0.0,0.0,0.0,0.0,none,0.0
2020-06-18,,,,,,0,9383.0,0.0,0.0,0.0,0.0,0,0,0,False,0.0,0.0,0.0,0.0,0.0,none,0.0
2020-06-19,,,,,,0,9307.0,0.0,0.0,0.0,0.0,0,0,0,False,0.0,0.0,0.0,0.0,0.0,none,0.0
2020-06-20,,,,,,0,9354.04,0.0,0.0,0.0,0.0,0,0,0,False,0.0,0.0,0.0,0.0,0.0,none,0.0
2020-06-21,,,,,,0,9295.0,0.0,0.0,0.0,0.0,0,0,0,False,0.0,0.0,0.0,0.0,0.0,none,0.0
2020-06-22,,,,,,0,9683.9,0.0,0.0,0.0,0.0,0,0,0,False,0.0,0.0,0.0,0.0,0.0,none,0.0
2020-06-23,,,,,,0,9627.1,0.0,0.0,0.0,0.0,0,0,0,False,0.0,0.0,0.0,0.0,0.0,none,0.0
2020-06-24,,,,,,0,9298.4,0.0,0.0,0.0,0.0,0,0,0,False,0.0,0.0,0.0,0.0,0.0,none,0.0
2020-06-25,,,,,,0,9246.75,0.0,0.0,0.0,0.0,0,0,0,False,0.0,0.0,0.0,0.0,0.0,none,0.0
2020-06-26,,,,,,0,9161.7,0.0,0.0,0.0,0.0,0,0,0,False,0.0,0.0,0.0,0.0,0.0,none,0.0
2020-06-27,,,,,,0,9011.7,0.0,0.0,0.0,0.0,0,0,0,False,0.0,0.0,0.0,0.0,0.0,none,0.0
2020-06-28,,,,,,0,9120.0,0.0,0.0,0.0,0.0,0,0,0,False,0.0,0.0,0.0,0.0,0.0,none,0.0
2020-06-29,,,,,,0,9189.1,0.0,0.0,0.0,0.0,0,0,0,False,0.0,0.0,0.0,0.0,0.0,none,0.0
2020-06-30,,,,,,0,9138.87,0.0,0.0,0.0,0.0,0,0,0,False,0.0,0.0,0.0,0.0,0.0,none,0.0
2020-07-01,,,,,,0,9230.5,0.0,0.0,0.0,0.0,0,0,0,False,0.0,0.0,0.0,0.0,0.0,none,0.0
2020-07-02,,,,,,0,9086.5,0.0,0.0,0.0,0.0,0,0,0,False,0.0,0.0,0.0,0.0,0.0,none,0.0
2020-07-03,,,,,,0,9062.0,0.0,0.0,0.0,0.0,0,0,0,False,0.0,0.0,0.0,0.0,0.0,none,0.0
2020-07-04,,,,,,0,9136.0,0.0,0.0,0.0,0.0,0,0,0,False,0.0,0.0,0.0,0.0,0.0,none,0.0
2020-07-05,,,,,,0,9071.86,0.0,0.0,0.0,0.0,0,0,0,False,0.0,0.0,0.0,0.0,0.0,none,0.0
2020-07-06,,,,,,0,9339.6,0.0,0.0,0.0,0.0,0,0,0,False,0.0,0.0,0.0,0.0,0.0,none,0.0
2020-07-07,,,,,,0,9256.0,0.0,0.0,0.0,0.0,0,0,0,False,0.0,0.0,0.0,0.0,0.0,none,0.0
2020-07-08,,,,,,0,9433.8,0.0,0.0,0.0,0.0,0,0,0,False,0.0,0.0,0.0,0.0,0.0,none,0.0
2020-07-09,,,,,,0,9236.0,0.0,0.0,0.0,0.0,0,0,0,False,0.0,0.0,0.0,0.0,0.0,none,0.0
2020-07-10,,,,,,0,9288.39,0.0,0.0,0.0,0.0,0,0,0,False,0.0,0.0,0.0,0.0,0.0,none,0.0
2020-07-11,,,,,,0,9233.5,0.0,0.0,0.0,0.0,0,0,0,False,0.0,0.0,0.0,0.0,0.0,none,0.0
2020-07-12,,,,,,0,9297.1,0.0,0.0,0.0,0.0,0,0,0,False,0.0,0.0,0.0,0.0,0.0,none,0.0
2020-07-13,,,,,,0,9241.2,0.0,0.0,0.0,0.0,0,0,0,False,0.0,0.0,0.0,0.0,0.0,none,0.0
2020-07-14,,,,,,0,9252.2,0.0,0.0,0.0,0.0,0,0,0,False,0.0,0.0,0.0,0.0,0.0,none,0.0
2020-07-15,,,,,,0,9197.3,0.0,0.0,0.0,0.0,0,0,0,False,0.0,0.0,0.0,0.0,0.0,none,0.0
2020-07-16,,,,,,0,9131.5,0.0,0.0,0.0,0.0,0,0,0,False,0.0,0.0,0.0,0.0,0.0,none,0.0
2020-07-17,,,,,,0,9155.7,0.0,0.0,0.0,0.0,0,0,0,False,0.0,0.0,0.0,0.0,0.0,none,0.0
2020-07-18,,,,,,0,9168.5,0.0,0.0,0.0,0.0,0,0,0,False,0.0,0.0,0.0,0.0,0.0,none,0.0
2020-07-19,,,,,,0,9203.0,0.0,0.0,0.0,0.0,0,0,0,False,0.0,0.0,0.0,0.0,0.0,none,0.0
2020-07-20,,,,,,0,9160.8,0.0,0.0,0.0,0.0,0,0,0,False,0.0,0.0,0.0,0.0,0.0,none,0.0
2020-07-21,,,,,,0,9386.4,0.0,0.0,0.0,0.0,0,0,0,False,0.0,0.0,0.0,0.0,0.0,none,0.0
2020-07-22,,,,,,0,9515.5,0.0,0.0,0.0,0.0,0,0,0,False,0.0,0.0,0.0,0.0,0.0,none,0.0
2020-07-23,,,,,,0,9602.8,0.0,0.0,0.0,0.0,0,0,0,False,0.0,0.0,0.0,0.0,0.0,none,0.0
2020-07-24,,,,,,0,9536.4,0.0,0.0,0.0,0.0,0,0,0,False,0.0,0.0,0.0,0.0,0.0,none,0.0
2020-07-25,,,,,,0,9699.8,0.0,0.0,0.0,0.0,0,0,0,False,0.0,0.0,0.0,0.0,0.0,none,0.0
2020-07-26,,,,,,0,9932.0,0.0,0.0,0.0,0.0,0,0,0,False,0.0,0.0,0.0,0.0,0.0,none,0.0
2020-07-27,,,,,,0,11036.6,0.0,0.0,0.0,0.0,0,0,0,False,0.0,0.0,0.0,0.0,0.0,none,0.0
2020-07-28,,,,,,0,10911.1,0.0,0.0,0.0,0.0,0,0,0,False,0.0,0.0,0.0,0.0,0.0,none,0.0
2020-07-29,,,,,,0,11106.5,0.0,0.0,0.0,0.0,0,0,0,False,0.0,0.0,0.0,0.0,0.0,none,0.0
2020-07-30,,,,,,0,11109.0,0.0,0.0,0.0,0.0,0,0,0,False,0.0,0.0,0.0,0.0,0.0,none,0.0
2020-07-31,,,,,,0,11339.0,0.0,0.0,0.0,0.0,0,0,0,False,0.0,0.0,0.0,0.0,0.0,none,0.0
2020-08-01,,,,,,0,11811.42,0.0,0.0,0.0,0.0,0,0,0,False,0.0,0.0,0.0,0.0,0.0,none,0.0
2020-08-02,,,,,,0,11073.0,0.0,0.0,0.0,0.0,0,0,0,False,0.0,0.0,0.0,0.0,0.0,none,0.0
2020-08-03,,,,,,0,11226.0,0.0,0.0,0.0,0.0,0,0,0,False,0.0,0.0,0.0,0.0,0.0,none,0.0
2020-08-04,,,,,,0,11196.0,0.0,0.0,0.0,0.0,0,0,0,False,0.0,0.0,0.0,0.0,0.0,none,0.0
2020-08-05,,66460269.868999995,,,66460269.868999995,1,11749.5,0.0,0.0,0.0,0.0,0,0,0,False,0.0,0.0,0.0,0.0,0.0,none,0.0
2020-08-06,,61025702.944,,,61025702.944,1,11764.0,0.0,0.0,0.0,0.0,0,0,0,False,0.0,0.0,0.0,0.0,0.0,none,0.0
2020-08-07,,64043245.196,,,64043245.196,1,11595.5,0.0,0.0,0.0,0.0,0,0,0,False,0.0,0.0,0.0,0.0,0.0,none,0.0
2020-08-08,,61615677.31088233,,,61615677.31088233,1,11765.8,534.9997617475466,8417.767456464631,0.0,0.0,0,0,0,False,0.0,-88.04839333565553,534.9997617475466,8417.767456464631,-88.04839333565553,estimated,-88.04839333565553
2020-08-09,,62176363.767000005,,,62176363.767000005,1,11685.99,0.0,0.0,0.0,0.0,0,0,0,False,0.0,0.0,0.0,0.0,0.0,none,-88.04839333565553
2020-08-10,,61315965.282000005,,,61315965.282000005,1,11891.0,3700.9883484995153,70960.8182041305,0.0,0.0,0,0,0,False,0.0,-90.08599304146053,3700.9883484995153,70960.8182041305,-90.08599304146053,estimated,-89.86782346853455
2020-08-11,,62480616.948,,,62480616.948,1,11392.64,122915.53181191588,0.0,0.0,0.0,0,0,0,False,0.0,100.0,122915.53181191588,0.0,100.0,estimated,23.131220567950013
2020-08-12,,64416414.794,,,64416414.794,1,11567.0,3920.95501532375,3402.90577666272,0.0,0.0,0,0,0,False,0.0,7.073444640398716,3920.95501532375,3402.90577666272,7.073444640398716,estimated,22.58128961499208
2020-08-13,,70949833.012,,,70949833.012,1,11789.0,24041.160371333062,13204.92185332971,0.0,0.0,0,0,0,False,0.0,29.093633130702955,24041.160371333062,13204.92185332971,29.093633130702955,estimated,23.547276214414786
2020-08-14,,65748036.335999995,,,65748036.335999995,1,11767.89,5335.554921833655,32586.836397158477,0.0,0.0,0,0,0,False,0.0,-71.86066207190092,5335.554921833655,32586.836397158477,-71.86066207190092,estimated,11.028880855032229
2020-08-15,,71692348.672,,,71692348.672,1,11859.04,0.0,71696.82858852705,0.0,0.0,0,0,0,False,0.0,-100.0,0.0,71696.82858852705,-100.0,estimated,-11.039301618248608
2020-08-16,,66583158.603,,,66583158.603,1,11914.5,5675.2697210883425,600.7418980617845,0.0,0.0,0,0,0,False,0.0,80.85593416593659,5675.2697210883425,600.7418980617845,80.85593416593659,estimated,-9.467794847567635
2020-08-17,,73627500.492,,,73627500.492,1,12297.0,0.0,903031.7290183788,0.0,0.0,0,0,0,False,0.0,-100.0,0.0,903031.7290183788,-100.0,estimated,-73.83922408647823
2020-08-18,,53572806.0,,,53572806.0,1,11950.0,288616.0764862357,662.0332524562646,0.0,0.0,0,0,0,False,0.0,99.54228596622517,288616.0764862357,662.0332524562646,99.54228596622517,estimated,-41.6739506680148
2020-08-19,,49096905.857999995,,,49096905.857999995,1,11762.1,281342.04143917025,0.0,0.0,0.0,0,0,0,False,0.0,100.0,281342.04143917025,0.0,100.0,estimated,-20.019154812022574
2020-08-20,,53173095.924,,,53173095.924,1,11857.0,0.0,0.0,0.0,0.0,0,0,0,False,0.0,0.0,0.0,0.0,0.0,none,-20.019154812022574
2020-08-21,,52952974.272,,,52952974.272,1,11534.6,413976.2759925624,0.0,0.0,0.0,0,0,0,False,0.0,100.0,413976.2759925624,0.0,100.0,estimated,2.017821277459062
2020-08-22,,58760582.355,,,58760582.355,1,11668.5,172925.48123793764,0.0,0.0,0.0,0,0,0,False,0.0,100.0,172925.48123793764,0.0,100.0,estimated,9.356771709319343
2020-08-23,,58847227.12,,,58847227.12,1,11654.0,5828.429557288451,0.0,0.0,0.0,0,0,0,False,0.0,100.0,5828.429557288451,0.0,100.0,estimated,9.574682249956162
2020-08-24,,58166256.408,,,58166256.408,1,11753.7,0.0,3925.227719905013,0.0,0.0,0,0,0,False,0.0,-100.0,0.0,3925.227719905013,-100.0,estimated,12.55330153857472
2020-08-25,,54882263.7,,,54882263.7,1,11325.0,1947801.4750672593,0.0,0.0,0.0,0,0,0,False,0.0,100.0,1947801.4750672593,0.0,100.0,estimated,50.74342403801574
2020-08-26,,57915848.378,,,57915848.378,1,11461.0,0.0,0.0,0.0,0.0,0,0,0,False,0.0,0.0,0.0,0.0,0.0,none,50.82009957736078
2020-08-27,,53952370.5628867,,,53952370.5628867,1,11330.0,46054.44022267012,2370.0606096055776,0.0,0.0,0,0,0,False,0.0,90.21131630116507,46054.44022267012,2370.0606096055776,90.21131630116507,estimated,51.46965658983955
2020-08-28,,54951828.512,,,54951828.512,1,11524.2,0.0,0.0,0.0,0.0,0,0,0,False,0.0,0.0,0.0,0.0,0.0,none,52.598133778855264
2020-08-29,,55833191.52,,,55833191.52,1,11467.7,251.61294164320094,0.0,0.0,0.0,0,0,0,False,0.0,100.0,251.61294164320094,0.0,100.0,estimated,55.287199679263125
2020-08-30,,59951148.34,,,59951148.34,1,11711.3,0.0,13551.295412230365,0.0,0.0,0,0,0,False,0.0,-100.0,0.0,13551.295412230365,-100.0,estimated,54.732144337745716
2020-08-31,,59985116.88,,,59985116.88,1,11658.11,4393.168908414811,28764.76419220655,0.0,0.0,0,0,0,False,0.0,-73.50155152865975,4393.168908414811,28764.76419220655,-73.50155152865975,estimated,96.93044955476145
2020-09-01,,56502714.45,,,56502714.45,1,11927.5,46.96960370819481,318591.9720300387,0.0,0.0,0,0,0,False,0.0,-99.97051860424381,46.96960370819481,318591.9720300387,-99.97051860424381,estimated,77.33189155066944
2020-09-02,,52676459.008,,,52676459.008,1,11388.5,328209.056952818,0.0,0.0,0.0,0,0,0,False,0.0,100.0,328209.056952818,0.0,100.0,estimated,77.65513058929795
2020-09-03,,45605747.235,,,45605747.235,1,10141.08,3705734.4549197215,0.0,0.0,0.0,0,0,0,False,0.0,100.0,3705734.4549197215,0.0,100.0,estimated,89.49711047349922
2020-09-04,,46472294.97789551,,,46472294.97789551,1,10448.0,481799.77387903706,0.0,0.0,0.0,0,0,0,False,0.0,100.0,481799.77387903706,0.0,100.0,estimated,89.59800532692547
2020-09-05,,40283020.314,,,40283020.314,1,10163.8,60799.552000957665,494.1661491149296,0.0,0.0,0,0,0,False,0.0,98.38754716134204,60799.552000957665,494.1661491149296,98.38754716134204,estimated,89.41667048864717
2020-09-06,,33719530.203,,,33719530.203,1,10256.7,0.0,0.0,0.0,0.0,0,0,0,False,0.0,0.0,0.0,0.0,0.0,none,89.40778584596157
2020-09-07,,32431976.46,,,32431976.46,1,10378.0,0.0,0.0,0.0,0.0,0,0,0,False,0.0,0.0,0.0,0.0,0.0,none,89.51493145710472
2020-09-08,,28120292.592,,,28120292.592,1,10126.4,0.0,0.0,0.0,0.0,0,0,0,False,0.0,0.0,0.0,0.0,0.0,none,85.42304983187546
2020-09-09,,33537762.369000003,,,33537762.369000003,1,10219.29,0.0,0.0,0.0,0.0,0,0,0,False,0.0,0.0,0.0,0.0,0.0,none,85.42304983187546
2020-09-10,,34420143.883999996,,,34420143.883999996,1,10336.3,0.0,49060.12444061696,0.0,0.0,0,0,0,False,0.0,-100.0,0.0,49060.12444061696,-100.0,estimated,83.55419691911631
2020-09-11,,37595829.596,,,37595829.596,1,10387.0,713.205912138146,118.62937455611092,0.0,0.0,0,0,0,False,0.0,71.47767678201096,713.205912138146,118.62937455611092,71.47767678201096,estimated,83.55218477735406
2020-09-12,,37263049.629,,,37263049.629,1,10438.28,2541.0007771999967,2297.9559321169877,0.0,0.0,0,0,0,False,0.0,5.022670374691462,2541.0007771999967,2297.9559321169877,5.022670374691462,estimated,83.47531255809515
2020-09-13,,40443295.68,,,40443295.68,1,10327.72,8741.224883927784,8310.095828032232,0.0,0.0,0,0,0,False,0.0,2.528420309361445,8741.224883927784,8310.095828032232,2.528420309361445,estimated,83.69650065079138
2020-09-14,,43202551.944,,,43202551.944,1,10664.1,566.9088531523383,338245.275030473,0.0,0.0,0,0,0,False,0.0,-99.66535509635209,566.9088531523383,338245.275030473,-99.66535509635209,estimated,72.97091292960933
2020-09-15,,47975448.412,,,47975448.412,1,10778.5,0.0,502290.87673967244,0.0,0.0,0,0,0,False,0.0,-100.0,0.0,502290.87673967244,-100.0,estimated,67.18288259853952
2020-09-16,,51139173.228,,,51139173.228,1,10948.17,2761.075317545132,414896.6763490168,0.0,0.0,0,0,0,False,0.0,-98.6778287693559,2761.075317545132,414896.6763490168,-98.6778287693559,estimated,52.83648279723495
2020-09-17,,53241784.25589072,,,53241784.25589072,1,10935.33,10014.989140267475,500.645634259184,0.0,0.0,0,0,0,False,0.0,90.47807108189112,10014.989140267475,500.645634259184,90.47807108189112,estimated,-39.71423986602083
2020-09-18,,54651462.695999995,,,54651462.695999995,1,10926.29,1666.6727023518902,1273.1388081556142,0.0,0.0,0,0,0,False,0.0,13.386364832905207,1666.6727023518902,1273.1388081556142,13.386364832905207,estimated,-87.5037193374159
2020-09-19,,53225471.008,,,53225471.008,1,11073.74,0.0,206970.0513525996,0.0,0.0,0,0,0,False,0.0,-100.0,0.0,206970.0513525996,-100.0,estimated,-96.51764987272071
2020-09-20,,53456360.31989088,,,53456360.31989088,1,10914.28,6476.017971696439,0.0,0.0,0.0,0,0,0,False,0.0,100.0,6476.017971696439,0.0,100.0,estimated,-95.70050885795064
2020-09-21,,52698618.239999995,,,52698618.239999995,1,10413.3,686388.1069536499,35.21636405678574,0.0,0.0,0,0,0,False,0.0,99.98973917031647,686388.1069536499,35.21636405678574,99.98973917031647,estimated,-35.83675703507588
2020-09-22,,46862091.108,,,46862091.108,1,10523.32,0.0,0.0,0.0,0.0,0,0,0,False,0.0,0.0,0.0,0.0,0.0,none,-35.83675703507588
2020-09-23,,46922787.66,,,46922787.66,1,10237.91,409869.69053769216,0.0,0.0,0.0,0,0,0,False,0.0,100.0,409869.69053769216,0.0,100.0,estimated,-14.856773930408252
2020-09-24,,48849372.495000005,,,48849372.495000005,1,10724.92,0.0,3836.6052994128318,0.0,0.0,0,0,0,False,0.0,-100.0,0.0,3836.6052994128318,-100.0,estimated,-13.380655256831536
2020-09-25,,58003841.99189316,,,58003841.99189316,1,10684.0,7709.44832317819,0.0,0.0,0.0,0,0,0,False,0.0,100.0,7709.44832317819,0.0,100.0,estimated,-13.073430088246777
2020-09-26,,56790574.676892735,,,56790574.676892735,1,10726.5,0.0,11050.564833244442,0.0,0.0,0,0,0,False,0.0,-100.0,0.0,11050.564833244442,-100.0,estimated,-13.473244183276526
2020-09-27,,58931393.7,,,58931393.7,1,10770.0,1470.7136336586423,0.0,0.0,0.0,0,0,0,False,0.0,100.0,1470.7136336586423,0.0,100.0,estimated,-13.513904944587935
2020-09-28,,58289252.48,,,58289252.48,1,10691.45,2220.725148802323,139956.40132648635,0.0,0.0,0,0,0,False,0.0,-96.87611473961206,2220.725148802323,139956.40132648635,-96.87611473961206,estimated,-6.318316568890762
2020-09-29,,58955594.48,,,58955594.48,1,10836.98,0.0,0.0,0.0,0.0,0,0,0,False,0.0,0.0,0.0,0.0,0.0,none,18.35555231547394
2020-09-30,,61631769.528,,,61631769.528,1,10773.0,3272.001479010681,0.0,0.0,0.0,0,0,0,False,0.0,100.0,3272.001479010681,0.0,100.0,estimated,51.280237611443056
2020-10-01,,60989438.916,,,60989438.916,1,10612.63,118868.68109819229,2445.53781879074,0.0,0.0,0,0,0,False,0.0,95.96825855926377,118868.68109819229,2445.53781879074,95.96825855926377,estimated,54.40407443650024
2020-10-02,,59918310.36799999,,,59918310.36799999,1,10566.5,125253.98990508672,0.0,0.0,0.0,0,0,0,False,0.0,100.0,125253.98990508672,0.0,100.0,estimated,57.78313091788135
2020-10-03,,55955085.44800001,,,55955085.44800001,1,10541.0,0.0,0.0,0.0,0.0,0,0,0,False,0.0,0.0,0.0,0.0,0.0,none,79.28380783873867
2020-10-04,,57969752.664,,,57969752.664,1,10665.3,0.0,0.0,0.0,0.0,0,0,0,False,0.0,0.0,0.0,0.0,0.0,none,79.19510087468188
2020-10-05,,57222089.256,,,57222089.256,1,10785.0,0.0,1909.0568069751148,0.0,0.0,0,0,0,False,0.0,-100.0,0.0,1909.0568069751148,-100.0,estimated,61.539992475177975
2020-10-06,,58479055.2,,,58479055.2,1,10600.0,2563.641713236415,0.0,0.0,0.0,0,0,0,False,0.0,100.0,2563.641713236415,0.0,100.0,estimated,61.65872376968628
2020-10-07,,58429376.36989343,,,58429376.36989343,1,10658.75,0.0,466.8552609502303,0.0,0.0,0,0,0,False,0.0,-100.0,0.0,466.8552609502303,-100.0,estimated,24.153997438898728
2020-10-08,,60998697.59199999,,,60998697.59199999,1,10919.45,204.66438508054216,55352.08365212971,0.0,0.0,0,0,0,False,0.0,-99.26322402836298,204.66438508054216,55352.08365212971,-99.26322402836298,estimated,10.657634374268302
2020-10-09,,65998273.854,,,65998273.854,1,11050.47,724.8821282605237,382067.5000006992,0.0,0.0,0,0,0,False,0.0,-99.62126616824037,724.8821282605237,382067.5000006992,-99.62126616824037,estimated,-39.94548188425458
2020-10-10,,70241350.634,,,70241350.634,1,11295.8,0.0,3141217.5718302196,0.0,0.0,0,0,0,False,0.0,-100.0,0.0,3141217.5718302196,-100.0,estimated,-87.20062021731191
2020-10-11,,60427718.956,,,60427718.956,1,11370.4,0.0,3454.3898655210296,0.0,0.0,0,0,0,False,0.0,-100.0,0.0,3454.3898655210296,-100.0,estimated,-87.28090522230458
2020-10-12,,61511090.39,,,61511090.39,1,11530.8,4189.93774933307,1658145.3620295837,0.0,0.0,0,0,0,False,0.0,-99.49589739808927,4189.93774933307,1658145.3620295837,-99.49589739808927,estimated,-90.7246733085768
2020-10-13,,59096387.86188574,,,59096387.86188574,1,11419.36,7695.154716381283,0.0,0.0,0.0,0,0,0,False,0.0,100.0,7695.154716381283,0.0,100.0,estimated,-90.45820620262911
2020-10-14,,58403777.702999994,,,58403777.702999994,1,11418.5,0.0,0.0,0.0,0.0,0,0,0,False,0.0,0.0,0.0,0.0,0.0,none,-90.57141772373495
2020-10-15,,56523447.897,,,56523447.897,1,11499.8,14901.515958076869,315.9620713545719,0.0,0.0,0,0,0,False,0.0,95.84737929973043,14901.515958076869,315.9620713545719,95.84737929973043,estimated,-94.23784884699214
2020-10-16,,57947098.080000006,,,57947098.080000006,1,11318.5,0.0,0.0,0.0,0.0,0,0,0,False,0.0,0.0,0.0,0.0,0.0,none,-98.85156082102523
2020-10-17,,57281436.8,,,57281436.8,1,11358.0,1090.3458940941732,871.4570197411197,0.0,0.0,0,0,0,False,0.0,11.15753640742277,1090.3458940941732,871.4570197411197,11.15753640742277,estimated,-98.81064912492813
2020-10-18,,57673889.104,,,57673889.104,1,11497.5,0.0,11359.877972024313,0.0,0.0,0,0,0,False,0.0,-100.0,0.0,11359.877972024313,-100.0,estimated,-98.81320484297848
2020-10-19,,57279004.4,,,57279004.4,1,11745.0,317.4857085058041,992574.9676284068,0.0,0.0,0,0,0,False,0.0,-99.93604831874009,317.4857085058041,992574.9676284068,-99.93604831874009,estimated,-98.99044016495976
2020-10-20,,63039109.628,,,63039109.628,1,11902.0,0.0,803469.4662957039,0.0,0.0,0,0,0,False,0.0,-100.0,0.0,803469.4662957039,-100.0,estimated,-99.17710481495654
2020-10-21,,74002911.56,,,74002911.56,1,12796.07,0.0,7488999.908857278,0.0,0.0,0,0,0,False,0.0,-100.0,0.0,7488999.908857278,-100.0,estimated,-99.60013617848715
2020-10-22,,66290498.305,,,66290498.305,1,12968.87,9277.670122151938,196804.13854167174,0.0,0.0,0,0,0,False,0.0,-90.9961289816838,9277.670122151938,196804.13854167174,-90.9961289816838,estimated,-99.48093017934858
2020-10-23,,65388776.325,,,65388776.325,1,12925.82,0.0,0.0,0.0,0.0,0,0,0,False,0.0,0.0,0.0,0.0,0.0,none,-99.47718265739809
2020-10-24,,68526302.273,,,68526302.273,1,13110.5,0.0,0.0,0.0,0.0,0,0,0,False,0.0,0.0,0.0,0.0,0.0,none,-99.33046467185562
2020-10-25,,68223372.96,,,68223372.96,1,13023.81,20175.667882389127,277758.0998268721,0.0,0.0,0,0,0,False,0.0,-86.45627312572533,20175.667882389127,277758.0998268721,-86.45627312572533,estimated,-98.9963780658244
2020-10-26,,65560798.8,,,65560798.8,1,13047.24,43930.2238131157,0.0,0.0,0.0,0,0,0,False,0.0,100.0,43930.2238131157,0.0,100.0,estimated,-98.02649272551866
2020-10-27,,61535353.33386362,,,61535353.33386362,1,13629.38,0.0,1945299.950482232,0.0,0.0,0,0,0,False,0.0,-100.0,0.0,1945299.950482232,-100.0,estimated,-98.48070136895805
2020-10-28,,65104516.266,,,65104516.266,1,13256.17,0.0,185341.75384660024,0.0,0.0,0,0,0,False,0.0,-100.0,0.0,185341.75384660024,-100.0,estimated,-98.50418185618835
2020-10-29,,60536582.5,,,60536582.5,1,13437.5,15280.239582831793,34256.467757108294,0.0,0.0,0,0,0,False,0.0,-38.307407159814375,15280.239582831793,34256.467757108294,-38.307407159814375,estimated,-98.50215227363974
2020-10-30,,73447570.52686456,,,73447570.52686456,1,13544.5,0.0,0.0,0.0,0.0,0,0,0,False,0.0,0.0,0.0,0.0,0.0,none,-98.50215227363974
2020-10-31,,72408643.39199999,,,72408643.39199999,1,13782.0,12367.900868792252,1839410.47327101,0.0,0.0,0,0,0,False,0.0,-98.66421370488922,12367.900868792252,1839410.47327101,-98.66421370488922,estimated,-98.53928180453974
2020-11-01,,90595175.0,,,90595175.0,1,13752.86,0.0,0.0,0.0,0.0,0,0,0,False,0.0,0.0,0.0,0.0,0.0,none,-98.53808503108084
2020-11-02,,88577031.601,,,88577031.601,1,13540.54,820879.3301633627,0.0,0.0,0.0,0,0,0,False,0.0,100.0,820879.3301633627,0.0,100.0,estimated,-86.53481174310106
2020-11-03,,82851694.92,,,82851694.92,1,14012.0,0.0,54875.10263302103,0.0,0.0,0,0,0,False,0.0,-100.0,0.0,54875.10263302103,-100.0,estimated,-85.7561148574971
2020-11-04,,92288484.18,,,92288484.18,1,14130.0,0.0,1756263.3960486804,0.0,0.0,0,0,0,False,0.0,-100.0,0.0,1756263.3960486804,-100.0,estimated,-74.4336881328961
2020-11-05,,106995049.824,,,106995049.824,1,15594.0,0.0,8454623.349747475,0.0,0.0,0,0,0,False,0.0,-100.0,0.0,8454623.349747475,-100.0,estimated,-88.1939703365613
2020-11-06,,94179305.946,,,94179305.946,1,15573.0,196939.5907539244,1026076.917872237,0.0,0.0,0,0,0,False,0.0,-67.79445095550665,196939.5907539244,1026076.917872237,-67.79445095550665,estimated,-86.69854184878625
2020-11-07,,97053258.876,,,97053258.876,1,14815.5,1608138.079662472,0.0,0.0,0.0,0,0,0,False,0.0,100.0,1608138.079662472,0.0,100.0,estimated,-70.28462710053002
2020-11-08,,79529951.72384518,,,79529951.72384518,1,15473.2,588.3339367077816,121767.7209490966,0.0,0.0,0,0,0,False,0.0,-99.03832476904084,588.3339367077816,121767.7209490966,-99.03832476904084,estimated,-70.21287353274694
2020-11-09,,57352312.14,,,57352312.14,1,15325.5,0.0,85859.81104468936,0.0,0.0,0,0,0,False,0.0,-100.0,0.0,85859.81104468936,-100.0,estimated,-70.76552383199073
2020-11-10,,79458372.889,,,79458372.889,1,15294.68,0.0,0.0,0.0,0.0,0,0,0,False,0.0,0.0,0.0,0.0,0.0,none,-67.257783872109
2020-11-11,,96393569.375,,,96393569.375,1,15687.5,0.0,1109165.9773348905,0.0,0.0,0,0,0,False,0.0,-100.0,0.0,1109165.9773348905,-100.0,estimated,-69.02290891455222
2020-11-12,,121901009.23,,,121901009.23,1,16285.0,16214.602776009191,2396958.9313437003,0.0,0.0,0,0,0,False,0.0,-98.6561594061304,16214.602776009191,2396958.9313437003,-98.6561594061304,estimated,-72.76810048204956
2020-11-13,,118790945.031,,,118790945.031,1,16318.5,110109.82348141028,1215897.8407416302,0.0,0.0,0,0,0,False,0.0,-83.39227947887798,110109.82348141028,1215897.8407416302,-83.39227947887798,estimated,-73.44454578980553
2020-11-14,,105542529.84,,,105542529.84,1,16060.0,877446.6117568902,0.0,0.0,0.0,0,0,0,False,0.0,100.0,877446.6117568902,0.0,100.0,estimated,-63.42583159888986
2020-11-15,,101559544.378,,,101559544.378,1,15939.5,0.0,0.0,0.0,0.0,0,0,0,False,0.0,0.0,0.0,0.0,0.0,none,-63.42583159888986
2020-11-16,,104421190.575,,,104421190.575,1,16702.5,0.0,2425457.2534224573,0.0,0.0,0,0,0,False,0.0,-100.0,0.0,2425457.2534224573,-100.0,estimated,-73.81257598366118
2020-11-17,,110908833.884,,,110908833.884,1,17663.5,625.6126653825522,4638620.511081746,0.0,0.0,0,0,0,False,0.0,-99.97302955485893,625.6126653825522,4638620.511081746,-99.97302955485893,estimated,-78.41796273881587
2020-11-18,,126224952.576,,,126224952.576,1,17788.32,98380.90251901925,3167289.4659373933,0.0,0.0,0,0,0,False,0.0,-93.97484182915123,98380.90251901925,3167289.4659373933,-93.97484182915123,estimated,-78.88619582315913
2020-11-19,,205197667.85,,,205197667.85,1,17802.5,224648.55363727803,30235.77713942101,0.0,0.0,0,0,0,False,0.0,76.27490317095233,224648.55363727803,30235.77713942101,76.27490317095233,estimated,-67.61732576486945
2020-11-20,,231569944.11,,,231569944.11,1,18663.0,0.0,5624825.0990474,0.0,0.0,0,0,0,False,0.0,-100.0,0.0,5624825.0990474,-100.0,estimated,-75.27682741255934
2020-11-21,,262994298.448,,,262994298.448,1,18713.0,118723.64461714434,3106240.4118190883,0.0,0.0,0,0,0,False,0.0,-92.63721129665298,118723.64461714434,3106240.4118190883,-92.63721129665298,estimated,-88.59446693715348
2020-11-22,,267823777.818,,,267823777.818,1,18421.5,4659344.82067675,0.0,0.0,0.0,0,0,0,False,0.0,100.0,4659344.82067675,0.0,100.0,estimated,-59.168827310894635
2020-11-23,,279088010.317,,,279088010.317,1,18369.4,20255.731752278974,10114.236914086656,0.0,0.0,0,0,0,False,0.0,33.39316859231369,20255.731752278974,10114.236914086656,33.39316859231369,estimated,-58.95721109417872
2020-11-24,,312092641.6,,,312092641.6,1,19160.0,47967.0615235807,2043039.4714556995,0.0,0.0,0,0,0,False,0.0,-95.41206009956966,47967.0615235807,2043039.4714556995,-95.41206009956966,estimated,-61.34367317808456
2020-11-25,,240769061.4625,,,240769061.4625,1,18737.5,503094.4808224973,7491792.609289085,0.0,0.0,0,0,0,False,0.0,-87.41459447389205,503094.4808224973,7491792.609289085,-87.41459447389205,estimated,-65.6076281820423
2020-11-26,,146915604.54,,,146915604.54,1,17154.0,29360628.55304236,0.0,0.0,0.0,0,0,0,False,0.0,100.0,29360628.55304236,0.0,100.0,estimated,9.52905821463172
2020-11-27,,111909547.608,,,111909547.608,1,17141.4,0.0,0.0,0.0,0.0,0,0,0,False,0.0,0.0,0.0,0.0,0.0,none,11.440878733120755
2020-11-28,,101745928.856,,,101745928.856,1,17717.7,0.0,0.0,0.0,0.0,0,0,0,False,0.0,0.0,0.0,0.0,0.0,none,10.218535943024742
2020-11-29,,103284642.944,,,103284642.944,1,18181.09,0.0,0.0,0.0,0.0,0,0,0,False,0.0,0.0,0.0,0.0,0.0,none,10.218535943024742
2020-11-30,,117228880.384,,,117228880.384,1,19712.0,0.0,1243959.9083460649,0.0,0.0,0,0,0,False,0.0,-100.0,0.0,1243959.9083460649,-100.0,estimated,12.305783137877418
2020-12-01,,116007321.15,,,116007321.15,1,18770.5,1434328.8869390432,10431.890483107652,0.0,0.0,0,0,0,False,0.0,98.5559006520483,1434328.8869390432,10431.890483107652,98.5559006520483,estimated,23.210361997590244
2020-12-02,,115325063.07,,,115325063.07,1,19208.6,0.0,0.0,0.0,0.0,0,0,0,False,0.0,0.0,0.0,0.0,0.0,none,30.052678672586055
2020-12-03,,111373044.9,,,111373044.9,1,19434.3,0.0,0.0,0.0,0.0,0,0,0,False,0.0,0.0,0.0,0.0,0.0,none,29.841068895550617
2020-12-04,,114176702.28,,,114176702.28,1,18664.2,0.0,0.0,0.0,0.0,0,0,0,False,0.0,0.0,0.0,0.0,0.0,none,44.43316571193299
2020-12-05,,128538954.176,,,128538954.176,1,19147.62,479.7165516081209,27754.27029217446,0.0,0.0,0,0,0,False,0.0,-96.60185042755475,479.7165516081209,27754.27029217446,-96.60185042755475,estimated,53.782903540861206
2020-12-06,,134713420.612,,,134713420.612,1,19369.7,11826.04840868077,55573.340543663966,0.0,0.0,0,0,0,False,0.0,-64.90755007573593,11826.04840868077,55573.340543663966,-64.90755007573593,estimated,48.49813148347192
2020-12-07,,136691089.178,,,136691089.178,1,19172.88,22443.896409602912,28650.871307873156,0.0,0.0,0,0,0,False,0.0,-12.14796578113664,22443.896409602912,28650.871307873156,-12.14796578113664,estimated,48.435694446119584
2020-12-08,,132068677.044,,,132068677.044,1,18322.0,1534907.7921551901,277.17811056518485,0.0,0.0,0,0,0,False,0.0,99.96388993952732,1534907.7921551901,277.17811056518485,99.96388993952732,estimated,57.54010285307074
2020-12-09,,135423983.88,,,135423983.88,1,18537.98,2418881.62502407,0.0,0.0,0.0,0,0,0,False,0.0,100.0,2418881.62502407,0.0,100.0,estimated,92.4390483206388
2020-12-10,,140755562.88,,,140755562.88,1,18253.51,25532.022406439715,0.0,0.0,0.0,0,0,0,False,0.0,100.0,25532.022406439715,0.0,100.0,estimated,59.89323714277458
2020-12-11,,145923209.952,,,145923209.952,1,18031.47,286993.77815621486,0.0,0.0,0.0,0,0,0,False,0.0,100.0,286993.77815621486,0.0,100.0,estimated,61.51395308022577
2020-12-12,,159297972.607,,,159297972.607,1,18800.0,0.0,420550.86335152795,0.0,0.0,0,0,0,False,0.0,-100.0,0.0,420550.86335152795,-100.0,estimated,52.484507961810564
2020-12-13,,173418301.372,,,173418301.372,1,19175.07,0.0,1031041.375051453,0.0,0.0,0,0,0,False,0.0,-100.0,0.0,1031041.375051453,-100.0,estimated,34.104267864642146
2020-12-14,,169024651.60799998,,,169024651.60799998,1,19274.7,1620.1455065611847,12633.865750176885,0.0,0.0,0,0,0,False,0.0,-77.26751470333912,1620.1455065611847,12633.865750176885,-77.26751470333912,estimated,56.66495495776233
2020-12-15,,179611105.992,,,179611105.992,1,19421.8,0.0,413918.16234147345,0.0,0.0,0,0,0,False,0.0,-100.0,0.0,413918.16234147345,-100.0,estimated,36.74326845638847
2020-12-16,,192705245.488,,,192705245.488,1,21346.8,2076.587255188443,20094147.08100249,0.0,0.0,0,0,0,False,0.0,-99.97933355749352,2076.587255188443,20094147.08100249,-99.97933355749352,estimated,-67.37495723042754
2020-12-17,,189688192.08,,,189688192.08,1,22800.3,2533.392175246005,16575547.062938852,0.0,0.0,0,0,0,False,0.0,-99.96943684545258,2533.392175246005,16575547.062938852,-99.96943684545258,estimated,-79.95086461243184
2020-12-18,,232532331.04400003,,,232532331.04400003,1,23117.0,0.0,0.0,0.0,0.0,0,0,0,False,0.0,0.0,0.0,0.0,0.0,none,-79.95086461243184
2020-12-19,,249983268.093,,,249983268.093,1,23847.28,180375.8488988621,2652780.5387792494,0.0,0.0,0,0,0,False,0.0,-87.26679192978207,180375.8488988621,2652780.5387792494,-87.26679192978207,estimated,-80.39342566830749
2020-12-20,,240756582.572,,,240756582.572,1,23468.5,255489.17780698452,34588.9125140988,0.0,0.0,0,0,0,False,0.0,76.15199929383648,255489.17780698452,34588.9125140988,76.15199929383648,estimated,-79.42882801976987
2020-12-21,,222850731.22000003,,,222850731.22000003,1,22730.1,5334887.796578442,0.0,0.0,0.0,0,0,0,False,0.0,100.0,5334887.796578442,0.0,100.0,estimated,-60.82864086046945
2020-12-22,,198507146.53,,,198507146.53,1,23826.99,0.0,0.0,0.0,0.0,0,0,0,False,0.0,0.0,0.0,0.0,0.0,none,-65.79101361537802
2020-12-23,,170793051.972,,,170793051.972,1,23233.4,0.0,0.0,0.0,0.0,0,0,0,False,0.0,0.0,0.0,0.0,0.0,none,-74.26499645459621
2020-12-24,,162309458.586,,,162309458.586,1,23732.8,0.0,0.0,0.0,0.0,0,0,0,False,0.0,0.0,0.0,0.0,0.0,none,-74.3590644143905
2020-12-25,,177799298.67000002,,,177799298.67000002,1,24713.5,0.0,1972210.874419033,0.0,0.0,0,0,0,False,0.0,-100.0,0.0,1972210.874419033,-100.0,estimated,-76.41296923275618
2020-12-26,,211480168.808,,,211480168.808,1,26508.83,2962.484837036286,10334345.560670447,0.0,0.0,0,0,0,False,0.0,-99.94268363051589,2962.484837036286,10334345.560670447,-99.94268363051589,estimated,-80.37408586083643
2020-12-27,,206039206.503,,,206039206.503,1,26297.5,485893.34106167656,8024429.83867887,0.0,0.0,0,0,0,False,0.0,-88.58108368391035,485893.34106167656,8024429.83867887,-88.58108368391035,estimated,-81.12143061792862
2020-12-28,,266674649.72472912,,,266674649.72472912,1,27087.5,0.0,0.0,0.0,0.0,0,0,0,False,0.0,0.0,0.0,0.0,0.0,none,-81.1222583551182
2020-12-29,,230538368.302,,,230538368.302,1,27402.83,2479365.9344955343,25122.933900528813,0.0,0.0,0,0,0,False,0.0,97.99376757329188,2479365.9344955343,25122.933900528813,97.99376757329188,estimated,-74.45516001770194
2020-12-30,,196625760.884,,,196625760.884,1,28906.99,0.0,5611143.1649451405,0.0,0.0,0,0,0,False,0.0,-100.0,0.0,5611143.1649451405,-100.0,estimated,-67.60705435152018
2020-12-31,,157885534.179,,,157885534.179,1,28921.5,0.0,1345507.7392595606,0.0,0.0,0,0,0,False,0.0,-100.0,0.0,1345507.7392595606,-100.0,estimated,-54.88292888471374
2021-01-01,,161435473.95000002,,,161435473.95000002,1,29333.6,0.0,2954805.67155837,0.0,0.0,0,0,0,False,0.0,-100.0,0.0,2954805.67155837,-100.0,estimated,-58.080330572302806
2021-01-02,,178787158.44,,,178787158.44,1,32199.91,2878.405058177068,7018690.655665208,0.0,0.0,0,0,0,False,0.0,-99.91801248315628,2878.405058177068,7018690.655665208,-99.91801248315628,estimated,-62.680715905636994
2021-01-03,,191146042.17799997,,,191146042.17799997,1,33022.4,3457.0979683670403,2076590.991361314,0.0,0.0,0,0,0,False,0.0,-99.6675944189847,3457.0979683670403,2076590.991361314,-99.6675944189847,estimated,-65.13930996013045
2021-01-04,,223976688.624,,,223976688.624,1,32024.0,7946422.551271337,23436.39654514166,0.0,0.0,0,0,0,False,0.0,99.41187424523837,7946422.551271337,23436.39654514166,99.41187424523837,estimated,-56.58289072339612
2021-01-05,,174124456.254,,,174124456.254,1,33999.52,4769551.682953938,2908853.6130890907,0.0,0.0,0,0,0,False,0.0,24.232871255490185,4769551.682953938,2908853.6130890907,24.232871255490185,estimated,-45.881346942833275
2021-01-06,,244493821.14,,,244493821.14,1,36775.5,0.0,6577420.308399927,0.0,0.0,0,0,0,False,0.0,-100.0,0.0,6577420.308399927,-100.0,estimated,-51.394731321396726
2021-01-07,,218217338.73599997,,,218217338.73599997,1,39498.92,71950.70514493299,13525661.618866485,0.0,0.0,0,0,0,False,0.0,-98.94171559784981,71950.70514493299,13525661.618866485,-98.94171559784981,estimated,-59.66647717806373
2021-01-08,,230781132.09,,,230781132.09,1,40637.23,0.0,0.0,0.0,0.0,0,0,0,False,0.0,0.0,0.0,0.0,0.0,none,-58.62240593335658
2021-01-09,,216311330.88459924,,,216311330.88459924,1,40136.04,1045980.9434344365,23495.966824869454,0.0,0.0,0,0,0,False,0.0,95.60608245031253,1045980.9434344365,23495.966824869454,95.60608245031253,estimated,-49.77485048186178
2021-01-10,,230140328.385,,,230140328.385,1,38175.9,4677244.198094951,0.0,0.0,0.0,0,0,0,False,0.0,100.0,4677244.198094951,0.0,100.0,estimated,-33.435863839530235
2021-01-11,,183123421.17,,,183123421.17,1,35377.5,22004074.52695152,0.0,0.0,0.0,0,0,0,False,0.0,100.0,22004074.52695152,0.0,100.0,estimated,1.069666565805981
2021-01-12,,189816008.67799997,,,189816008.67799997,1,34056.9,0.0,0.0,0.0,0.0,0,0,0,False,0.0,0.0,0.0,0.0,0.0,none,-1.8695955872842975
2021-01-13,,175614808.0725,,,175614808.0725,1,37417.5,427382.28182635613,1226877.7761326227,0.0,0.0,0,0,0,False,0.0,-48.32949272151814,427382.28182635613,1226877.7761326227,-48.32949272151814,estimated,4.155652917568904
2021-01-14,,204480278.885,,,204480278.885,1,39167.5,0.0,420595.82345099596,0.0,0.0,0,0,0,False,0.0,-100.0,0.0,420595.82345099596,-100.0,estimated,5.395397390524747
2021-01-15,,201647972.629,,,201647972.629,1,36748.8,8149279.512407205,52628.34528839168,0.0,0.0,0,0,0,False,0.0,98.71668040652246,8149279.512407205,52628.34528839168,98.71668040652246,estimated,18.376752114243835
2021-01-16,,198305400.726,,,198305400.726,1,35995.5,0.0,0.0,0.0,0.0,0,0,0,False,0.0,0.0,0.0,0.0,0.0,none,29.31584030715198
2021-01-17,,183203785.716,,,183203785.716,1,35869.83,0.0,0.0,0.0,0.0,0,0,0,False,0.0,0.0,0.0,0.0,0.0,none,32.94872637751222
2021-01-18,,187077460.444,,,187077460.444,1,36662.0,0.0,0.0,0.0,0.0,0,0,0,False,0.0,0.0,0.0,0.0,0.0,none,24.90844260192636
2021-01-19,,192324602.75,,,192324602.75,1,35891.03,14281.799276249381,34260.917901414534,0.0,0.0,0,0,0,False,0.0,-41.15780859988241,14281.799276249381,34260.917901414534,-41.15780859988241,estimated,24.942438081441654
2021-01-20,,190765230.718,,,190765230.718,1,35498.1,1253553.9643133087,2475.784014720492,0.0,0.0,0,0,0,False,0.0,99.60577621381721,1253553.9643133087,2475.784014720492,99.60577621381721,estimated,42.24043031405059
2021-01-21,,153383419.407,,,153383419.407,1,30879.97,6157228.472569511,0.0,0.0,0.0,0,0,0,False,0.0,100.0,6157228.472569511,0.0,100.0,estimated,92.26045562513742
2021-01-22,,222340933.9715,,,222340933.9715,1,32969.5,6672991.697145287,0.0,0.0,0.0,0,0,0,False,0.0,100.0,6672991.697145287,0.0,100.0,estimated,93.25055506205716
2021-01-23,,147799258.795,,,147799258.795,1,32088.2,5015445.535004874,37233.69994944734,0.0,0.0,0,0,0,False,0.0,98.5261799446177,5015445.535004874,37233.69994944734,98.5261799446177,estimated,93.680453001947
2021-01-24,,163274903.253,,,163274903.253,1,32245.6,0.0,0.0,0.0,0.0,0,0,0,False,0.0,0.0,0.0,0.0,0.0,none,93.10615661543277
2021-01-25,,182689849.806,,,182689849.806,1,32267.9,12369.208530304952,3507728.611838724,0.0,0.0,0,0,0,False,0.0,-99.29722359084849,12369.208530304952,3507728.611838724,-99.29722359084849,estimated,67.97388087383001
2021-01-26,,176930517.538,,,176930517.538,1,32474.14,3965823.719933202,52504.43896834617,0.0,0.0,0,0,0,False,0.0,97.38675205746767,3965823.719933202,52504.43896834617,97.38675205746767,estimated,71.16799079558562
2021-01-27,,182824634.25,,,182824634.25,1,30375.0,7770953.50279942,0.0,0.0,0.0,0,0,0,False,0.0,100.0,7770953.50279942,0.0,100.0,estimated,80.94856651621404
2021-01-28,,196618079.436,,,196618079.436,1,33380.9,19343.415424848445,1533088.932066594,0.0,0.0,0,0,0,False,0.0,-97.5079860380254,19343.415424848445,1533088.932066594,-97.5079860380254,estimated,76.4077732313585
2021-01-29,,251610615.932,,,251610615.932,1,34223.2,500981.40380290046,14932133.472282315,0.0,0.0,0,0,0,False,0.0,-93.50770848496425,500981.40380290046,14932133.472282315,-93.50770848496425,estimated,21.917290518545553
2021-01-30,,152865368.665,,,152865368.665,1,34289.85,2210771.232933385,106574.95880037372,0.0,0.0,0,0,0,False,0.0,90.80198209654313,2210771.232933385,106574.95880037372,90.80198209654313,estimated,24.884398975782965
2021-01-31,,150533499.488,,,150533499.488,1,33126.21,1384975.2159291327,0.0,0.0,0.0,0,0,0,False,0.0,100.0,1384975.2159291327,0.0,100.0,estimated,26.76958106566757
2021-02-01,,148147592.41566443,,,148147592.41566443,1,33546.09,0.0,0.0,0.0,0.0,0,0,0,False,0.0,0.0,0.0,0.0,0.0,none,26.76958106566757
2021-02-02,,161028865.761,,,161028865.761,1,35504.06,0.0,1094081.2944315635,0.0,0.0,0,0,0,False,0.0,-100.0,0.0,1094081.2944315635,-100.0,estimated,24.36164536081096
2021-02-03,,219253785.075,,,219253785.075,1,37623.2,0.0,3148373.5239706193,0.0,0.0,0,0,0,False,0.0,-100.0,0.0,3148373.5239706193,-100.0,estimated,15.999222502025233
2021-02-04,,262152810.498,,,262152810.498,1,36985.0,2440860.4075360354,732063.6810696659,0.0,0.0,0,0,0,False,0.0,53.85558175195035,2440860.4075360354,732063.6810696659,53.85558175195035,estimated,8.797392929770535
2021-02-05,,311623351.84000003,,,311623351.84000003,1,38310.2,38543.97944044377,890914.6497061505,0.0,0.0,0,0,0,False,0.0,-91.7061441506366,38543.97944044377,890914.6497061505,-91.7061441506366,estimated,-5.414803872450387
2021-02-06,,351519959.714,,,351519959.714,1,39270.0,0.0,18866466.98880993,0.0,0.0,0,0,0,False,0.0,-100.0,0.0,18866466.98880993,-100.0,estimated,-41.955253456565735
2021-02-07,,384416788.721,,,384416788.721,1,38825.5,2999470.8765925495,22871.648666374414,0.0,0.0,0,0,0,False,0.0,98.48649526152467,2999470.8765925495,22871.648666374414,98.48649526152467,estimated,-35.54641558076235
2021-02-08,,459571630.4,,,459571630.4,1,46400.0,138492.78530896973,44838995.86095456,0.0,0.0,0,0,0,False,0.0,-99.38416843857965,138492.78530896973,44838995.86095456,-99.38416843857965,estimated,-60.12525161407287
2021-02-09,,416458852.688,,,416458852.688,1,46448.0,1199876.1608518607,2641350.309043392,0.0,0.0,0,0,0,False,0.0,-37.526403597620714,1199876.1608518607,2641350.309043392,-37.526403597620714,estimated,-65.2049801100623
2021-02-10,,309115923.495,,,309115923.495,1,44826.5,4901226.4213332115,0.0,0.0,0.0,0,0,0,False,0.0,100.0,4901226.4213332115,0.0,100.0,estimated,-69.73562425450427
2021-02-11,,307973478.76199996,,,307973478.76199996,1,48018.0,0.0,1291861.7650780063,0.0,0.0,0,0,0,False,0.0,-100.0,0.0,1291861.7650780063,-100.0,estimated,-69.69713710365833
2021-02-12,,313144190.429,,,313144190.429,1,47361.03,0.0,2353800.9868367645,0.0,0.0,0,0,0,False,0.0,-100.0,0.0,2353800.9868367645,-100.0,estimated,-66.453552509303
2021-02-13,,299049707.267,,,299049707.267,1,47205.3,21742.32864307673,10773.464319013032,0.0,0.0,0,0,0,False,0.0,33.73395917747515,21742.32864307673,10773.464319013032,33.73395917747515,estimated,-70.51074252021692
2021-02-14,,301824375.5675,,,301824375.5675,1,48655.21,0.0,2153017.6871679914,0.0,0.0,0,0,0,False,0.0,-100.0,0.0,2153017.6871679914,-100.0,estimated,-73.84810136088377
2021-02-15,,285885325.4625,,,285885325.4625,1,47971.8,280832.58648886636,1144.6755424012,0.0,0.0,0,0,0,False,0.0,99.1881079104355,280832.58648886636,1144.6755424012,99.1881079104355,estimated,-73.30636681425617
2021-02-16,,290999635.196,,,290999635.196,1,49174.0,0.0,4298916.2489653835,0.0,0.0,0,0,0,False,0.0,-100.0,0.0,4298916.2489653835,-100.0,estimated,-74.22356659870778
2021-02-17,,308499464.88,,,308499464.88,1,52180.5,0.0,6714653.006389292,0.0,0.0,0,0,0,False,0.0,-100.0,0.0,6714653.006389292,-100.0,estimated,-75.17284356422618
2021-02-18,,324153342.71999997,,,324153342.71999997,1,51583.5,79545.14135138785,1545.6119653659105,0.0,0.0,0,0,0,False,0.0,96.18794522890052,79545.14135138785,1545.6119653659105,96.18794522890052,estimated,-79.39170560808229
2021-02-19,,356809135.992,,,356809135.992,1,55933.0,204087.97974399294,9105550.249722606,0.0,0.0,0,0,0,False,0.0,-95.6155550900352,204087.97974399294,9105550.249722606,-95.6155550900352,estimated,-80.75856716816737
2021-02-20,,359309517.08599997,,,359309517.08599997,1,55890.5,511084.5179348182,2616786.8061011084,0.0,0.0,0,0,0,False,0.0,-67.32061744308841,511084.5179348182,2616786.8061011084,-67.32061744308841,estimated,-76.06981660924623
2021-02-21,,333364764.315,,,333364764.315,1,57459.0,541.1857046960619,1357356.5201750905,0.0,0.0,0,0,0,False,0.0,-99.92029065188746,541.1857046960619,1357356.5201750905,-99.92029065188746,estimated,-82.67905215974487
2021-02-22,,292345381.536,,,292345381.536,1,54114.8,13271780.20355469,0.0,0.0,0.0,0,0,0,False,0.0,100.0,13271780.20355469,0.0,100.0,estimated,-22.77747302387777
2021-02-23,,242937812.74,,,242937812.74,1,48899.0,9270966.13538703,0.0,0.0,0.0,0,0,0,False,0.0,100.0,9270966.13538703,0.0,100.0,estimated,-2.3330462479593432
2021-02-24,,231564670.8070027,,,231564670.8070027,1,49702.03,0.0,0.0,0.0,0.0,0,0,0,False,0.0,0.0,0.0,0.0,0.0,none,-11.699899997415654
2021-02-25,,218565241.866,,,218565241.866,1,47120.0,0.0,0.0,0.0,0.0,0,0,0,False,0.0,0.0,0.0,0.0,0.0,none,-9.516885310777536
2021-02-26,,230075807.5965,,,230075807.5965,1,46321.5,535353.7602421091,0.0,0.0,0.0,0,0,0,False,0.0,100.0,535353.7602421091,0.0,100.0,estimated,-4.131619737079046
2021-02-27,,213849977.796,,,213849977.796,1,46123.2,157634.27835835275,240410.802647449,0.0,0.0,0,0,0,False,0.0,-20.795766167975763,157634.27835835275,240410.802647449,-20.795766167975763,estimated,-4.286425326222382
2021-02-28,,218124748.4755484,,,218124748.4755484,1,45156.0,3233684.011634494,0.0,0.0,0.0,0,0,0,False,0.0,100.0,3233684.011634494,0.0,100.0,estimated,6.185485697939544
2021-03-01,,253503671.156,,,253503671.156,1,49600.0,0.0,1296329.601127767,0.0,0.0,0,0,0,False,0.0,-100.0,0.0,1296329.601127767,-100.0,estimated,3.0874194407253404
2021-03-02,,243446114.7705,,,243446114.7705,1,48463.8,2620469.5028460217,18545.058184958136,0.0,0.0,0,0,0,False,0.0,98.59454673279915,2620469.5028460217,18545.058184958136,98.59454673279915,estimated,16.656091483660834
2021-03-03,,247768761.472,,,247768761.472,1,50373.75,0.0,2111546.9898080793,0.0,0.0,0,0,0,False,0.0,-100.0,0.0,2111546.9898080793,-100.0,estimated,28.17106676317756
2021-03-04,,255877298.568,,,255877298.568,1,48389.8,306713.3645441993,37074.71314304243,0.0,0.0,0,0,0,False,0.0,78.43164696550599,306713.3645441993,37074.71314304243,78.43164696550599,estimated,28.42190840188695
2021-03-05,,255255785.457,,,255255785.457,1,48770.57,2698854.5545164077,18238.19713146577,0.0,0.0,0,0,0,False,0.0,98.65752119647705,2698854.5545164077,18238.19713146577,98.65752119647705,estimated,61.8082128142321
2021-03-06,,260469046.726,,,260469046.726,1,48874.0,0.0,0.0,0.0,0.0,0,0,0,False,0.0,0.0,0.0,0.0,0.0,none,72.67285155338483
2021-03-07,,293205994.2955,,,293205994.2955,1,50979.9,0.0,877956.6084631617,0.0,0.0,0,0,0,False,0.0,-100.0,0.0,877956.6084631617,-100.0,estimated,74.92828969715856
2021-03-08,,283160760.84,,,283160760.84,1,52394.3,420680.0552651114,569321.6271000733,0.0,0.0,0,0,0,False,0.0,-15.014274670710313,420680.0552651114,569321.6271000733,-15.014274670710313,estimated,57.65159058359281
2021-03-09,,291086338.573,,,291086338.573,1,54917.78,0.0,7236728.081664949,0.0,0.0,0,0,0,False,0.0,-100.0,0.0,7236728.081664949,-100.0,estimated,-10.870473748310594
2021-03-10,,323505239.586,,,323505239.586,1,55931.0,102493.28750816295,3666591.864245069,0.0,0.0,0,0,0,False,0.0,-94.56137055112765,102493.28750816295,3666591.864245069,-94.56137055112765,estimated,-22.9337505014585
2021-03-11,,331948372.98,,,331948372.98,1,57810.0,481700.64791679033,1247090.017205916,0.0,0.0,0,0,0,False,0.0,-44.273108637754,481700.64791679033,1247090.017205916,-44.273108637754,estimated,-24.257089859425868
2021-03-12,,347750499.284,,,347750499.284,1,57238.0,706680.0256439421,790.0051738862029,0.0,0.0,0,0,0,False,0.0,99.77666752244673,706680.0256439421,790.0051738862029,99.77666752244673,estimated,-23.500262084724106
2021-03-13,,387185617.18,,,387185617.18,1,61267.41,66743.62539191765,17413742.59079811,0.0,0.0,0,0,0,False,0.0,-99.23636419986873,66743.62539191765,17413742.59079811,-99.23636419986873,estimated,-52.858171131296295
2021-03-14,,344313278.8,,,344313278.8,1,59037.12,1411207.075795825,4827.568721943463,0.0,0.0,0,0,0,False,0.0,99.31815669332192,1411207.075795825,4827.568721943463,99.31815669332192,estimated,-59.29502709891111
2021-03-15,,366669288.0,,,366669288.0,1,55646.61,7756976.942630728,0.0,0.0,0.0,0,0,0,False,0.0,100.0,7756976.942630728,0.0,100.0,estimated,-33.410232967493215
2021-03-16,,379373737.526,,,379373737.526,1,56938.0,4732441.728219913,173618.51740200975,0.0,0.0,0,0,0,False,0.0,92.92228351427426,4732441.728219913,173618.51740200975,92.92228351427426,estimated,-28.194593546567514
2021-03-17,,343447109.63199997,,,343447109.63199997,1,58883.0,945016.2006399404,1057416.572910034,0.0,0.0,0,0,0,False,0.0,-5.6131908024471056,945016.2006399404,1057416.572910034,-5.6131908024471056,estimated,-24.404352368040765
2021-03-18,,323740927.37799996,,,323740927.37799996,1,57686.0,0.0,1000380.928526331,0.0,0.0,0,0,0,False,0.0,-100.0,0.0,1000380.928526331,-100.0,estimated,-26.5146261225768
2021-03-19,,299391133.287,,,299391133.287,1,58089.11,0.0,0.0,0.0,0.0,0,0,0,False,0.0,0.0,0.0,0.0,0.0,none,-33.33411560186959
2021-03-20,,335366641.232,,,335366641.232,1,58145.61,0.0,0.0,0.0,0.0,0,0,0,False,0.0,0.0,0.0,0.0,0.0,none,-33.33411560186959
2021-03-21,,350756708.71500003,,,350756708.71500003,1,57351.0,2804297.381603602,3922.307594562922,0.0,0.0,0,0,0,False,0.0,99.72065521727875,2804297.381603602,3922.307594562922,99.72065521727875,estimated,-24.991364050313727
2021-03-22,,352350378.042,,,352350378.042,1,54111.0,4687504.460006442,32130.493928522254,0.0,0.0,0,0,0,False,0.0,98.63843308890942,4687504.460006442,32130.493928522254,98.63843308890942,estimated,-14.662057082775473
2021-03-23,,331741974.47999996,,,331741974.47999996,1,54400.0,1265723.1742682694,15320.34417628402,0.0,0.0,0,0,0,False,0.0,97.60814617837713,1265723.1742682694,15320.34417628402,97.60814617837713,estimated,0.6957984800952175
2021-03-24,,308633030.172,,,308633030.172,1,52311.54,10015044.181192566,65019.50514374625,0.0,0.0,0,0,0,False,0.0,98.7099386042197,10015044.181192566,65019.50514374625,98.7099386042197,estimated,24.79812696642672
2021-03-25,,306284686.62,,,306284686.62,1,51325.21,3500274.416331036,0.0,0.0,0.0,0,0,0,False,0.0,100.0,3500274.416331036,0.0,100.0,estimated,31.434322211773235
2021-03-26,,322421770.0,,,322421770.0,1,55000.0,0.0,0.0,0.0,0.0,0,0,0,False,0.0,0.0,0.0,0.0,0.0,none,30.585353010936444
2021-03-27,,343043020.772,,,343043020.772,1,55828.0,62471.558731636585,132607.89737113978,0.0,0.0,0,0,0,False,0.0,-35.952703601219966,62471.558731636585,132607.89737113978,-35.952703601219966,estimated,87.46921027407882
2021-03-28,,351934816.0,,,351934816.0,1,55773.0,75376.40049553833,12072.904807825656,0.0,0.0,0,0,0,False,0.0,72.3887919613668,75376.40049553833,12072.904807825656,72.3887919613668,estimated,86.99715977476048
2021-03-29,,370828204.653,,,370828204.653,1,57677.64,7047.765453071249,2741501.395651918,0.0,0.0,0,0,0,False,0.0,-99.48716467925661,7047.765453071249,2741501.395651918,-99.48716467925661,estimated,68.59214904126826
2021-03-30,,368365325.284,,,368365325.284,1,58765.2,16115.818649822959,1803890.8043860558,0.0,0.0,0,0,0,False,0.0,-98.2290373621893,16115.818649822959,1803890.8043860558,-98.2290373621893,estimated,54.60613944098509
2021-03-31,,391354990.8555,,,391354990.8555,1,58814.7,0.0,415239.4936874369,0.0,0.0,0,0,0,False,0.0,-100.0,0.0,415239.4936874369,-100.0,estimated,56.57384955602595
2021-04-01,,357666819.15500003,,,357666819.15500003,1,58768.7,21910.174640307538,10233.328163258297,0.0,0.0,0,0,0,False,0.0,36.32723710420842,21910.174640307538,10233.328163258297,36.32723710420842,estimated,62.207494622768365
2021-04-02,,370078476.82,,,370078476.82,1,59020.0,0.0,1629858.7865910348,0.0,0.0,0,0,0,False,0.0,-100.0,0.0,1629858.7865910348,-100.0,estimated,53.18985171591578
2021-04-03,,386938845.735,,,386938845.735,1,57134.65,774953.2048459806,5487.484724858685,0.0,0.0,0,0,0,False,0.0,98.59374714871,774953.2048459806,5487.484724858685,98.59374714871,estimated,54.36717391660279
2021-04-04,,372064895.7119999,,,372064895.7119999,1,58230.7,578687.2158982033,36686.73616677469,0.0,0.0,0,0,0,False,0.0,88.07660413845373,578687.2158982033,36686.73616677469,88.07660413845373,estimated,50.54642380287792
2021-04-05,,367906464.6255,,,367906464.6255,1,59243.39,0.0,288472.2485557706,0.0,0.0,0,0,0,False,0.0,-100.0,0.0,288472.2485557706,-100.0,estimated,39.02707248404024
2021-04-06,,354985295.48649997,,,354985295.48649997,1,58026.5,0.0,0.0,0.0,0.0,0,0,0,False,0.0,0.0,0.0,0.0,0.0,none,35.64559772331331
2021-04-07,,365072029.421,,,365072029.421,1,56015.2,1878679.2417896069,0.0,0.0,0.0,0,0,0,False,0.0,100.0,1878679.2417896069,0.0,100.0,estimated,-1.147371732435723
2021-04-08,,405450545.271,,,405450545.271,1,58083.0,0.0,204576.77823285072,0.0,0.0,0,0,0,False,0.0,-100.0,0.0,204576.77823285072,-100.0,estimated,-36.13905884149393
2021-04-09,,379285781.28,,,379285781.28,1,58128.0,7686.174644670679,233678.65452896044,0.0,0.0,0,0,0,False,0.0,-93.63107320069282,7686.174644670679,233678.65452896044,-93.63107320069282,estimated,-37.40780285285551
2021-04-10,,371473356.72,,,371473356.72,1,59806.0,0.0,9706109.225268276,0.0,0.0,0,0,0,False,0.0,-100.0,0.0,9706109.225268276,-100.0,estimated,-67.13211426481406
2021-04-11,,383301050.331,,,383301050.331,1,60073.5,0.0,0.0,0.0,0.0,0,0,0,False,0.0,0.0,0.0,0.0,0.0,none,-67.7313538632924
2021-04-12,,383081789.22,,,383081789.22,1,59911.18,11293.648851787832,23583.30593233622,0.0,0.0,0,0,0,False,0.0,-35.23718500258121,11293.648851787832,23583.30593233622,-35.23718500258121,estimated,-62.72115429639259
2021-04-13,,419472748.25,,,419472748.25,1,63587.5,0.0,9895605.475736251,0.0,0.0,0,0,0,False,0.0,-100.0,0.0,9895605.475736251,-100.0,estimated,-74.55007117641745
2021-04-14,,426131025.317,,,426131025.317,1,62970.0,561304.155216273,2310246.3744496624,0.0,0.0,0,0,0,False,0.0,-60.90584864048534,561304.155216273,2310246.3744496624,-60.90584864048534,estimated,-72.78465019522889
2021-04-15,,450254203.0895,,,450254203.0895,1,63232.55,6248.342301284296,3061.073136030722,0.0,0.0,0,0,0,False,0.0,34.237049433609045,6248.342301284296,3061.073136030722,34.237049433609045,estimated,-72.8738286772731
2021-04-16,,384780706.527,,,384780706.527,1,61313.0,4720469.009316253,0.0,0.0,0.0,0,0,0,False,0.0,100.0,4720469.009316253,0.0,100.0,estimated,-45.34279833252572
2021-04-17,,412081104.6495,,,412081104.6495,1,60065.5,227081.26259415687,0.0,0.0,0.0,0,0,0,False,0.0,100.0,227081.26259415687,0.0,100.0,estimated,-47.927364803506826
2021-04-18,,352833152.09999996,,,352833152.09999996,1,56120.1,52445243.41181325,3309.014429750291,0.0,0.0,0,0,0,False,0.0,99.98738186555521,52445243.41181325,3309.014429750291,99.98738186555521,estimated,45.06346043290341
2021-04-19,,462097030.338,,,462097030.338,1,55626.0,0.0,0.0,0.0,0.0,0,0,0,False,0.0,0.0,0.0,0.0,0.0,none,45.57230906115821
2021-04-20,,457905176.5565,,,457905176.5565,1,56411.5,3316202.577969639,1115887.7002040406,0.0,0.0,0,0,0,False,0.0,49.64508256073423,3316202.577969639,1115887.7002040406,49.64508256073423,estimated,45.78058002633716
2021-04-21,,402618027.8655,,,402618027.8655,1,53800.0,0.0,0.0,0.0,0.0,0,0,0,False,0.0,0.0,0.0,0.0,0.0,none,44.57927098861494
2021-04-22,,389583163.865,,,389583163.865,1,51732.5,7987249.813042084,0.0,0.0,0.0,0,0,0,False,0.0,100.0,7987249.813042084,0.0,100.0,estimated,49.68043812594597
2021-04-23,,342215551.656,,,342215551.656,1,51100.5,16316669.558631346,0.0,0.0,0.0,0,0,0,False,0.0,100.0,16316669.558631346,0.0,100.0,estimated,57.55564710779238
2021-04-24,,321313662.714,,,321313662.714,1,50055.5,0.0,0.0,0.0,0.0,0,0,0,False,0.0,0.0,0.0,0.0,0.0,none,73.01146805277224
2021-04-25,,306826729.15999997,,,306826729.15999997,1,49044.9,2071674.8065676107,0.0,0.0,0.0,0,0,0,False,0.0,100.0,2071674.8065676107,0.0,100.0,estimated,73.56496396928847
2021-04-26,,349647827.67399997,,,349647827.67399997,1,53999.0,0.0,0.0,0.0,0.0,0,0,0,False,0.0,0.0,0.0,0.0,0.0,none,73.60254248125815
2021-04-27,,318459549.42300004,,,318459549.42300004,1,55002.6,32876.21851848203,412769.68531634193,0.0,0.0,0,0,0,False,0.0,-85.24558702971163,32876.21851848203,412769.68531634193,-85.24558702971163,estimated,91.59781156302313
2021-04-28,,327204794.65,,,327204794.65,1,54861.77,0.0,1694652.632796642,0.0,0.0,0,0,0,False,0.0,-100.0,0.0,1694652.632796642,-100.0,estimated,92.85100443193959
2021-04-29,,299065308.36,,,299065308.36,1,53532.8,708924.6798231673,1209.8636091802002,0.0,0.0,0,0,0,False,0.0,99.65925791939864,708924.6798231673,1209.8636091802002,99.65925791939864,estimated,92.91009491259527
2021-04-30,,311322080.664,,,311322080.664,1,57678.0,0.0,3001855.108234366,0.0,0.0,0,0,0,False,0.0,-100.0,0.0,3001855.108234366,-100.0,estimated,86.05330111863637
2021-05-01,,315126940.239,,,315126940.239,1,57829.5,10600.135551776253,1958254.4626277986,0.0,0.0,0,0,0,False,0.0,-98.92321804143614,10600.135551776253,1958254.4626277986,-98.92321804143614,estimated,82.01981985655904
2021-05-02,,306877621.44299996,,,306877621.44299996,1,56599.5,196733.9857437301,0.0,0.0,0.0,0,0,0,False,0.0,100.0,196733.9857437301,0.0,100.0,estimated,57.838963848632275
2021-05-03,,329435486.694,,,329435486.694,1,57199.5,0.0,31853.478602958596,0.0,0.0,0,0,0,False,0.0,-100.0,0.0,31853.478602958596,-100.0,estimated,57.709574899430535
2021-05-04,,296576896.12,,,296576896.12,1,53252.0,4796268.130634597,0.0,0.0,0.0,0,0,0,False,0.0,100.0,4796268.130634597,0.0,100.0,estimated,63.792417554798156
2021-05-05,,311842012.49142516,,,311842012.49142516,1,57497.77,0.0,11587.150542168501,0.0,0.0,0,0,0,False,0.0,-100.0,0.0,11587.150542168501,-100.0,estimated,63.7440430051468
2021-05-06,,272381862.86800003,,,272381862.86800003,1,56363.0,643372.4630090388,66586.73572812937,0.0,0.0,0,0,0,False,0.0,81.24209508192308,643372.4630090388,66586.73572812937,81.24209508192308,estimated,55.070759596732735
2021-05-07,,298036569.7134262,,,298036569.7134262,1,57350.88,0.0,107564.96320822378,0.0,0.0,0,0,0,False,0.0,-100.0,0.0,107564.96320822378,-100.0,estimated,7.456229169480673
2021-05-08,,298480206.954,,,298480206.954,1,58893.0,5285.864163675619,5013201.220692908,0.0,0.0,0,0,0,False,0.0,-99.78934431535649,5285.864163675619,5013201.220692908,-99.78934431535649,estimated,-18.462551773450226
2021-05-09,,276773532.606,,,276773532.606,1,58259.2,116291.95854411299,42.52882678253542,0.0,0.0,0,0,0,False,0.0,99.92688526378777,116291.95854411299,42.52882678253542,99.92688526378777,estimated,-30.777488297406403
2021-05-10,,280841745.716,,,280841745.716,1,55810.5,4720820.568517803,132.57387421191152,0.0,0.0,0,0,0,False,0.0,99.99438359711638,4720820.568517803,132.57387421191152,99.99438359711638,estimated,-4.5409954891637385
2021-05-11,,330930204.756,,,330930204.756,1,56687.2,15173.708175044148,10409.071088137367,0.0,0.0,0,0,0,False,0.0,18.624391970437706,15173.708175044148,10409.071088137367,18.624391970437706,estimated,-2.9591258885385274
2021-05-12,,261856446.435,,,261856446.435,1,49600.0,25089417.573588036,216824.49942505086,0.0,0.0,0,0,0,False,0.0,98.28639512101819,25089417.573588036,216824.49942505086,98.28639512101819,estimated,55.39818474708687
2021-05-13,,293382997.78900003,,,293382997.78900003,1,49707.9,11042297.773780363,0.0,0.0,0.0,0,0,0,False,0.0,100.0,11042297.773780363,0.0,100.0,estimated,63.47948614549856
2021-05-14,,306460634.697,,,306460634.697,1,49850.5,113015.5845409442,787655.275839791,0.0,0.0,0,0,0,False,0.0,-74.90413212809621,113015.5845409442,787655.275839791,-74.90413212809621,estimated,70.14156176991898
2021-05-15,,288266331.6,,,288266331.6,1,46793.41,5799686.419146708,26350.309288222805,0.0,0.0,0,0,0,False,0.0,99.09542934531753,5799686.419146708,26350.309288222805,99.09542934531753,estimated,78.66979486441691
2021-05-16,,282915608.71999997,,,282915608.71999997,1,46429.28,16056012.926534971,0.0,0.0,0.0,0,0,0,False,0.0,100.0,16056012.926534971,0.0,100.0,estimated,83.20015979197484
2021-05-17,,264077931.76599997,,,264077931.76599997,1,43562.8,3907635.31633908,0.0,0.0,0.0,0,0,0,False,0.0,100.0,3907635.31633908,0.0,100.0,estimated,84.11024490931884
2021-05-18,,275282156.08500004,,,275282156.08500004,1,42882.53,0.0,0.0,0.0,0.0,0,0,0,False,0.0,0.0,0.0,0.0,0.0,none,83.07685938149268
2021-05-19,,257346456.27,,,257346456.27,1,36715.5,45187144.885495074,31276.580636654297,0.0,0.0,0,0,0,False,0.0,99.86166442957287,45187144.885495074,31276.580636654297,99.86166442957287,estimated,89.47504405531696
2021-05-20,,741428802.329,,,741428802.329,1,40500.5,0.0,0.0,0.0,0.0,0,0,0,False,0.0,0.0,0.0,0.0,0.0,none,89.524475291998
2021-05-21,,615006043.3196278,,,615006043.3196278,1,37227.5,120518349.18654625,10515756.071100751,0.0,0.0,0,0,0,False,0.0,83.94958923033961,120518349.18654625,10515756.071100751,83.94958923033961,estimated,86.67458930490555
2021-05-22,,410357364.486,,,410357364.486,1,37437.0,0.0,0.0,0.0,0.0,0,0,0,False,0.0,0.0,0.0,0.0,0.0,none,90.5072757258161
2021-05-23,,220768687.36,,,220768687.36,1,34658.0,41645040.334883384,0.0,0.0,0.0,0,0,0,False,0.0,100.0,41645040.334883384,0.0,100.0,estimated,91.88722854656591
2021-05-24,,196066219.68,,,196066219.68,1,38802.2,0.0,0.0,0.0,0.0,0,0,0,False,0.0,0.0,0.0,0.0,0.0,none,91.75100552383911
2021-05-25,,186044631.736,,,186044631.736,1,38326.84,0.0,0.0,0.0,0.0,0,0,0,False,0.0,0.0,0.0,0.0,0.0,none,91.75766461676915
2021-05-26,,191803914.291,,,191803914.291,1,39237.0,0.0,0.0,0.0,0.0,0,0,0,False,0.0,0.0,0.0,0.0,0.0,none,91.11134966175032
2021-05-27,,180311967.99,,,180311967.99,1,38527.38,400702.74573630776,50830.38063689072,0.0,0.0,0,0,0,False,0.0,77.48542568950802,400702.74573630776,50830.38063689072,77.48542568950802,estimated,90.68568890658703
2021-05-28,,183632080.5,,,183632080.5,1,35670.99,880479.8941897514,0.0,0.0,0.0,0,0,0,False,0.0,100.0,880479.8941897514,0.0,100.0,estimated,91.32785469789789
2021-05-29,,190666956.568,,,190666956.568,1,34611.94,203536.76030315462,189870.499928354,0.0,0.0,0,0,0,False,0.0,3.473820073060784,203536.76030315462,189870.499928354,3.473820073060784,estimated,90.99471178258139
2021-05-30,,205858005.794,,,205858005.794,1,35652.6,397759.72788503545,379626.3775027109,0.0,0.0,0,0,0,False,0.0,2.3326054140471095,397759.72788503545,379626.3775027109,2.3326054140471095,estimated,90.04283442978173
2021-05-31,,229744868.258,,,229744868.258,1,37243.38,522973.53552816424,1060276.022223165,0.0,0.0,0,0,0,False,0.0,-33.93668951710463,522973.53552816424,1060276.022223165,-33.93668951710463,estimated,88.98329906807085
2021-06-01,,273854232.288,,,273854232.288,1,36689.0,835378.9658016172,851948.555577199,0.0,0.0,0,0,0,False,0.0,-0.9820019863151243,835378.9658016172,851948.555577199,-0.9820019863151243,estimated,88.30461939114997
2021-06-02,,265677740.02,,,265677740.02,1,37560.5,153965.7326074027,1834957.943668991,0.0,0.0,0,0,0,False,0.0,-84.51768316261861,153965.7326074027,1834957.943668991,-84.51768316261861,estimated,83.50349587068712
2021-06-03,,287436233.8365,,,287436233.8365,1,39247.4,0.0,5263325.615013049,0.0,0.0,0,0,0,False,0.0,-100.0,0.0,5263325.615013049,-100.0,estimated,78.30255996130082
2021-06-04,,264485891.2485,,,264485891.2485,1,36830.6,3250579.3934125276,0.0,0.0,0.0,0,0,0,False,0.0,100.0,3250579.3934125276,0.0,100.0,estimated,66.74507203703345
2021-06-05,,260001644.8225,,,260001644.8225,1,35507.5,6213047.21489984,0.0,0.0,0.0,0,0,0,False,0.0,100.0,6213047.21489984,0.0,100.0,estimated,69.96666233316412
2021-06-06,,236541753.72700003,,,236541753.72700003,1,35801.0,0.0,0.0,0.0,0.0,0,0,0,False,0.0,0.0,0.0,0.0,0.0,none,14.351689059395456
2021-06-07,,238886738.026,,,238886738.026,1,33563.7,4975804.101924813,0.0,0.0,0.0,0,0,0,False,0.0,100.0,4975804.101924813,0.0,100.0,estimated,29.868464304271342
2021-06-08,,264428759.16,,,264428759.16,1,33363.9,9161907.53148545,1583.2659562870454,0.0,0.0,0,0,0,False,0.0,99.96544404329563,9161907.53148545,1583.2659562870454,99.96544404329563,estimated,47.40486566296207
2021-06-09,,313416627.102,,,313416627.102,1,37379.9,191099.03871481385,7046605.689273637,0.0,0.0,0,0,0,False,0.0,-94.71934692290424,191099.03871481385,7046605.689273637,-94.71934692290424,estimated,23.955109312058127
2021-06-10,,350415764.317,,,350415764.317,1,36689.5,1088090.4051012956,646990.167405077,0.0,0.0,0,0,0,False,0.0,25.422464217845338,1088090.4051012956,646990.167405077,25.422464217845338,estimated,23.476154166388667
2021-06-11,,299256043.854,,,299256043.854,1,37300.42,128490.4827783636,354170.2807259912,0.0,0.0,0,0,0,False,0.0,-46.7574360735439,128490.4827783636,354170.2807259912,-46.7574360735439,estimated,21.213088053256183
2021-06-12,,304723538.525,,,304723538.525,1,35537.05,4511633.4890108425,0.0,0.0,0.0,0,0,0,False,0.0,100.0,4511633.4890108425,0.0,100.0,estimated,28.629393426643013
2021-06-13,,313920968.218,,,313920968.218,1,39026.0,18279.046175424064,6255037.3914957885,0.0,0.0,0,0,0,False,0.0,-99.41724456730228,18279.046175424064,6255037.3914957885,-99.41724456730228,estimated,14.230095157703564
2021-06-14,,372413783.9195,,,372413783.9195,1,40494.5,1611.9157798127258,18100573.502305195,0.0,0.0,0,0,0,False,0.0,-99.98219092620492,1611.9157798127258,18100573.502305195,-99.98219092620492,estimated,-13.860893055740798
2021-06-15,,344843462.9955,,,344843462.9955,1,40140.5,219790.86826077255,227531.39770480897,0.0,0.0,0,0,0,False,0.0,-1.7304145205756436,219790.86826077255,227531.39770480897,-1.7304145205756436,estimated,-14.095004000755882
2021-06-16,,344300937.365,,,344300937.365,1,38346.9,3631032.8471103236,0.0,0.0,0.0,0,0,0,False,0.0,100.0,3631032.8471103236,0.0,100.0,estimated,-6.318738860110551
2021-06-17,,379119057.25500005,,,379119057.25500005,1,38069.7,3506154.0478151985,0.0,0.0,0.0,0,0,0,False,0.0,100.0,3506154.0478151985,0.0,100.0,estimated,6.134083053025834
2021-06-18,,367098446.878,,,367098446.878,1,35811.41,11436380.438425379,0.0,0.0,0.0,0,0,0,False,0.0,100.0,11436380.438425379,0.0,100.0,estimated,16.020973380300397
2021-06-19,,361954183.496,,,361954183.496,1,35500.0,0.0,0.0,0.0,0.0,0,0,0,False,0.0,0.0,0.0,0.0,0.0,none,8.723833880481882
2021-06-20,,359422905.18149996,,,359422905.18149996,1,35608.5,7297723.623280828,0.0,0.0,0.0,0,0,0,False,0.0,100.0,7297723.623280828,0.0,100.0,estimated,17.176931541418977
2021-06-21,,323625534.3035,,,323625534.3035,1,31613.5,12817800.432381481,0.0,0.0,0.0,0,0,0,False,0.0,100.0,12817800.432381481,0.0,100.0,estimated,24.673233066861584
2021-06-22,,304952998.56,,,304952998.56,1,32496.0,15768536.747559417,0.0,0.0,0.0,0,0,0,False,0.0,100.0,15768536.747559417,0.0,100.0,estimated,30.012284947246982
2021-06-23,,362695579.47,,,362695579.47,1,33649.0,0.0,0.0,0.0,0.0,0,0,0,False,0.0,0.0,0.0,0.0,0.0,none,40.50841954407407
2021-06-24,,330153553.051,,,330153553.051,1,34656.5,1684202.9374348344,3407762.0931279953,0.0,0.0,0,0,0,False,0.0,-33.84860550589152,1684202.9374348344,3407762.0931279953,-33.84860550589152,estimated,36.564579413359354
2021-06-25,,327681217.08000004,,,327681217.08000004,1,31579.6,4270798.551826771,0.0,0.0,0.0,0,0,0,False,0.0,100.0,4270798.551826771,0.0,100.0,estimated,39.904568391135484
2021-06-26,,323040500.2925,,,323040500.2925,1,32255.56,4547310.183056586,0.0,0.0,0.0,0,0,0,False,0.0,100.0,4547310.183056586,0.0,100.0,estimated,39.92757508954719
2021-06-27,,347951126.71800005,,,347951126.71800005,1,34690.5,0.0,0.0,0.0,0.0,0,0,0,False,0.0,0.0,0.0,0.0,0.0,none,49.98489459877531
2021-06-28,,344441673.963,,,344441673.963,1,34487.22,58115.38830897865,98533.99064922977,0.0,0.0,0,0,0,False,0.0,-25.801955047031605,58115.38830897865,98533.99064922977,-25.801955047031605,estimated,89.17286680323697
2021-06-29,,342999261.856,,,342999261.856,1,35918.5,0.0,4233952.025226212,0.0,0.0,0,0,0,False,0.0,-100.0,0.0,4233952.025226212,-100.0,estimated,78.72339579874861
2021-06-30,,391002968.878,,,391002968.878,1,35031.39,0.0,0.0,0.0,0.0,0,0,0,False,0.0,0.0,0.0,0.0,0.0,none,77.60580431543632
2021-07-01,,348771022.1596651,,,348771022.1596651,1,33490.0,6815583.011063265,0.0,0.0,0.0,0,0,0,False,0.0,100.0,6815583.011063265,0.0,100.0,estimated,78.62893210008359
2021-07-02,,394047742.473,,,394047742.473,1,33760.94,0.0,0.0,0.0,0.0,0,0,0,False,0.0,0.0,0.0,0.0,0.0,none,74.62227005388496
2021-07-03,,431525635.289,,,431525635.289,1,34652.94,34648.58989571574,438167.4856226643,0.0,0.0,0,0,0,False,0.0,-85.34373440762216,34648.58989571574,438167.4856226643,-85.34373440762216,estimated,73.39190335186593
2021-07-04,,449003051.708,,,449003051.708,1,35280.16,7042.489818521077,5362943.693681218,0.0,0.0,0,0,0,False,0.0,-99.73770920155586,7042.489818521077,5362943.693681218,-99.73770920155586,estimated,54.51752837455904
2021-07-05,,451140005.589,,,451140005.589,1,33679.0,2098419.0923236473,0.0,0.0,0.0,0,0,0,False,0.0,100.0,2098419.0923236473,0.0,100.0,estimated,44.532196889606176
2021-07-06,,414814775.4,,,414814775.4,1,34206.01,0.0,58022.86535378487,0.0,0.0,0,0,0,False,0.0,-100.0,0.0,58022.86535378487,-100.0,estimated,17.866973658034134
2021-07-07,,377789181.536,,,377789181.536,1,33851.0,0.0,0.0,0.0,0.0,0,0,0,False,0.0,0.0,0.0,0.0,0.0,none,17.866973658034134
2021-07-08,,415107727.388,,,415107727.388,1,32854.0,6431583.217524257,0.0,0.0,0.0,0,0,0,False,0.0,100.0,6431583.217524257,0.0,100.0,estimated,40.84118768017299
2021-07-09,,447132123.16,,,447132123.16,1,33815.5,127594.34516064556,989508.290086398,0.0,0.0,0,0,0,False,0.0,-77.15620013152534,127594.34516064556,989508.290086398,-77.15620013152534,estimated,28.558342188610215
2021-07-10,,437778704.913,,,437778704.913,1,33500.5,279518.1015345395,26495.19345584268,0.0,0.0,0,0,0,False,0.0,82.68363245023363,279518.1015345395,26495.19345584268,82.68363245023363,estimated,17.165036061056192
2021-07-11,,457859209.6,,,457859209.6,1,34253.81,0.0,1081350.2003105814,0.0,0.0,0,0,0,False,0.0,-100.0,0.0,1081350.2003105814,-100.0,estimated,12.662911641578564
2021-07-12,,468794788.275,,,468794788.275,1,33081.3,684002.8210300523,287318.07305471174,0.0,0.0,0,0,0,False,0.0,40.83972149586264,684002.8210300523,287318.07305471174,40.83972149586264,estimated,13.81618036690418
2021-07-13,,490743328.96,,,490743328.96,1,32720.0,1994844.8592217427,2369.9618104326146,0.0,0.0,0,0,0,False,0.0,99.76267332031836,1994844.8592217427,2369.9618104326146,99.76267332031836,estimated,38.27576988907605
2021-07-14,,466713627.2,,,466713627.2,1,32803.01,9942436.045096671,13550.452100489978,0.0,0.0,0,0,0,False,0.0,99.72779287910237,9942436.045096671,13550.452100489978,99.72779287910237,estimated,54.95767468984709
2021-07-15,,430592131.431,,,430592131.431,1,31866.43,5985208.485355641,0.0,0.0,0.0,0,0,0,False,0.0,100.0,5985208.485355641,0.0,100.0,estimated,53.91423838911119
2021-07-16,,465396788.24,,,465396788.24,1,31382.95,308169.25009355444,0.0,0.0,0.0,0,0,0,False,0.0,100.0,308169.25009355444,0.0,100.0,estimated,54.30707269268924
2021-07-17,,455461145.586,,,455461145.586,1,31509.0,6166.3644103453635,97177.87909366525,0.0,0.0,0,0,0,False,0.0,-88.06636112226984,6166.3644103453635,97177.87909366525,-88.06636112226984,estimated,55.74112340998531
2021-07-18,,434010462.536,,,434010462.536,1,31760.6,20287.225874834494,226468.23127248307,0.0,0.0,0,0,0,False,0.0,-83.55681685068255,20287.225874834494,226468.23127248307,-83.55681685068255,estimated,81.85116376187386
2021-07-19,,438519048.285,,,438519048.285,1,30823.62,8939884.578675833,0.0,0.0,0.0,0,0,0,False,0.0,100.0,8939884.578675833,0.0,100.0,estimated,85.16204800700761
2021-07-20,,502045332.285,,,502045332.285,1,29765.0,8564445.880994013,793.7324619470259,0.0,0.0,0,0,0,False,0.0,99.98146619364388,8564445.880994013,793.7324619470259,99.98146619364388,estimated,88.15439693960579
2021-07-21,,522844688.62,,,522844688.62,1,32119.1,48036.807775450085,13500745.784853268,0.0,0.0,0,0,0,False,0.0,-99.29090591797399,48036.807775450085,13500745.784853268,-99.29090591797399,estimated,45.5126436572267
2021-07-22,,519635990.804,,,519635990.804,1,32283.5,11435.315311805465,17645.758816356152,0.0,0.0,0,0,0,False,0.0,-21.355619387306604,11435.315311805465,17645.758816356152,-21.355619387306604,estimated,38.88332261076053
2021-07-23,,524486390.4,,,524486390.4,1,33634.46,0.0,3015607.4201606377,0.0,0.0,0,0,0,False,0.0,-100.0,0.0,3015607.4201606377,-100.0,estimated,33.63048467070469
2021-07-24,,582557026.4636579,,,582557026.4636579,1,34230.0,551.3382406627433,5176262.478616533,0.0,0.0,0,0,0,False,0.0,-99.9786997075743,551.3382406627433,5176262.478616533,-99.9786997075743,estimated,21.83768317135938
2021-07-25,,629473150.4486465,,,629473150.4486465,1,35370.66,28418.280280589745,7606628.1153426105,0.0,0.0,0,0,0,False,0.0,-99.25558329817405,28418.280280589745,7606628.1153426105,-99.25558329817405,estimated,9.911962230329888
2021-07-26,,683351614.0,,,683351614.0,1,37235.0,0.0,90558636.73766133,0.0,0.0,0,0,0,False,0.0,-100.0,0.0,90558636.73766133,-100.0,estimated,-54.05797926680981
2021-07-27,,476757868.334,,,476757868.334,1,39442.33,206623.5773952897,2490807.17246747,0.0,0.0,0,0,0,False,0.0,-84.67997168002906,206623.5773952897,2490807.17246747,-84.67997168002906,estimated,-56.54457472519378
2021-07-28,,518192657.82,,,518192657.82,1,40003.08,0.0,4061849.14411157,0.0,0.0,0,0,0,False,0.0,-100.0,0.0,4061849.14411157,-100.0,estimated,-68.0268689290066
2021-07-29,,531933555.769,,,531933555.769,1,40012.9,151127.83462956225,109433.01716827504,0.0,0.0,0,0,0,False,0.0,16.001950090966538,151127.83462956225,109433.01716827504,16.001950090966538,estimated,-74.80468626182545
2021-07-30,,557645997.367,,,557645997.367,1,42205.4,1685219.0731020614,24292936.208183844,0.0,0.0,0,0,0,False,0.0,-87.02587574171552,1685219.0731020614,24292936.208183844,-87.02587574171552,estimated,-76.97866764830304
2021-07-31,,514385902.87,,,514385902.87,1,41448.11,334392.4671440284,549014.1932594872,0.0,0.0,0,0,0,False,0.0,-24.29478242980708,334392.4671440284,549014.1932594872,-24.29478242980708,estimated,-76.70076608351489
2021-08-01,,474934895.996,,,474934895.996,1,39840.7,2861445.368347639,2292897.978091487,0.0,0.0,0,0,0,False,0.0,11.030452417356566,2861445.368347639,2292897.978091487,11.030452417356566,estimated,-74.12922983123556
2021-08-02,,496793181.465,,,496793181.465,1,39157.5,0.0,0.0,0.0,0.0,0,0,0,False,0.0,0.0,0.0,0.0,0.0,none,-83.41933007138942
2021-08-03,,497187724.165,,,497187724.165,1,38208.1,4574547.917009034,61262.86551451362,0.0,0.0,0,0,0,False,0.0,97.35697299184567,4574547.917009034,61262.86551451362,97.35697299184567,estimated,-87.89774043490614
2021-08-04,,517918079.712,,,517918079.712,1,39731.31,3386578.058842949,21121.270906408394,0.0,0.0,0,0,0,False,0.0,98.76037943124743,3386578.058842949,21121.270906408394,98.76037943124743,estimated,-82.74811896365881
2021-08-05,,565647724.719,,,565647724.719,1,40876.2,1473964.706436099,1577943.3764951655,0.0,0.0,0,0,0,False,0.0,-3.40700529745962,1473964.706436099,1577943.3764951655,-3.40700529745962,estimated,-81.21246460151477
2021-08-06,,506892497.0895,,,506892497.0895,1,42825.43,603223.2744897834,11947954.937286898,0.0,0.0,0,0,0,False,0.0,-90.38778249640687,603223.2744897834,11947954.937286898,-90.38778249640687,estimated,-81.56479352951655
2021-08-07,,598022182.326,,,598022182.326,1,44591.3,0.0,19257641.995819405,0.0,0.0,0,0,0,False,0.0,-100.0,0.0,19257641.995819405,-100.0,estimated,-83.00646318464534
2021-08-08,,550450951.512,,,550450951.512,1,43806.0,1110761.0338399028,3473076.768621634,0.0,0.0,0,0,0,False,0.0,-51.535761878685136,1110761.0338399028,3473076.768621634,-51.535761878685136,estimated,-81.49124040187272
2021-08-09,,589304068.548,,,589304068.548,1,46259.7,1743103.0384446261,9225923.691249644,0.0,0.0,0,0,0,False,0.0,-68.2177264875129,1743103.0384446261,9225923.691249644,-68.2177264875129,estimated,-62.80550513920716
2021-08-10,,610993338.5745001,,,610993338.5745001,1,45580.5,505504.0378546455,3258896.30885028,0.0,0.0,0,0,0,False,0.0,-73.14291832444836,505504.0378546455,3258896.30885028,-73.14291832444836,estimated,-62.601662465814755
2021-08-11,,591619343.2,,,591619343.2,1,45520.0,3843.588052640686,205821.183061183,0.0,0.0,0,0,0,False,0.0,-96.33358715226977,3843.588052640686,205821.183061183,-96.33358715226977,estimated,-61.07238755286403
2021-08-12,,564620657.38,,,564620657.38,1,44406.5,2859240.7833673786,0.0,0.0,0.0,0,0,0,False,0.0,100.0,2859240.7833673786,0.0,100.0,estimated,-56.54583459007525
2021-08-13,,643539805.47,,,643539805.47,1,47792.52,0.0,15710127.108678482,0.0,0.0,0,0,0,False,0.0,-100.0,0.0,15710127.108678482,-100.0,estimated,-55.29184872819313
2021-08-14,,624450900.04,,,624450900.04,1,47080.3,2833428.268114278,684714.9643342331,0.0,0.0,0,0,0,False,0.0,61.07520819397144,2833428.268114278,684714.9643342331,61.07520819397144,estimated,-51.03178312296944
2021-08-15,,577143946.638,,,577143946.638,1,46998.0,2835000.58747987,0.0,0.0,0.0,0,0,0,False,0.0,100.0,2835000.58747987,0.0,100.0,estimated,-49.792165932818364
2021-08-16,,585092282.727,,,585092282.727,1,45926.23,0.0,726683.8849041316,0.0,0.0,0,0,0,False,0.0,-100.0,0.0,726683.8849041316,-100.0,estimated,-50.206392468686055
2021-08-17,,604177950.728,,,604177950.728,1,44704.84,4483916.322341486,76468.44067340306,0.0,0.0,0,0,0,False,0.0,96.64640399233113,4483916.322341486,76468.44067340306,96.64640399233113,estimated,-50.36968541232566
2021-08-18,,634366048.68,,,634366048.68,1,44730.0,174037.17717702355,183257.79308752276,0.0,0.0,0,0,0,False,0.0,-2.5806733029776865,174037.17717702355,183257.79308752276,-2.5806733029776865,estimated,-56.15060880093022
2021-08-19,,625212169.528,,,625212169.528,1,46772.0,175916.28280682027,2049731.3279985327,0.0,0.0,0,0,0,False,0.0,-84.19190154337461,175916.28280682027,2049731.3279985327,-84.19190154337461,estimated,-58.80582396963116
2021-08-20,,645287490.109,,,645287490.109,1,49307.0,0.0,20957547.696010754,0.0,0.0,0,0,0,False,0.0,-100.0,0.0,20957547.696010754,-100.0,estimated,-63.85191381975394
2021-08-21,,670567914.5024999,,,670567914.5024999,1,48827.1,76747.4460080779,732226.1629471319,0.0,0.0,0,0,0,False,0.0,-81.02597040039481,76747.4460080779,732226.1629471319,-81.02597040039481,estimated,-54.64324032753052
2021-08-22,,709740620.8759999,,,709740620.8759999,1,49264.5,271768.44389787025,15555.793453101476,0.0,0.0,0,0,0,False,0.0,89.17195876232343,271768.44389787025,15555.793453101476,89.17195876232343,estimated,-54.255253157469674
2021-08-23,,685168962.095,,,685168962.095,1,49523.91,0.0,6657798.190146955,0.0,0.0,0,0,0,False,0.0,-100.0,0.0,6657798.190146955,-100.0,estimated,-56.567541461920854
2021-08-24,,672837259.3460001,,,672837259.3460001,1,47719.36,665189.4723963004,0.0,0.0,0.0,0,0,0,False,0.0,100.0,665189.4723963004,0.0,100.0,estimated,-53.897678545520314
2021-08-25,,770285339.1175,,,770285339.1175,1,48992.65,1185801.3936636138,0.0,0.0,0.0,0,0,0,False,0.0,100.0,1185801.3936636138,0.0,100.0,estimated,-50.876781680941804
2021-08-26,,725463819.7639999,,,725463819.7639999,1,46853.06,11270706.643253084,9342.772221503123,0.0,0.0,0,0,0,False,0.0,99.83434873594283,11270706.643253084,9342.772221503123,99.83434873594283,estimated,-33.20184090639044
2021-08-27,,776843073.156,,,776843073.156,1,49083.98,0.0,0.0,0.0,0.0,0,0,0,False,0.0,0.0,0.0,0.0,0.0,none,-14.484426032625416
2021-08-28,,738950230.9665,,,738950230.9665,1,48890.5,44486.410434833764,0.0,0.0,0.0,0,0,0,False,0.0,100.0,44486.410434833764,0.0,100.0,estimated,-19.442132739705595
2021-08-29,,701638269.2049999,,,701638269.2049999,1,48767.2,600087.0660236792,179041.2906115627,0.0,0.0,0,0,0,False,0.0,54.04061754733874,600087.0660236792,179041.2906115627,54.04061754733874,estimated,-25.0097339745155
2021-08-30,,677577995.452,,,677577995.452,1,47024.7,1039411.5644989157,0.0,0.0,0.0,0,0,0,False,0.0,100.0,1039411.5644989157,0.0,100.0,estimated,-21.38270798949927
2021-08-31,,736235360.42,,,736235360.42,1,47150.32,1637455.6930265748,0.0,0.0,0.0,0,0,0,False,0.0,100.0,1637455.6930265748,0.0,100.0,estimated,-28.46651611454355
2021-09-01,,713913092.079,,,713913092.079,1,48842.94,55955.339641728875,1082989.8291502506,0.0,0.0,0,0,0,False,0.0,-90.17418201069717,55955.339641728875,1082989.8291502506,-90.17418201069717,estimated,-30.099326396050124
2021-09-02,,720358118.298,,,720358118.298,1,49299.14,0.0,3577482.51936125,0.0,0.0,0,0,0,False,0.0,-100.0,0.0,3577482.51936125,-100.0,estimated,-32.68978743691686
2021-09-03,,811571707.089,,,811571707.089,1,50027.08,23378.19459149527,6598723.383954504,0.0,0.0,0,0,0,False,0.0,-99.2939342801012,23378.19459149527,6598723.383954504,-99.2939342801012,estimated,-5.548550230195078
2021-09-04,,766984650.8445,,,766984650.8445,1,49940.5,86565.62346454486,40966.646977069526,0.0,0.0,0,0,0,False,0.0,35.75485352027118,86565.62346454486,40966.646977069526,35.75485352027118,estimated,-3.6558094888127246
2021-09-05,,773173749.359,,,773173749.359,1,51799.57,0.0,10072603.67947154,0.0,0.0,0,0,0,False,0.0,-100.0,0.0,10072603.67947154,-100.0,estimated,-25.898801220420776
2021-09-06,,977103901.107,,,977103901.107,1,52659.8,5970.618447425041,11256642.090246314,0.0,0.0,0,0,0,False,0.0,-99.8939745403335,5970.618447425041,11256642.090246314,-99.8939745403335,estimated,-32.77739500229207
2021-09-07,,887642998.872,,,887642998.872,1,46851.0,122613132.78922746,1725663.0874265363,0.0,0.0,0,0,0,False,0.0,97.22425639518268,122613132.78922746,1725663.0874265363,97.22425639518268,estimated,60.08991698138827
2021-09-08,,528599480.8599999,,,528599480.8599999,1,46074.6,0.0,0.0,0.0,0.0,0,0,0,False,0.0,0.0,0.0,0.0,0.0,none,59.81464205434811
2021-09-09,,571821668.5545,,,571821668.5545,1,46393.0,0.0,0.0,0.0,0.0,0,0,0,False,0.0,0.0,0.0,0.0,0.0,none,57.00449074082431
2021-09-10,,562214918.793,,,562214918.793,1,44860.83,2938355.783165158,25760.32753614237,0.0,0.0,0,0,0,False,0.0,98.26185435562795,2938355.783165158,25760.32753614237,98.26185435562795,estimated,57.751973161268886
2021-09-11,,669982010.3909999,,,669982010.3909999,1,45189.0,0.0,0.0,0.0,0.0,0,0,0,False,0.0,0.0,0.0,0.0,0.0,none,57.74048220424927
2021-09-12,,668143935.225,,,668143935.225,1,46027.5,86535.064844996,980765.8994573074,0.0,0.0,0,0,0,False,0.0,-83.78431806223202,86535.064844996,980765.8994573074,-83.78431806223202,estimated,56.83618943003924
2021-09-13,,594496922.985,,,594496922.985,1,44960.2,5914663.359785657,1667528.775097846,0.0,0.0,0,0,0,False,0.0,56.01459985625999,5914663.359785657,1667528.775097846,56.01459985625999,estimated,56.53632398945921
2021-09-14,,636072985.1209999,,,636072985.1209999,1,47089.0,0.0,76220.89557692636,0.0,0.0,0,0,0,False,0.0,-100.0,0.0,76220.89557692636,-100.0,estimated,56.044105605127925
2021-09-15,,756399628.4,,,756399628.4,1,48106.12,7998.957701936505,7642527.40800651,0.0,0.0,0,0,0,False,0.0,-99.79089131075243,7998.957701936505,7642527.40800651,-99.79089131075243,estimated,50.19446232347327
2021-09-16,,838232063.988,,,838232063.988,1,47752.9,313814.40910738154,22440.70083475712,0.0,0.0,0,0,0,False,0.0,86.65257408958416,313814.40910738154,22440.70083475712,86.65257408958416,estimated,53.38781773855642
2021-09-17,,759162782.876,,,759162782.876,1,47300.0,924077.3667635802,17117.53617064446,0.0,0.0,0,0,0,False,0.0,96.36259480001866,924077.3667635802,17117.53617064446,96.36259480001866,estimated,59.706324004458736
2021-09-18,,782664115.8000001,,,782664115.8000001,1,48294.5,0.0,1718007.3081997642,0.0,0.0,0,0,0,False,0.0,-100.0,0.0,1718007.3081997642,-100.0,estimated,58.09140627755176
2021-09-19,,778955315.1834999,,,778955315.1834999,1,47256.91,216083.04130088023,0.0,0.0,0.0,0,0,0,False,0.0,100.0,216083.04130088023,0.0,100.0,estimated,68.2173269006495
2021-09-20,,707439297.9285694,,,707439297.9285694,1,43026.6,41314765.395896986,0.0,0.0,0.0,0,0,0,False,0.0,100.0,41314765.395896986,0.0,100.0,estimated,85.25437882839313
2021-09-21,,645185995.4255,,,645185995.4255,1,40726.1,27280815.604356762,0.0,0.0,0.0,0,0,0,False,0.0,100.0,27280815.604356762,0.0,100.0,estimated,73.33910023701443
2021-09-22,,573752049.0350001,,,573752049.0350001,1,43529.0,0.0,0.0,0.0,0.0,0,0,0,False,0.0,0.0,0.0,0.0,0.0,none,73.33910023701443
2021-09-23,,643953439.8,,,643953439.8,1,44828.29,0.0,0.0,0.0,0.0,0,0,0,False,0.0,0.0,0.0,0.0,0.0,none,73.33910023701443
2021-09-24,,667265079.4875001,,,667265079.4875001,1,42802.5,8512887.85597283,10108.749683904263,0.0,0.0,0,0,0,False,0.0,99.76278883703428,8512887.85597283,10108.749683904263,99.76278883703428,estimated,74.90399290649536
2021-09-25,,624137983.783,,,624137983.783,1,42651.58,186901.4121085235,0.0,0.0,0.0,0,0,0,False,0.0,100.0,186901.4121085235,0.0,100.0,estimated,74.95240163148414
2021-09-26,,629303227.029,,,629303227.029,1,43168.5,788032.7260614,289108.12200076354,0.0,0.0,0,0,0,False,0.0,46.319346718512215,788032.7260614,289108.12200076354,46.319346718512215,estimated,76.38246962192538
2021-09-27,,624462300.04,,,624462300.04,1,42145.6,63901.126502163504,539428.7717675471,0.0,0.0,0,0,0,False,0.0,-78.8171855280418,63901.126502163504,539428.7717675471,-78.8171855280418,estimated,77.05855553106805
2021-09-28,,624280905.6750001,,,624280905.6750001,1,41006.5,285827.64713700267,0.0,0.0,0.0,0,0,0,False,0.0,100.0,285827.64713700267,0.0,100.0,estimated,77.28103423435691
2021-09-29,,618859336.8,,,618859336.8,1,41520.0,0.0,0.0,0.0,0.0,0,0,0,False,0.0,0.0,0.0,0.0,0.0,none,93.70488176584968
2021-09-30,,664665485.625,,,664665485.625,1,43796.57,0.0,0.0,0.0,0.0,0,0,0,False,0.0,0.0,0.0,0.0,0.0,none,93.73374919477686
2021-10-01,,789666778.7825,,,789666778.7825,1,48123.94,23719.529189778186,22700346.087800078,0.0,0.0,0,0,0,False,0.0,-99.79123868422522,23719.529189778186,22700346.087800078,-99.79123868422522,estimated,51.39610270393239
2021-10-02,,796650105.25,,,796650105.25,1,47648.7,69139.37858586536,0.0,0.0,0.0,0,0,0,False,0.0,100.0,69139.37858586536,0.0,100.0,estimated,53.971946561046146
2021-10-03,,772517555.793,,,772517555.793,1,48187.3,245442.706451144,9198862.037986435,0.0,0.0,0,0,0,False,0.0,-94.80231286277156,245442.706451144,9198862.037986435,-94.80231286277156,estimated,41.282283107487366
2021-10-04,,779654558.0649999,,,779654558.0649999,1,49198.22,730976.7158114592,4731610.8155184025,0.0,0.0,0,0,0,False,0.0,-73.23697930260886,730976.7158114592,4731610.8155184025,-73.23697930260886,estimated,0.9492566186953676
2021-10-05,,829469908.9315,,,829469908.9315,1,51470.5,0.0,35646328.19322513,0.0,0.0,0,0,0,False,0.0,-100.0,0.0,35646328.19322513,-100.0,estimated,-74.03835097185605
2021-10-06,,961149013.5625,,,961149013.5625,1,55321.6,115303.88945500247,76574871.48527545,0.0,0.0,0,0,0,False,0.0,-99.69929945031004,115303.88945500247,76574871.48527545,-99.69929945031004,estimated,-86.28344080142799
2021-10-07,,707657187.4399999,,,707657187.4399999,1,53814.99,4724713.825585712,0.0,0.0,0.0,0,0,0,False,0.0,100.0,4724713.825585712,0.0,100.0,estimated,-80.96339009160302
2021-10-08,,734311028.7360001,,,734311028.7360001,1,53964.0,0.0,231431.59138241658,0.0,0.0,0,0,0,False,0.0,-100.0,0.0,231431.59138241658,-100.0,estimated,-90.79332411917117
2021-10-09,,734984823.52,,,734984823.52,1,54960.77,0.0,182566.704323346,0.0,0.0,0,0,0,False,0.0,-100.0,0.0,182566.704323346,-100.0,estimated,-91.03094656589505
2021-10-10,,694216674.2925,,,694216674.2925,1,54700.0,2774.956128336608,1428387.4460895364,0.0,0.0,0,0,0,False,0.0,-99.61220947056233,2774.956128336608,1428387.4460895364,-99.61220947056233,estimated,-92.04828774078364
2021-10-11,,721076807.5875,,,721076807.5875,1,57487.5,0.0,34695169.53654067,0.0,0.0,0,0,0,False,0.0,-100.0,0.0,34695169.53654067,-100.0,estimated,-93.52995416040004
2021-10-12,,752901819.4100001,,,752901819.4100001,1,56006.0,3598423.269168164,3376.240803215876,0.0,0.0,0,0,0,False,0.0,99.81252477857979,3598423.269168164,3376.240803215876,99.81252477857979,estimated,-90.2408145744184
2021-10-13,,727812711.6475,,,727812711.6475,1,57369.5,372271.1798128972,308111.13752981636,0.0,0.0,0,0,0,False,0.0,9.429998494620332,372271.1798128972,308111.13752981636,9.429998494620332,estimated,-89.89408724065925
2021-10-14,,712339193.1044999,,,712339193.1044999,1,57355.5,0.0,6517455.895513133,0.0,0.0,0,0,0,False,0.0,-100.0,0.0,6517455.895513133,-100.0,estimated,-90.21998740239171
2021-10-15,,766163977.67,,,766163977.67,1,61702.33,0.0,43566878.92736852,0.0,0.0,0,0,0,False,0.0,-100.0,0.0,43566878.92736852,-100.0,estimated,-91.15558913568974
2021-10-16,,806941161.36,,,806941161.36,1,60912.0,711142.8697803102,28747.730024030912,0.0,0.0,0,0,0,False,0.0,92.22919441559792,711142.8697803102,28747.730024030912,92.22919441559792,estimated,-90.60791396827798
2021-10-17,,843860371.3679999,,,843860371.3679999,1,61544.0,3787149.7498499975,18978.844550543417,0.0,0.0,0,0,0,False,0.0,99.00272184295272,3787149.7498499975,18978.844550543417,99.00272184295272,estimated,-87.11535836295876
2021-10-18,,850677109.8315,,,850677109.8315,1,62033.5,543308.878951595,440503.719008542,0.0,0.0,0,0,0,False,0.0,10.449668987387636,543308.878951595,440503.719008542,10.449668987387636,estimated,-87.02086636566617
2021-10-19,,841212729.5895001,,,841212729.5895001,1,64264.5,5480.551597663225,18897303.794799656,0.0,0.0,0,0,0,False,0.0,-99.94201328759583,5480.551597663225,18897303.794799656,-99.94201328759583,estimated,-85.9107877272445
2021-10-20,,926229154.95,,,926229154.95,1,66055.0,0.0,28504610.50408696,0.0,0.0,0,0,0,False,0.0,-100.0,0.0,28504610.50408696,-100.0,estimated,-81.4964293297682
2021-10-21,,917481452.83,,,917481452.83,1,62246.0,12141106.683859896,42139.23938623124,0.0,0.0,0,0,0,False,0.0,99.3082428171982,12141106.683859896,42139.23938623124,99.3082428171982,estimated,-72.87441941107639
2021-10-22,,950040808.08,,,950040808.08,1,60734.27,74965.19263052194,0.0,0.0,0.0,0,0,0,False,0.0,100.0,74965.19263052194,0.0,100.0,estimated,-72.75100133734253
2021-10-23,,982547805.054,,,982547805.054,1,61325.11,9711846.021610687,69680.15372803574,0.0,0.0,0,0,0,False,0.0,98.57527031101313,9711846.021610687,69680.15372803574,98.57527031101313,estimated,-62.5932139747579
2021-10-24,,950441354.709,,,950441354.709,1,60901.5,465377.2328901956,0.0,0.0,0.0,0,0,0,False,0.0,100.0,465377.2328901956,0.0,100.0,estimated,-61.81118221178274
2021-10-25,,1014508241.676,,,1014508241.676,1,63108.0,0.0,1783290.2478870105,0.0,0.0,0,0,0,False,0.0,-100.0,0.0,1783290.2478870105,-100.0,estimated,-52.25996065559295
2021-10-26,,968418122.463,,,968418122.463,1,60310.5,5219108.490404032,0.0,0.0,0.0,0,0,0,False,0.0,100.0,5219108.490404032,0.0,100.0,estimated,-50.40628858630931
2021-10-27,,1014056168.6249152,,,1014056168.6249152,1,58449.36,16031185.7528991,0.0,0.0,0.0,0,0,0,False,0.0,100.0,16031185.7528991,0.0,100.0,estimated,-34.44993800242014
2021-10-28,,1020283674.5648934,,,1020283674.5648934,1,60622.03,4376081.379577358,3524527.732320971,0.0,0.0,0,0,0,False,0.0,10.778329052806148,4376081.379577358,3524527.732320971,10.778329052806148,estimated,-29.217627509519456
2021-10-29,,973069182.4,,,973069182.4,1,62300.0,6087.7556531046,108863.97185399027,0.0,0.0,0,0,0,False,0.0,-89.40815282183756,6087.7556531046,108863.97185399027,-89.40815282183756,estimated,-0.324725843647699
2021-10-30,,963555564.7005,,,963555564.7005,1,61894.5,0.0,0.0,0.0,0.0,0,0,0,False,0.0,0.0,0.0,0.0,0.0,none,-0.9722789608715804
2021-10-31,,984264449.322,,,984264449.322,1,61338.0,0.0,0.0,0.0,0.0,0,0,0,False,0.0,0.0,0.0,0.0,0.0,none,-4.70484029342346
2021-11-01,,1080984241.332,,,1080984241.332,1,60942.87,307703.8813895611,45497.53238569311,0.0,0.0,0,0,0,False,0.0,74.23706100188848,307703.8813895611,45497.53238569311,74.23706100188848,estimated,-4.576792004216867
2021-11-02,,1075339695.144,,,1075339695.144,1,63258.0,0.0,8158549.821033804,0.0,0.0,0,0,0,False,0.0,-100.0,0.0,8158549.821033804,-100.0,estimated,6.730994091645662
2021-11-03,,1094032308.8765,,,1094032308.8765,1,62946.45,86187.69834413765,0.0,0.0,0.0,0,0,0,False,0.0,100.0,86187.69834413765,0.0,100.0,estimated,55.80993443057621
2021-11-04,,1046535083.055,,,1046535083.055,1,61431.86,733862.0014047193,0.0,0.0,0.0,0,0,0,False,0.0,100.0,733862.0014047193,0.0,100.0,estimated,45.99743822749202
2021-11-05,,1095244361.55,,,1095244361.55,1,61006.0,0.0,0.0,0.0,0.0,0,0,0,False,0.0,0.0,0.0,0.0,0.0,none,45.917476062953426
2021-11-06,,1123975864.32,,,1123975864.32,1,61472.6,43673.03513838974,24430.905956110724,0.0,0.0,0,0,0,False,0.0,28.254061179189026,43673.03513838974,24430.905956110724,28.254061179189026,estimated,33.29902889764115
2021-11-07,,1177053354.1433675,,,1177053354.1433675,1,63280.0,0.0,1178445.338561245,0.0,0.0,0,0,0,False,0.0,-100.0,0.0,1178445.338561245,-100.0,estimated,28.77973869918651
2021-11-08,,1244207669.301,,,1244207669.301,1,67603.5,0.0,39806259.58791731,0.0,0.0,0,0,0,False,0.0,-100.0,0.0,39806259.58791731,-100.0,estimated,-32.69621204706316
2021-11-09,,1233136691.1495,,,1233136691.1495,1,66976.5,259594.86970154388,3607318.1571236467,0.0,0.0,0,0,0,False,0.0,-86.57353460495717,259594.86970154388,3607318.1571236467,-86.57353460495717,estimated,-44.202147670516936
2021-11-10,,1142553637.526,,,1142553637.526,1,64893.5,8769889.777437909,6693260.75120727,0.0,0.0,0,0,0,False,0.0,13.429533796387256,8769889.777437909,6693260.75120727,13.429533796387256,estimated,-62.47771398273161
2021-11-11,,1088306262.589,,,1088306262.589,1,64831.0,0.0,0.0,0.0,0.0,0,0,0,False,0.0,0.0,0.0,0.0,0.0,none,-70.76599220852448
2021-11-12,,1081851173.865,,,1081851173.865,1,64141.0,0.0,0.0,0.0,0.0,0,0,0,False,0.0,0.0,0.0,0.0,0.0,none,-70.73525336311712
2021-11-13,,1163172146.713,,,1163172146.713,1,64423.0,0.0,0.0,0.0,0.0,0,0,0,False,0.0,0.0,0.0,0.0,0.0,none,-70.73525336311712
2021-11-14,,1187934699.6678448,,,1187934699.6678448,1,65542.0,69997.11555968132,196562.41253058997,0.0,0.0,0,0,0,False,0.0,-47.481062814624615,69997.11555968132,196562.41253058997,-47.481062814624615,estimated,-70.64667781502907
2021-11-15,,1199019556.3875,,,1199019556.3875,1,63654.49,551318.0904130707,482526.5251216817,0.0,0.0,0,0,0,False,0.0,6.653955948284055,551318.0904130707,482526.5251216817,6.653955948284055,estimated,-70.23989973040999
2021-11-16,,1201034851.524,,,1201034851.524,1,60106.03,37594595.091240965,0.0,0.0,0.0,0,0,0,False,0.0,100.0,37594595.091240965,0.0,100.0,estimated,-3.8758906744076884
2021-11-17,,1127048955.9638965,,,1127048955.9638965,1,60366.96,27418.201132510243,1024.585327218038,0.0,0.0,0,0,0,False,0.0,92.79546447624789,27418.201132510243,1024.585327218038,92.79546447624789,estimated,-3.9378979742720146
2021-11-18,,1068068616.315,,,1068068616.315,1,56921.05,36077269.45632981,3337.0604694231374,0.0,0.0,0,0,0,False,0.0,99.9815021930528,36077269.45632981,3337.0604694231374,99.9815021930528,estimated,23.193222868068407
2021-11-19,,1157273398.1444192,,,1157273398.1444192,1,58071.1,7189189.132712277,0.0,0.0,0.0,0,0,0,False,0.0,100.0,7189189.132712277,0.0,100.0,estimated,27.06609081987288
2021-11-20,,1193817334.822,,,1193817334.822,1,59716.29,85659.95859605783,597305.8481573121,0.0,0.0,0,0,0,False,0.0,-74.91530095678976,85659.95859605783,597305.8481573121,-74.91530095678976,estimated,26.5791138267168
2021-11-21,,1159029173.3414135,,,1159029173.3414135,1,58630.3,135788.41296192465,4764.086685516108,0.0,0.0,0,0,0,False,0.0,93.2209150353551,135788.41296192465,4764.086685516108,93.2209150353551,estimated,27.694342841592125
2021-11-22,,1078434322.306,,,1078434322.306,1,56268.31,7793336.540574228,0.0,0.0,0.0,0,0,0,False,0.0,100.0,7793336.540574228,0.0,100.0,estimated,78.9611712209419
2021-11-23,,1129591042.8345,,,1129591042.8345,1,57574.23,8509245.859665936,0.0,0.0,0.0,0,0,0,False,0.0,100.0,8509245.859665936,0.0,100.0,estimated,86.09756358215135
2021-11-24,,1084220267.462428,,,1084220267.462428,1,57165.08,642229.028377607,0.0,0.0,0.0,0,0,0,False,0.0,100.0,642229.028377607,0.0,100.0,estimated,97.42797046574438
2021-11-25,,1126896126.8864107,,,1126896126.8864107,1,58968.3,0.0,429986.1949655165,0.0,0.0,0,0,0,False,0.0,-100.0,0.0,429986.1949655165,-100.0,estimated,96.58236843294912
2021-11-26,,1043049715.4805,,,1043049715.4805,1,53760.1,41194334.01641721,0.0,0.0,0.0,0,0,0,False,0.0,100.0,41194334.01641721,0.0,100.0,estimated,97.57672640666712
2021-11-27,,1125476267.2965,,,1125476267.2965,1,54738.77,0.0,0.0,0.0,0.0,0,0,0,False,0.0,0.0,0.0,0.0,0.0,none,97.57672640666712
2021-11-28,,1121721494.2670002,,,1121721494.2670002,1,57300.1,11374655.82732468,3071683.017361229,0.0,0.0,0,0,0,False,0.0,57.474581617042034,11374655.82732468,3071683.017361229,57.474581617042034,estimated,94.10572636646832
2021-11-29,,1131616945.55,,,1131616945.55,1,57803.9,0.0,2634281.9223962068,0.0,0.0,0,0,0,False,0.0,-100.0,0.0,2634281.9223962068,-100.0,estimated,91.43095935697849
2021-11-30,,1098946106.5154305,,,1098946106.5154305,1,56962.0,121740.8069689895,89812.61248078191,0.0,0.0,0,0,0,False,0.0,15.092261127827445,121740.8069689895,89812.61248078191,15.092261127827445,estimated,88.61140034007789
2021-12-01,,1051151489.85,,,1051151489.85,1,57209.29,0.0,0.0,0.0,0.0,0,0,0,False,0.0,0.0,0.0,0.0,0.0,none,88.61040824454231
2021-12-02,,1051654848.299,,,1051654848.299,1,56501.5,0.0,0.0,0.0,0.0,0,0,0,False,0.0,0.0,0.0,0.0,0.0,none,83.71883396011717
2021-12-03,,1002346371.7515,,,1002346371.7515,1,53612.0,40262860.14586149,1399.76347178785,0.0,0.0,0,0,0,False,0.0,99.99304711684783,40262860.14586149,1399.76347178785,99.99304711684783,estimated,88.3210142235057
2021-12-04,,892059196.0155,,,892059196.0155,1,49135.66,142017073.06806627,0.0,0.0,0.0,0,0,0,False,0.0,100.0,142017073.06806627,0.0,100.0,estimated,95.17434520929689
2021-12-05,,643951664.258,,,643951664.258,1,49376.6,0.0,0.0,0.0,0.0,0,0,0,False,0.0,0.0,0.0,0.0,0.0,none,95.17540880535799
2021-12-06,,626743291.854,,,626743291.854,1,50424.72,0.0,0.0,0.0,0.0,0,0,0,False,0.0,0.0,0.0,0.0,0.0,none,95.02521999911565
2021-12-07,,651690441.4514999,,,651690441.4514999,1,50580.5,0.0,0.0,0.0,0.0,0,0,0,False,0.0,0.0,0.0,0.0,0.0,none,94.85018023624605
2021-12-08,,652931557.8005,,,652931557.8005,1,50455.5,759427.5052607502,16607.874509829555,0.0,0.0,0,0,0,False,0.0,95.71981511597077,759427.5052607502,16607.874509829555,95.71981511597077,estimated,94.83930097730845
2021-12-09,,609869635.8495001,,,609869635.8495001,1,47541.5,2271051.7237848034,171.54381046135717,0.0,0.0,0,0,0,False,0.0,99.98489414819682,2271051.7237848034,171.54381046135717,99.98489414819682,estimated,95.23084768897533
2021-12-10,,632682159.261,,,632682159.261,1,47160.0,0.0,0.0,0.0,0.0,0,0,0,False,0.0,0.0,0.0,0.0,0.0,none,94.26124295725457
2021-12-11,,645263133.438,,,645263133.438,1,49381.15,17925.923045721265,1183920.283012831,0.0,0.0,0,0,0,False,0.0,-97.01693561865801,17925.923045721265,1183920.283012831,-97.01693561865801,estimated,93.13336538298583
2021-12-12,,656985799.1315,,,656985799.1315,1,50075.7,47698.73913407191,1125536.7077219721,0.0,0.0,0,0,0,False,0.0,-91.86885475342709,47698.73913407191,1125536.7077219721,-91.86885475342709,estimated,94.69772371075408
2021-12-13,,642503921.605,,,642503921.605,1,46679.93,6023244.005807816,0.0,0.0,0.0,0,0,0,False,0.0,100.0,6023244.005807816,0.0,100.0,estimated,97.50699407266076
2021-12-14,,671012034.0,,,671012034.0,1,48356.0,0.0,0.0,0.0,0.0,0,0,0,False,0.0,0.0,0.0,0.0,0.0,none,97.59699250350353
2021-12-15,,625048652.635,,,625048652.635,1,48867.5,832153.457671857,303317.03222220676,0.0,0.0,0,0,0,False,0.0,46.57421132089389,832153.457671857,303317.03222220676,46.57421132089389,estimated,97.29968083136825
2021-12-16,,614758220.499,,,614758220.499,1,47637.0,0.0,0.0,0.0,0.0,0,0,0,False,0.0,0.0,0.0,0.0,0.0,none,97.29968083136825
2021-12-17,,649339406.9499999,,,649339406.9499999,1,46150.0,3150238.3776905695,0.0,0.0,0.0,0,0,0,False,0.0,100.0,3150238.3776905695,0.0,100.0,estimated,96.666141775126
2021-12-18,,669597618.3840001,,,669597618.3840001,1,46836.0,26235.005256568118,338157.78696386935,0.0,0.0,0,0,0,False,0.0,-85.60070022422539,26235.005256568118,338157.78696386935,-85.60070022422539,estimated,63.12414103344558
2021-12-19,,681129486.315,,,681129486.315,1,46684.9,16446.803122439054,1705910.620431426,0.0,0.0,0,0,0,False,0.0,-98.09019859669974,16446.803122439054,1705910.620431426,-98.09019859669974,estimated,47.540571694414474
2021-12-20,,680499027.89,,,680499027.89,1,46898.14,372756.94542726304,31476.999748641785,0.0,0.0,0,0,0,False,0.0,84.42634512797069,372756.94542726304,31476.999748641785,84.42634512797069,estimated,48.35882736257844
2021-12-21,,732849064.1355,,,732849064.1355,1,48883.0,0.0,2955050.60807406,0.0,0.0,0,0,0,False,0.0,-100.0,0.0,2955050.60807406,-100.0,estimated,27.657072910968132
2021-12-22,,818904100.9095001,,,818904100.9095001,1,48594.8,43980.39837361428,535188.9673755693,0.0,0.0,0,0,0,False,0.0,-84.81259508029278,43980.39837361428,535188.9673755693,-84.81259508029278,estimated,22.0347904906472
2021-12-23,,840089940.658,,,840089940.658,1,50817.92,220464.16427997235,15441763.723877,0.0,0.0,0,0,0,False,0.0,-97.18476623052233,220464.16427997235,15441763.723877,-97.18476623052233,estimated,-37.441460029592996
2021-12-24,,816807047.98,,,816807047.98,1,50808.55,4065.565800442864,7955979.620596745,0.0,0.0,0,0,0,False,0.0,-99.89785068538578,4065.565800442864,7955979.620596745,-99.89785068538578,estimated,-49.18580062636126
2021-12-25,,805922581.344,,,805922581.344,1,50403.64,13288.630090818051,0.0,0.0,0.0,0,0,0,False,0.0,100.0,13288.630090818051,0.0,100.0,estimated,-47.74039778021389
2021-12-26,,812360644.341,,,812360644.341,1,50765.73,240818.49120270007,0.0,0.0,0.0,0,0,0,False,0.0,100.0,240818.49120270007,0.0,100.0,estimated,-45.56803959519482
2021-12-27,,819658656.4725,,,819658656.4725,1,50707.72,1178.1953538572232,177804.4234436799,0.0,0.0,0,0,0,False,0.0,-98.68345277125488,1178.1953538572232,177804.4234436799,-98.68345277125488,estimated,-71.35781566511757
2021-12-28,,796076161.711,,,796076161.711,1,47539.0,5428223.638928896,0.0,0.0,0.0,0,0,0,False,0.0,100.0,5428223.638928896,0.0,100.0,estimated,-47.983516241181704
2021-12-29,,770353880.3495356,,,770353880.3495356,1,46450.0,13085475.404350912,0.0,0.0,0.0,0,0,0,False,0.0,100.0,13085475.404350912,0.0,100.0,estimated,-12.635469621725493
2021-12-30,,759244030.299,,,759244030.299,1,47110.5,0.0,0.0,0.0,0.0,0,0,0,False,0.0,0.0,0.0,0.0,0.0,none,-12.635469621725493
2021-12-31,,752921555.8134999,,,752921555.8134999,1,46210.56,0.0,0.0,0.0,0.0,0,0,0,False,0.0,0.0,0.0,0.0,0.0,none,-19.937330692018737
2022-01-01,,756981681.864,,,756981681.864,1,47719.5,0.0,0.0,0.0,0.0,0,0,0,False,0.0,0.0,0.0,0.0,0.0,none,-19.44122201532817
2022-01-02,,739683402.57,,,739683402.57,1,47301.1,15173.03451104128,524.9146110975563,0.0,0.0,0,0,0,False,0.0,93.31231606099082,15173.03451104128,524.9146110975563,93.31231606099082,estimated,-16.491476351109956
2022-01-03,,714129489.008,,,714129489.008,1,46446.9,121241.56902185088,0.0,0.0,0.0,0,0,0,False,0.0,100.0,121241.56902185088,0.0,100.0,estimated,-17.068264241953987
2022-01-04,,792417414.69,,,792417414.69,1,45843.3,3912717.6325081373,0.0,0.0,0.0,0,0,0,False,0.0,100.0,3912717.6325081373,0.0,100.0,estimated,-2.17093382940241
2022-01-05,,693991949.949,,,693991949.949,1,43435.1,31641816.2920404,740274.6926386241,0.0,0.0,0,0,0,False,0.0,95.42787590221477,31641816.2920404,740274.6926386241,95.42787590221477,estimated,38.44025807522005
2022-01-06,,703670748.2555,,,703670748.2555,1,43093.1,2048110.0730390819,0.0,0.0,0.0,0,0,0,False,0.0,100.0,2048110.0730390819,0.0,100.0,estimated,72.85507691041356
2022-01-07,,684763391.169,,,684763391.169,1,41554.5,15341214.687695751,0.0,0.0,0.0,0,0,0,False,0.0,100.0,15341214.687695751,0.0,100.0,estimated,97.47524797488184
2022-01-08,,677126127.522,,,677126127.522,1,41688.05,0.0,0.0,0.0,0.0,0,0,0,False,0.0,0.0,0.0,0.0,0.0,none,97.47478682867032
2022-01-09,,694906538.4959999,,,694906538.4959999,1,41851.22,0.0,0.0,0.0,0.0,0,0,0,False,0.0,0.0,0.0,0.0,0.0,none,97.46640058485228
2022-01-10,,706677709.534,,,706677709.534,1,41809.0,4439865.839645078,2426.6270718892647,0.0,0.0,0,0,0,False,0.0,99.89074888292159,4439865.839645078,2426.6270718892647,99.89074888292159,estimated,98.06393682782458
2022-01-11,,739659882.3555,,,739659882.3555,1,42701.5,9339.112436751635,268001.7733706649,0.0,0.0,0,0,0,False,0.0,-93.26524655060297,9339.112436751635,268001.7733706649,-93.26524655060297,estimated,97.17637326364238
2022-01-12,,785911106.247,,,785911106.247,1,43889.5,6038.133555000862,3407914.53211186,0.0,0.0,0,0,0,False,0.0,-99.64626729504926,6038.133555000862,3407914.53211186,-99.64626729504926,estimated,85.73426884354237
2022-01-13,,734114673.0955744,,,734114673.0955744,1,42564.0,1607735.2483928986,26471.9686147881,0.0,0.0,0,0,0,False,0.0,96.7602678119046,1607735.2483928986,26471.9686147881,96.7602678119046,estimated,86.01763239733843
2022-01-14,,783553166.4075,,,783553166.4075,1,43056.5,1614225.9652066776,0.0,0.0,0.0,0,0,0,False,0.0,100.0,1614225.9652066776,0.0,100.0,estimated,86.36379237401387
2022-01-15,,761413743.189,,,761413743.189,1,43079.5,39952.943293011485,131198.33624590075,0.0,0.0,0,0,0,False,0.0,-53.312714458640144,39952.943293011485,131198.33624590075,-53.312714458640144,estimated,85.99811605209553
2022-01-16,,756503537.464,,,756503537.464,1,43060.66,0.0,0.0,0.0,0.0,0,0,0,False,0.0,0.0,0.0,0.0,0.0,none,85.99635931257724
2022-01-17,,716857392.4,,,716857392.4,1,42200.0,790952.4445087311,0.0,0.0,0.0,0,0,0,False,0.0,100.0,790952.4445087311,0.0,100.0,estimated,86.1383953285191
2022-01-18,,815475288.6875,,,815475288.6875,1,42337.58,938314.6746774415,0.0,0.0,0.0,0,0,0,False,0.0,100.0,938314.6746774415,0.0,100.0,estimated,85.48450986794559
2022-01-19,,784981837.9255832,,,784981837.9255832,1,41666.3,4227312.698703372,15934.627368383075,0.0,0.0,0,0,0,False,0.0,99.248941853072,4227312.698703372,15934.627368383075,99.248941853072,estimated,77.93528972535316
2022-01-20,,798903984.452,,,798903984.452,1,40668.5,4573228.000599861,951474.5381266185,0.0,0.0,0,0,0,False,0.0,65.55562832724216,4573228.000599861,951474.5381266185,65.55562832724216,estimated,74.97670254062675
2022-01-21,,711546408.5925,,,711546408.5925,1,36442.5,74593315.81476614,10452.88136804222,0.0,0.0,0,0,0,False,0.0,99.9719776050172,74593315.81476614,10452.88136804222,99.9719776050172,estimated,90.14097203115904
2022-01-22,,609995387.502,,,609995387.502,1,35062.0,29476772.069818944,0.0,0.0,0.0,0,0,0,False,0.0,100.0,29476772.069818944,0.0,100.0,estimated,92.42690138221357
2022-01-23,,613434395.4614999,,,613434395.4614999,1,36234.5,0.0,0.0,0.0,0.0,0,0,0,False,0.0,0.0,0.0,0.0,0.0,none,92.42690138221357
2022-01-24,,637816953.2086335,,,637816953.2086335,1,36651.5,4438812.460855159,84947.26997473219,0.0,0.0,0,0,0,False,0.0,96.24439514787633,4438812.460855159,84947.26997473219,96.24439514787633,estimated,92.30201442529693
2022-01-25,,586613893.5,,,586613893.5,1,36937.5,301264.8588782165,64713.47526412894,0.0,0.0,0,0,0,False,0.0,64.63535175338606,301264.8588782165,64713.47526412894,64.63535175338606,estimated,92.62675640471744
2022-01-26,,630021813.02,,,630021813.02,1,36787.43,0.0,1269801.268835841,0.0,0.0,0,0,0,False,0.0,-100.0,0.0,1269801.268835841,-100.0,estimated,95.91713322631871
2022-01-27,,608558048.9471287,,,608558048.9471287,1,37140.5,391154.46508679335,35110.32516853879,0.0,0.0,0,0,0,False,0.0,83.52651874084756,391154.46508679335,35110.32516853879,83.52651874084756,estimated,95.86340513992437
2022-01-28,,604629484.6605,,,604629484.6605,1,37696.21,0.0,480934.89233901317,0.0,0.0,0,0,0,False,0.0,-100.0,0.0,480934.89233901317,-100.0,estimated,95.0420525997569
2022-01-29,,680180839.0416186,,,680180839.0416186,1,38150.5,0.0,2304608.5044691674,0.0,0.0,0,0,0,False,0.0,-100.0,0.0,2304608.5044691674,-100.0,estimated,91.64783489788864
2022-01-30,,704936078.964,,,704936078.964,1,37875.5,256610.18347697583,11071.574297371937,0.0,0.0,0,0,0,False,0.0,91.72780813348876,256610.18347697583,11071.574297371937,91.72780813348876,estimated,91.64800586039924
2022-01-31,,682020162.4,,,682020162.4,1,38440.0,2376009.0401016404,457478.2595783562,0.0,0.0,0,0,0,False,0.0,67.7091716888922,2376009.0401016404,457478.2595783562,67.7091716888922,estimated,91.06308672305428
2022-02-01,,794991884.151,,,794991884.151,1,38680.51,0.0,4075330.6391696213,0.0,0.0,0,0,0,False,0.0,-100.0,0.0,4075330.6391696213,-100.0,estimated,85.02740427063145
2022-02-02,,694072173.451,,,694072173.451,1,36892.03,7052750.89792927,0.0,0.0,0.0,0,0,0,False,0.0,100.0,7052750.89792927,0.0,100.0,estimated,85.36712275574352
2022-02-03,,691260676.803,,,691260676.803,1,37291.5,6975115.0627560625,0.0,0.0,0.0,0,0,0,False,0.0,100.0,6975115.0627560625,0.0,100.0,estimated,86.93792700617763
2022-02-04,,778093966.251,,,778093966.251,1,41550.0,0.0,24590110.908755578,0.0,0.0,0,0,0,False,0.0,-100.0,0.0,24590110.908755578,-100.0,estimated,21.14110711811214
2022-02-05,,791474225.4995862,,,791474225.4995862,1,41380.0,214487.41614094214,4995661.396950551,0.0,0.0,0,0,0,False,0.0,-91.76655317015125,214487.41614094214,4995661.396950551,-91.76655317015125,estimated,-27.102775066950933
2022-02-06,,786304149.4,,,786304149.4,1,42361.35,2408.890520802896,10020735.340342741,0.0,0.0,0,0,0,False,0.0,-99.95193343594944,2408.890520802896,10020735.340342741,-99.95193343594944,estimated,-37.4747463527824
2022-02-07,,847375464.9825,,,847375464.9825,1,43829.99,0.0,20640827.45843074,0.0,0.0,0,0,0,False,0.0,-100.0,0.0,20640827.45843074,-100.0,estimated,-59.38378271388589
2022-02-08,,845733788.0795599,,,845733788.0795599,1,44021.57,568666.4851562518,19305106.388383627,0.0,0.0,0,0,0,False,0.0,-94.2772166233883,568666.4851562518,19305106.388383627,-94.2772166233883,estimated,-66.35251281367441
2022-02-09,,786858836.057,,,786858836.057,1,44358.08,0.0,0.0,0.0,0.0,0,0,0,False,0.0,0.0,0.0,0.0,0.0,none,-65.94464724988089
2022-02-10,,792674620.4645653,,,792674620.4645653,1,43477.0,0.0,10253706.407607434,0.0,0.0,0,0,0,False,0.0,-100.0,0.0,10253706.407607434,-100.0,estimated,-69.54826085598401
2022-02-11,,764921244.9055765,,,764921244.9055765,1,42366.0,1026475.735954542,4764.078833632144,0.0,0.0,0,0,0,False,0.0,99.07604831285325,1026475.735954542,4764.078833632144,99.07604831285325,estimated,-67.91068373925387
2022-02-12,,746272922.198578,,,746272922.198578,1,42199.87,1395557.9246214484,0.0,0.0,0.0,0,0,0,False,0.0,100.0,1395557.9246214484,0.0,100.0,estimated,-65.21172874502206
2022-02-13,,747682352.2310795,,,747682352.2310795,1,42059.5,0.0,0.0,0.0,0.0,0,0,0,False,0.0,0.0,0.0,0.0,0.0,none,-65.58038110948671
2022-02-14,,747836290.7885,,,747836290.7885,1,42533.4,1114.5874746136114,3850.1395467353136,0.0,0.0,0,0,0,False,0.0,-55.09974788862506,1114.5874746136114,3850.1395467353136,-55.09974788862506,estimated,-68.97850527150536
2022-02-15,,816478838.2030548,,,816478838.2030548,1,44529.6,0.0,200447.95952406272,0.0,0.0,0,0,0,False,0.0,-100.0,0.0,200447.95952406272,-100.0,estimated,-67.8577346447959
2022-02-16,,870969329.4010613,,,870969329.4010613,1,43874.8,644003.485371944,0.0,0.0,0.0,0,0,0,False,0.0,100.0,644003.485371944,0.0,100.0,estimated,-78.52538038555898
2022-02-17,,790441086.5699999,,,790441086.5699999,1,40500.6,22162597.298171382,7704.983690118905,0.0,0.0,0,0,0,False,0.0,99.93049275023711,22162597.298171382,7704.983690118905,99.93049275023711,estimated,-55.16079050555038
2022-02-18,,809823757.0765,,,809823757.0765,1,39991.2,10336371.533368558,0.0,0.0,0.0,0,0,0,False,0.0,100.0,10336371.533368558,0.0,100.0,estimated,-28.57127005099501
2022-02-19,,792164478.4635994,,,792164478.4635994,1,40064.0,15114.33308009656,11985.970829440872,0.0,0.0,0,0,0,False,0.0,11.543642687913623,15114.33308009656,11985.970829440872,11.543642687913623,estimated,-25.15161130595628
2022-02-20,,767272098.885,,,767272098.885,1,38368.1,4637421.949445208,0.0,0.0,0.0,0,0,0,False,0.0,100.0,4637421.949445208,0.0,100.0,estimated,-10.56952727110651
2022-02-21,,749547192.8165,,,749547192.8165,1,37001.5,5894551.995102517,0.0,0.0,0.0,0,0,0,False,0.0,100.0,5894551.995102517,0.0,100.0,estimated,22.092889815603616
2022-02-22,,683098250.4356179,,,683098250.4356179,1,38214.5,0.0,0.0,0.0,0.0,0,0,0,False,0.0,0.0,0.0,0.0,0.0,none,62.956671987108614
2022-02-23,,760034950.604,,,760034950.604,1,37245.5,0.0,0.0,0.0,0.0,0,0,0,False,0.0,0.0,0.0,0.0,0.0,none,62.956671987108614
2022-02-24,,740452318.886,,,740452318.886,1,38318.0,38925605.87949597,9796606.323422931,0.0,0.0,0,0,0,False,0.0,59.785872272704296,38925605.87949597,9796606.323422931,59.785872272704296,estimated,78.90822795750105
2022-02-25,,686707203.9779999,,,686707203.9779999,1,39205.4,0.0,0.0,0.0,0.0,0,0,0,False,0.0,0.0,0.0,0.0,0.0,none,78.6870516274334
2022-02-26,,724026230.5500001,,,724026230.5500001,1,39099.3,0.0,0.0,0.0,0.0,0,0,0,False,0.0,0.0,0.0,0.0,0.0,none,78.36597761668439
2022-02-27,,724829139.495,,,724829139.495,1,37672.0,2505839.0045071556,101692.53687466441,0.0,0.0,0,0,0,False,0.0,92.20009152251527,2505839.0045071556,101692.53687466441,92.20009152251527,estimated,78.74471585184686
2022-02-28,,828327871.926,,,828327871.926,1,43155.0,115.39685141105353,15728056.474409934,0.0,0.0,0,0,0,False,0.0,-99.99853260948119,115.39685141105353,15728056.474409934,-99.99853260948119,estimated,53.41635888861334
2022-03-01,,759076563.3885001,,,759076563.3885001,1,44394.1,15646.956353687534,12973702.621366119,0.0,0.0,0,0,0,False,0.0,-99.75908021783438,15646.956353687534,12973702.621366119,-99.75908021783438,estimated,37.587783016782794
2022-03-02,,810807052.664,,,810807052.664,1,43893.5,0.0,3471833.2907150653,0.0,0.0,0,0,0,False,0.0,-100.0,0.0,3471833.2907150653,-100.0,estimated,33.49664932373647
2022-03-03,,752172513.7065755,,,752172513.7065755,1,42450.5,4359714.52025408,0.0,0.0,0.0,0,0,0,False,0.0,100.0,4359714.52025408,0.0,100.0,estimated,22.621624477564538
2022-03-04,,737979412.4764999,,,737979412.4764999,1,39127.7,22775987.769391753,0.0,0.0,0.0,0,0,0,False,0.0,100.0,22775987.769391753,0.0,100.0,estimated,30.56260727586623
2022-03-05,,737469112.3199999,,,737469112.3199999,1,39375.1,0.0,0.0,0.0,0.0,0,0,0,False,0.0,0.0,0.0,0.0,0.0,none,30.566860377919465
2022-03-06,,743244605.082,,,743244605.082,1,38401.1,0.0,0.0,0.0,0.0,0,0,0,False,0.0,0.0,0.0,0.0,0.0,none,27.804161503553193
2022-03-07,,682387819.8479999,,,682387819.8479999,1,37976.0,59370.37780824115,64411.79063262091,0.0,0.0,0,0,0,False,0.0,-4.072810234204562,59370.37780824115,64411.79063262091,-4.072810234204562,estimated,23.92698675437889
2022-03-08,,695188502.2275001,,,695188502.2275001,1,38725.3,0.0,0.0,0.0,0.0,0,0,0,False,0.0,0.0,0.0,0.0,0.0,none,23.92698675437889
2022-03-09,,792194575.086,,,792194575.086,1,41941.5,0.0,3139285.3664142434,0.0,0.0,0,0,0,False,0.0,-100.0,0.0,3139285.3664142434,-100.0,estimated,20.51187565900376
2022-03-10,,763605151.056,,,763605151.056,1,39408.0,11781005.617910368,0.0,0.0,0.0,0,0,0,False,0.0,100.0,11781005.617910368,0.0,100.0,estimated,7.8188601946445075
2022-03-11,,707746423.4176128,,,707746423.4176128,1,38726.0,7666.902039130971,0.0,0.0,0.0,0,0,0,False,0.0,100.0,7666.902039130971,0.0,100.0,estimated,7.828040553574195
2022-03-12,,763426145.226,,,763426145.226,1,38793.0,0.0,0.0,0.0,0.0,0,0,0,False,0.0,0.0,0.0,0.0,0.0,none,7.828040553574195
2022-03-13,,727872778.504,,,727872778.504,1,37756.0,9004409.243777236,33487.67271450499,0.0,0.0,0,0,0,False,0.0,99.2589498857107,9004409.243777236,33487.67271450499,99.2589498857107,estimated,15.097027830656614
2022-03-14,,804485455.2166036,,,804485455.2166036,1,39653.8,0.0,452770.81523312227,0.0,0.0,0,0,0,False,0.0,-100.0,0.0,452770.81523312227,-100.0,estimated,40.8990299519438
2022-03-15,,766115548.8,,,766115548.8,1,39280.0,2694674.454087282,9636.239252045141,0.0,0.0,0,0,0,False,0.0,99.28734229570743,2694674.454087282,9636.239252045141,99.28734229570743,estimated,75.20865045638402
2022-03-16,,850659460.01,,,850659460.01,1,41124.5,0.0,7624066.131688767,0.0,0.0,0,0,0,False,0.0,-100.0,0.0,7624066.131688767,-100.0,estimated,63.47589234017538
2022-03-17,,821734926.48,,,821734926.48,1,40898.1,280446.38896761526,12729.240413384014,0.0,0.0,0,0,0,False,0.0,91.31630385495544,280446.38896761526,12729.240413384014,91.31630385495544,estimated,60.86849351563978
2022-03-18,,900135201.5245825,,,900135201.5245825,1,41751.5,645115.953871598,3644575.1046769894,0.0,0.0,0,0,0,False,0.0,-69.92249814419633,645115.953871598,3644575.1046769894,-69.92249814419633,estimated,24.05791673218137
2022-03-19,,902787976.085,,,902787976.085,1,42188.2,10471.53467736298,286366.9345207838,0.0,0.0,0,0,0,False,0.0,-92.94462425598012,10471.53467736298,286366.9345207838,-92.94462425598012,estimated,23.18419529223626
2022-03-20,,906984722.336,,,906984722.336,1,41263.0,227393.00264408375,0.0,0.0,0.0,0,0,0,False,0.0,100.0,227393.00264408375,0.0,100.0,estimated,23.621121294119156
2022-03-21,,870139829.6495903,,,870139829.6495903,1,40985.0,558630.0367294912,601.1129107242007,0.0,0.0,0,0,0,False,0.0,99.78502166372135,558630.0367294912,601.1129107242007,99.78502166372135,estimated,24.759885124426816
2022-03-22,,921959304.1235,,,921959304.1235,1,42359.5,0.0,15383670.108668955,0.0,0.0,0,0,0,False,0.0,-100.0,0.0,15383670.108668955,-100.0,estimated,-9.63739163829315
2022-03-23,,907379441.2120717,,,907379441.2120717,1,42874.2,193803.8681556807,29362.284792600207,0.0,0.0,0,0,0,False,0.0,73.68571855123123,193803.8681556807,29362.284792600207,73.68571855123123,estimated,-3.9213578484037557
2022-03-24,,905856321.0475605,,,905856321.0475605,1,43971.95,0.0,9246411.744370423,0.0,0.0,0,0,0,False,0.0,-100.0,0.0,9246411.744370423,-100.0,estimated,-45.88434732081929
2022-03-25,,1110315307.7115,,,1110315307.7115,1,44301.75,0.0,16871253.142591715,0.0,0.0,0,0,0,False,0.0,-100.0,0.0,16871253.142591715,-100.0,estimated,-59.485285518166684
2022-03-26,,1113714150.96,,,1113714150.96,1,44496.35,34353.26493366784,135135.53898272244,0.0,0.0,0,0,0,False,0.0,-59.46249647190326,34353.26493366784,135135.53898272244,-59.46249647190326,estimated,-59.485228193668874
2022-03-27,,1147215324.2949998,,,1147215324.2949998,1,46821.350000000006,0.0,47946815.896067366,0.0,0.0,0,0,0,False,0.0,-100.0,0.0,47946815.896067366,-100.0,estimated,-91.25982962226603
2022-03-28,,1133267710.1325,,,1133267710.1325,1,47122.25,0.0,28488643.85698538,0.0,0.0,0,0,0,False,0.0,-100.0,0.0,28488643.85698538,-100.0,estimated,-93.08406075583319
2022-03-29,,1073709103.656,,,1073709103.656,1,47431.15,0.0,0.0,0.0,0.0,0,0,0,False,0.0,0.0,0.0,0.0,0.0,none,-97.03659573857333
2022-03-30,,1075767718.832,,,1075767718.832,1,47051.55,4555.004616765262,0.0,0.0,0.0,0,0,0,False,0.0,100.0,4555.004616765262,0.0,100.0,estimated,-96.84715517897293
2022-03-31,,1086420023.512,,,1086420023.512,1,45514.95,887674.0035315539,1285.6705206096312,0.0,0.0,0,0,0,False,0.0,99.71074716702297,887674.0035315539,1285.6705206096312,99.71074716702297,estimated,-95.88751767075263
2022-04-01,,1124965779.506,,,1124965779.506,1,46280.8,1043612.1350018987,104245.7380970726,0.0,0.0,0,0,0,False,0.0,81.8364728700024,1043612.1350018987,104245.7380970726,81.8364728700024,estimated,-95.12492646390396
2022-04-02,,1005807568.956,,,1005807568.956,1,45811.65,31375.469058588827,279007.57123429107,0.0,0.0,0,0,0,False,0.0,-79.78274262087085,31375.469058588827,279007.57123429107,-79.78274262087085,estimated,-95.09105118915198
2022-04-03,,1007182459.11,,,1007182459.11,1,46408.85,97363.14365924892,215626.99945936893,0.0,0.0,0,0,0,False,0.0,-37.78516940557456,97363.14365924892,215626.99945936893,-37.78516940557456,estimated,-95.30845488166133
2022-04-04,,1030929780.549,,,1030929780.549,1,46585.45,318151.434487725,1009.182846890169,0.0,0.0,0,0,0,False,0.0,99.36760189567366,318151.434487725,1009.182846890169,99.36760189567366,estimated,-95.69562922289361
2022-04-05,,1076388749.1635,,,1076388749.1635,1,45493.25,351476.92861757707,21874.827609809945,0.0,0.0,0,0,0,False,0.0,88.28192060439258,351476.92861757707,21874.827609809945,88.28192060439258,estimated,-94.4265651932427
2022-04-06,,1040766321.1715,,,1040766321.1715,1,43167.85,14223089.643338148,0.0,0.0,0.0,0,0,0,False,0.0,100.0,14223089.643338148,0.0,100.0,estimated,-71.75189894193792
2022-04-07,,969566227.742,,,969566227.742,1,43435.65,3443580.9314140077,0.0,0.0,0.0,0,0,0,False,0.0,100.0,3443580.9314140077,0.0,100.0,estimated,-64.30531233406607
2022-04-08,,959378491.504,,,959378491.504,1,42255.5,11311842.752149079,0.0,0.0,0.0,0,0,0,False,0.0,100.0,11311842.752149079,0.0,100.0,estimated,-41.7167892538964
2022-04-09,,982944495.75,,,982944495.75,1,42727.1,0.0,0.0,0.0,0.0,0,0,0,False,0.0,0.0,0.0,0.0,0.0,none,-41.68913765284196
2022-04-10,,997436936.045,,,997436936.045,1,42143.850000000006,3175346.0636725775,62591.457512312314,0.0,0.0,0,0,0,False,0.0,96.13386872953575,3175346.0636725775,62591.457512312314,96.13386872953575,estimated,8.919095153884925
2022-04-11,,917330304.0,,,917330304.0,1,39510.3,40048839.82442368,2427.276548686907,0.0,0.0,0,0,0,False,0.0,99.98787915227469,40048839.82442368,2427.276548686907,99.98787915227469,estimated,98.18031354270276
2022-04-12,,884362729.05,,,884362729.05,1,40059.85,0.0,0.0,0.0,0.0,0,0,0,False,0.0,0.0,0.0,0.0,0.0,none,98.18031354270276
2022-04-13,,956490373.58,,,956490373.58,1,41143.15,0.0,0.0,0.0,0.0,0,0,0,False,0.0,0.0,0.0,0.0,0.0,none,98.18020393368315
2022-04-14,,993410803.44,,,993410803.44,1,39934.4,1842669.7186996855,12879.177411297658,0.0,0.0,0,0,0,False,0.0,98.61182020713215,1842669.7186996855,12879.177411297658,98.61182020713215,estimated,98.17289582605395
2022-04-15,,1021280386.9095,,,1021280386.9095,1,40535.25,0.0,111799.89310454752,0.0,0.0,0,0,0,False,0.0,-100.0,0.0,111799.89310454752,-100.0,estimated,98.12784256388073
2022-04-16,,983348706.0525,,,983348706.0525,1,40370.6,17803.866885179992,0.0,0.0,0.0,0,0,0,False,0.0,100.0,17803.866885179992,0.0,100.0,estimated,98.86203010580724
2022-04-17,,969772190.73,,,969772190.73,1,39667.6,268473.94296994375,0.0,0.0,0.0,0,0,0,False,0.0,100.0,268473.94296994375,0.0,100.0,estimated,99.4347269938441
2022-04-18,,1047542976.36,,,1047542976.36,1,40779.45,10987869.820779588,337935.9694659837,0.0,0.0,0,0,0,False,0.0,94.03246045845086,10987869.820779588,337935.9694659837,94.03246045845086,estimated,98.72534121629286
2022-04-19,,962188599.749,,,962188599.749,1,41482.15,10291.43989812637,2994303.2940556486,0.0,0.0,0,0,0,False,0.0,-99.31495320937451,10291.43989812637,2994303.2940556486,-99.31495320937451,estimated,92.07232887720669
2022-04-20,,1015536814.89,,,1015536814.89,1,41346.1,0.0,978130.9343882094,0.0,0.0,0,0,0,False,0.0,-100.0,0.0,978130.9343882094,-100.0,estimated,88.09612676603233
2022-04-21,,951153177.651,,,951153177.651,1,40465.5,2132657.3644832275,9124655.063078692,0.0,0.0,0,0,0,False,0.0,-62.11071908670277,2132657.3644832275,9124655.063078692,-62.11071908670277,estimated,67.33483940124103
2022-04-22,,923726887.3665,,,923726887.3665,1,39684.5,2462740.64866361,0.0,0.0,0.0,0,0,0,False,0.0,100.0,2462740.64866361,0.0,100.0,estimated,63.45859086237977
2022-04-23,,1003921558.839,,,1003921558.839,1,39420.75,0.0,0.0,0.0,0.0,0,0,0,False,0.0,0.0,0.0,0.0,0.0,none,63.45859086237977
2022-04-24,,985306853.109,,,985306853.109,1,39446.9,1613949.3151022443,65938.56049464337,0.0,0.0,0,0,0,False,0.0,92.14964743153296,1613949.3151022443,65938.56049464337,92.14964743153296,estimated,62.669656544990794
2022-04-25,,994999035.6,,,994999035.6,1,40418.0,9380177.365120228,917732.6757782178,0.0,0.0,0,0,0,False,0.0,82.17633146660991,9380177.365120228,917732.6757782178,82.17633146660991,estimated,32.76295642545737
2022-04-26,,912461237.599,,,912461237.599,1,38105.25,6483209.6572377235,1679900.4829368272,0.0,0.0,0,0,0,False,0.0,58.841655837295704,6483209.6572377235,1679900.4829368272,58.841655837295704,estimated,36.90279272792827
2022-04-27,,1024945481.802,,,1024945481.802,1,39214.0,0.0,0.0,0.0,0.0,0,0,0,False,0.0,0.0,0.0,0.0,0.0,none,36.90279272792827
2022-04-28,,997789320.645,,,997789320.645,1,39733.5,82184.53438948441,1148135.3459594776,0.0,0.0,0,0,0,False,0.0,-86.64013551237196,82184.53438948441,1148135.3459594776,-86.64013551237196,estimated,31.65648352900927
2022-04-29,3207390636.5298,937378286.88,,,4144768923.4098,2,38572.1,1134574.9625265566,0.0,0.0,0.0,0,0,0,False,0.0,100.0,1134574.9625265566,0.0,100.0,estimated,33.43685479574777
2022-04-30,3202374138.8485,958628936.0325,,,4161003074.8809996,2,37624.05,4821676.938154904,0.0,0.0,0.0,0,0,0,False,0.0,100.0,4821676.938154904,0.0,100.0,estimated,39.083892463484275
2022-05-01,3174142755.1995,984326593.143,,,4158469348.3425,2,38443.5,9461006.08509384,275859.1750746404,0.0,0.0,0,0,0,False,0.0,94.33371690572481,9461006.08509384,275859.1750746404,94.33371690572481,estimated,46.975897123592794
2022-05-02,3112293369.8431997,964820641.792,,,4077114011.6351995,2,38526.8,20509.926028270416,539667.2483655349,0.0,0.0,0,0,0,False,0.0,-92.67734318147998,20509.926028270416,539667.2483655349,-92.67734318147998,estimated,35.92919786656397
2022-05-03,3436011646.2493005,961786011.886,,,4397797658.135301,2,37725.65,285086.3819459592,0.0,0.0,0.0,0,0,0,False,0.0,100.0,285086.3819459592,0.0,100.0,estimated,44.00061762741137
2022-05-04,3285957783.8760004,1218184835.283,,,4504142619.159,2,39694.75,0.0,34726590.1514444,0.0,0.0,0,0,0,False,0.0,-100.0,0.0,34726590.1514444,-100.0,estimated,-12.275550748643473
2022-05-05,3285814226.1681995,1008879349.73,,,4294693575.8981996,2,36535.25,127597698.54046836,0.0,0.0,0.0,0,0,0,False,0.0,100.0,127597698.54046836,0.0,100.0,estimated,61.16973223693405
2022-05-06,3217325749.4037004,941903128.621,,,4159228878.0247,2,36005.4,26535372.99493513,0.0,0.0,0.0,0,0,0,False,0.0,100.0,26535372.99493513,0.0,100.0,estimated,65.29174911497809
2022-05-07,3234467457.2434993,936766106.948,,,4171233564.191499,2,35464.35,3137988.0129839154,0.0,0.0,0.0,0,0,0,False,0.0,100.0,3137988.0129839154,0.0,100.0,estimated,65.76547959225219
2022-05-08,3034125852.7200003,957041137.11,,,3991166989.8300004,2,34041.45,38189596.30958674,0.0,0.0,0.0,0,0,0,False,0.0,100.0,38189596.30958674,0.0,100.0,estimated,70.50646919884966
2022-05-09,2568714582.028,821742030.1075,,,3390456612.1355,2,30060.05,121679813.54307912,2995.2695692664383,0.0,0.0,0,0,0,False,0.0,99.99507692237138,121679813.54307912,2995.2695692664383,99.99507692237138,estimated,79.68609942330826
2022-05-10,2514868464.5174,776538279.605,,,3291406744.1224,2,31016.95,5490950.888959135,0.0,0.0,0.0,0,0,0,False,0.0,100.0,5490950.888959135,0.0,100.0,estimated,80.4370346718257
2022-05-11,2261233853.6256003,683810176.0875,,,2945044029.7131004,2,29071.1,15619326.240278915,0.0,0.0,0.0,0,0,0,False,0.0,100.0,15619326.240278915,0.0,100.0,estimated,81.21902083745958
2022-05-12,2071576995.6559,723811890.347,,,2795388886.0029,2,29031.75,24325616.4706822,0.0,0.0,0.0,0,0,0,False,0.0,100.0,24325616.4706822,0.0,100.0,estimated,82.82198916757422
2022-05-13,2226313296.0585,639673545.623,,,2865986841.6815,2,29271.4,17909.76986721259,6016015.175172112,0.0,0.0,0,0,0,False,0.0,-99.40636418151217,17909.76986721259,6016015.175172112,-99.40636418151217,estimated,80.14960984877433
2022-05-14,2111850659.7864,739078783.232,,,2850929443.0184,2,30075.4,535156.6694446661,4046457.2287742044,0.0,0.0,0,0,0,False,0.0,-76.63894508209383,535156.6694446661,4046457.2287742044,-76.63894508209383,estimated,78.2044491393399
2022-05-15,2277741310.2132,742230053.9865,,,3019971364.1997004,2,31318.2,340490.9796450265,16055769.264069498,0.0,0.0,0,0,0,False,0.0,-95.8467238921076,340490.9796450265,16055769.264069498,-95.8467238921076,estimated,71.12284336138231
2022-05-16,2220979024.9018,751774113.5519999,,,2972753138.4538,2,29860.35,23012462.80938964,0.0,0.0,0.0,0,0,0,False,0.0,100.0,23012462.80938964,0.0,100.0,estimated,72.81244517889179
2022-05-17,2217948664.239,729233218.341,,,2947181882.58,2,30430.75,31937.32322023006,95463.79393483244,0.0,0.0,0,0,0,False,0.0,-49.863354524029035,31937.32322023006,95463.79393483244,-49.863354524029035,estimated,72.76019478696541
2022-05-18,2238349863.5923996,681071056.734,,,2919420920.3264,2,28697.3,5237415.551706955,0.0,0.0,0.0,0,0,0,False,0.0,100.0,5237415.551706955,0.0,100.0,estimated,87.45517679277718
2022-05-19,2601032098.0098,796173623.28,,,3397205721.2897997,2,30314.95,0.0,2355106.8719624514,0.0,0.0,0,0,0,False,0.0,-100.0,0.0,2355106.8719624514,-100.0,estimated,80.47879401481843
2022-05-20,2372155574.6122003,831645224.215,,,3203800798.8272004,2,29186.95,31923964.2946599,1310302.9726040836,0.0,0.0,0,0,0,False,0.0,92.11474733553254,31923964.2946599,1310302.9726040836,92.11474733553254,estimated,80.04031955942287
2022-05-21,2328012825.8394,805891190.3825,,,3133904016.2219,2,29428.7,26713.832076336228,102912.73790264266,0.0,0.0,0,0,0,False,0.0,-58.78340053174542,26713.832076336228,102912.73790264266,-58.78340053174542,estimated,79.76830867669902
2022-05-22,2533167807.312,804665227.4065,,,3337833034.7184997,2,30281.5,0.0,1765736.0367323596,0.0,0.0,0,0,0,False,0.0,-100.0,0.0,1765736.0367323596,-100.0,estimated,75.575636076989
2022-05-23,2394925043.9295,832299407.5565,,,3227224451.486,2,29094.6,14380960.97181037,117150.88582631628,0.0,0.0,0,0,0,False,0.0,98.38391527149643,14380960.97181037,117150.88582631628,98.38391527149643,estimated,58.29413074975089
2022-05-24,2452172830.9975,854522044.0725,,,3306694875.0699997,2,29653.1,108449.26900994779,283289.7097015503,0.0,0.0,0,0,0,False,0.0,-44.631872290749584,108449.26900994779,283289.7097015503,-44.631872290749584,estimated,56.47077726189516
2022-05-25,2350230670.3482003,819020753.648,,,3169251423.9962006,2,29539.35,58748.72505018936,718499.4352371012,0.0,0.0,0,0,0,False,0.0,-84.8828911917979,58748.72505018936,718499.4352371012,-84.8828911917979,estimated,50.526736990350464
2022-05-26,2393151466.684,793986519.9879999,,,3187137986.672,2,29197.4,64501282.742684774,0.0,0.0,0.0,0,0,0,False,0.0,100.0,64501282.742684774,0.0,100.0,estimated,62.01307580216543
2022-05-27,2364022289.1,790254729.86,,,3154277018.96,2,28621.1,454623.9102156437,6900.669774238821,0.0,0.0,0,0,0,False,0.0,97.00961982376319,454623.9102156437,6900.669774238821,97.00961982376319,estimated,67.92545266300496
2022-05-28,2368538367.4912,798315997.116,,,3166854364.6072,2,29019.9,0.0,0.0,0.0,0.0,0,0,0,False,0.0,0.0,0.0,0.0,0.0,none,71.99166693689013
2022-05-29,2537278785.1007996,843711620.712,,,3380990405.8127995,2,29452.4,2100.957213415771,60371.048610777434,0.0,0.0,0,0,0,False,0.0,-93.2739242619223,2100.957213415771,60371.048610777434,-93.2739242619223,estimated,90.69869698108238
2022-05-30,2773868771.0369997,962507051.8955,,,3736375822.9325,2,31729.0,39626.33353367308,128818493.29250401,0.0,0.0,0,0,0,False,0.0,-99.93849617913303,39626.33353367308,128818493.29250401,-99.93849617913303,estimated,-7.475594177376117
2022-05-31,2798122422.0102,883071410.683,,,3681193832.6932,2,31789.4,1282167.0375214925,2707536.592270979,0.0,0.0,0,0,0,False,0.0,-35.72620141771354,1282167.0375214925,2707536.592270979,-35.72620141771354,estimated,-7.894349802635007
2022-06-01,2489613413.2254004,851468489.691,,,3341081902.9164004,2,29800.050000000003,45536407.96671805,3321.132623053439,0.0,0.0,0,0,0,False,0.0,99.98541435055176,45536407.96671805,3321.132623053439,99.98541435055176,estimated,6.765952542116146
2022-06-02,2567741113.3023,828596386.8000001,,,3396337500.1023,2,30444.5,0.0,0.0,0.0,0.0,0,0,0,False,0.0,0.0,0.0,0.0,0.0,none,7.620599236974876
2022-06-03,2485038940.2412,828446816.616,,,3313485756.8572,2,29685.4,2418051.976093312,51055.38517364138,0.0,0.0,0,0,0,False,0.0,95.86446616501573,2418051.976093312,51055.38517364138,95.86446616501573,estimated,-2.2115228830419253
2022-06-04,2463920708.6688,862169273.197,,,3326089981.8658,2,29857.65,0.0,0.0,0.0,0.0,0,0,0,False,0.0,0.0,0.0,0.0,0.0,none,-2.183673255224642
2022-06-05,2481053153.8199,873192124.9275,,,3354245278.7474003,2,29905.7,24598.499934242718,22551.288925594745,0.0,0.0,0,0,0,False,0.0,4.341930384319924,24598.499934242718,22551.288925594745,4.341930384319924,estimated,-1.5222511780039372
2022-06-06,3004889497.6568,934786974.1105,,,3939676471.7672997,2,31365.85,0.0,8270372.605926527,0.0,0.0,0,0,0,False,0.0,-100.0,0.0,8270372.605926527,-100.0,estimated,-10.383559085060016
2022-06-07,2686579047.4692,1048953720.39,,,3735532767.8592,2,31114.55,77963114.91344973,75385.14179554037,0.0,0.0,0,0,0,False,0.0,99.80680012623979,77963114.91344973,75385.14179554037,99.80680012623979,estimated,15.478643309695908
2022-06-08,2410771399.1725,886753532.16,,,3297524931.3325,2,30192.25,3706780.051170342,16052.944659713183,0.0,0.0,0,0,0,False,0.0,99.13759523042296,3706780.051170342,16052.944659713183,99.13759523042296,estimated,16.637868228342192
2022-06-09,2546216833.4415,814593290.0,,,3360810123.4415,2,30104.5,0.0,0.0,0.0,0.0,0,0,0,False,0.0,0.0,0.0,0.0,0.0,none,-3.169742847102113
2022-06-10,2558216238.6287,873684770.952,,,3431901009.5807,2,29079.1,15058809.352417693,82259.6629414543,0.0,0.0,0,0,0,False,0.0,98.91342331432465,15058809.352417693,82259.6629414543,98.91342331432465,estimated,2.070412222518057
2022-06-11,2550634200.5261,937021467.9,,,3487655668.4261003,2,28418.35,109444269.31720442,46349.7725847779,0.0,0.0,0,0,0,False,0.0,99.91533562789198,109444269.31720442,46349.7725847779,99.91533562789198,estimated,29.149021103531748
2022-06-12,2287715942.2668,873666791.1624999,,,3161382733.4293,2,26566.1,114322177.28925392,0.0,0.0,0.0,0,0,0,False,0.0,100.0,114322177.28925392,0.0,100.0,estimated,45.04950165212306
2022-06-13,1858975713.5235,719892626.02,,,2578868339.5435,2,22474.0,283434522.22737205,0.0,0.0,0.0,0,0,0,False,0.0,100.0,283434522.22737205,0.0,100.0,estimated,96.6063310368475
2022-06-14,1854658678.2792,623537018.1999999,,,2478195696.4792,2,22126.75,75923630.24114607,0.0,0.0,0.0,0,0,0,False,0.0,100.0,75923630.24114607,0.0,100.0,estimated,97.67317998066207
2022-06-15,1899468787.275,662270661.962,,,2561739449.237,2,22580.2,48141667.188685216,0.0,0.0,0.0,0,0,0,False,0.0,100.0,48141667.188685216,0.0,100.0,estimated,97.68227125695279
2022-06-16,1835058192.0198,597400893.81,,,2432459085.8297997,2,20386.2,18014749.605431266,240435.74932318408,0.0,0.0,0,0,0,False,0.0,97.3658361210716,18014749.605431266,240435.74932318408,97.3658361210716,estimated,97.67464295727305
2022-06-17,1926878549.0991,656701090.661,,,2583579639.7601004,2,20455.9,0.0,0.0,0.0,0.0,0,0,0,False,0.0,0.0,0.0,0.0,0.0,none,97.68056451732217
2022-06-18,1714453984.3743,604311530.016,,,2318765514.3903,2,18968.25,82870208.33229734,481481.1948814941,0.0,0.0,0,0,0,False,0.0,98.84469961529814,82870208.33229734,481481.1948814941,98.84469961529814,estimated,97.79633598144099
2022-06-19,1873472918.4546,671065098.4425,,,2544538016.8971,2,20569.3,0.0,0.0,0.0,0.0,0,0,0,False,0.0,0.0,0.0,0.0,0.0,none,97.80159358334576
2022-06-20,1890325769.1470995,662909848.6079999,,,2553235617.7550993,2,20569.05,15542238.86794761,3050382.4456613977,0.0,0.0,0,0,0,False,0.0,67.18717179025587,15542238.86794761,3050382.4456613977,67.18717179025587,estimated,99.05886878534842
2022-06-21,1937307987.3276997,687516061.0175,,,2624824048.3451996,2,20714.3,12798.903689235256,23425813.277639598,0.0,0.0,0,0,0,False,0.0,-99.89078787096933,12798.903689235256,23425813.277639598,-99.89078787096933,estimated,93.1110427705633
2022-06-22,1880119421.6132,659489130.72,,,2539608552.3332,2,19978.7,5086781.946902993,34843.39045311565,0.0,0.0,0,0,0,False,0.0,98.63936199319481,5086781.946902993,34843.39045311565,98.63936199319481,estimated,93.11843466224451
2022-06-23,2022512561.3784,728036377.839789,,,2750548939.2181892,2,21095.8,0.0,643545.3557399873,0.0,0.0,0,0,0,False,0.0,-100.0,0.0,643545.3557399873,-100.0,estimated,92.96227535556325
2022-06-24,2019819787.4808,738915894.1439999,,,2758735681.6247997,2,21231.6,682449.9947038745,1798370.7279566042,0.0,0.0,0,0,0,False,0.0,-44.98191759926914,682449.9947038745,1798370.7279566042,-44.98191759926914,estimated,92.41027922779644
2022-06-25,2166512041.4014,752620578.5280001,,,2919132619.9294004,2,21485.75,36871.990054645365,1563827.1469932203,0.0,0.0,0,0,0,False,0.0,-95.3930143146516,36871.990054645365,1563827.1469932203,-95.3930143146516,estimated,90.7482941147897
2022-06-26,2034109640.2866,783808987.368,,,2817918627.6546,2,21030.55,1980350.3415367182,15735651.321585577,0.0,0.0,0,0,0,False,0.0,-77.64337146502956,1980350.3415367182,15735651.321585577,-77.64337146502956,estimated,83.76557792872555
2022-06-27,1993124780.94,730970303.6405,,,2724095084.5805,2,20730.25,10404820.444936758,308309.96185052604,0.0,0.0,0,0,0,False,0.0,94.24426007817105,10404820.444936758,308309.96185052604,94.24426007817105,estimated,69.09420236479097
2022-06-28,2007280289.1768,769020119.127,,,2776300408.3038,2,20275.25,4656949.0744574405,0.0,0.0,0.0,0,0,0,False,0.0,100.0,4656949.0744574405,0.0,100.0,estimated,59.71015514636431
2022-06-29,1974944291.2836,803398960.2795,,,2778343251.5631,2,20107.2,16005750.343201162,9304.251752310765,0.0,0.0,0,0,0,False,0.0,99.88380618127593,16005750.343201162,9304.251752310765,99.88380618127593,estimated,53.31169964873715
2022-06-30,1862531004.2845,767839942.121,,,2630370946.4055,2,19924.5,96409235.3257581,0.0,0.0,0.0,0,0,0,False,0.0,100.0,96409235.3257581,0.0,100.0,estimated,66.48035075242365
2022-07-01,1749272011.608,710641346.5550001,,,2459913358.163,2,19271.5,0.0,3033410.2780822627,0.0,0.0,0,0,0,False,0.0,-100.0,0.0,3033410.2780822627,-100.0,estimated,64.70075049350254
2022-07-02,1808097311.8404,652620139.1860001,,,2460717451.0264,2,19243.45,0.0,0.0,0.0,0.0,0,0,0,False,0.0,0.0,0.0,0.0,0.0,none,50.50091200354987
2022-07-03,1824175995.0354,695373836.71,,,2519549831.7454,2,19310.85,646253.2622543848,179828.97377168405,0.0,0.0,0,0,0,False,0.0,56.46221019428648,646253.2622543848,179828.97377168405,56.46221019428648,estimated,50.525381949764395
2022-07-04,2068261395.5915997,694381271.43,,,2762642667.0216,2,20230.9,45350.36252515,6311862.7081205845,0.0,0.0,0,0,0,False,0.0,-98.57326277973742,45350.36252515,6311862.7081205845,-98.57326277973742,estimated,43.871647384334985
2022-07-05,2018137487.15,794118999.98,,,2812256487.13,2,20174.25,15954973.132588064,7921542.498872908,0.0,0.0,0,0,0,False,0.0,33.645741102733936,15954973.132588064,7921542.498872908,33.645741102733936,estimated,60.3690255262875
2022-07-06,2112482117.2798,747666052.8677944,,,2860148170.1475945,2,20555.3,355175.59918467153,924788.4642546119,0.0,0.0,0,0,0,False,0.0,-44.50225450387893,355175.59918467153,924788.4642546119,-44.50225450387893,estimated,58.58980971256265
2022-07-07,2515241356.1976004,839893361.784,,,3355134717.9816003,2,21614.1,340371.16234047717,52276393.84040451,0.0,0.0,0,0,0,False,0.0,-98.70622543091457,340371.16234047717,52276393.84040451,-98.70622543091457,estimated,24.183355330507805
2022-07-08,2363576057.585,1000881072.91,,,3364457130.495,2,21592.85,1884161.6640129532,91947199.58738768,0.0,0.0,0,0,0,False,0.0,-95.98394046748453,1884161.6640129532,91947199.58738768,-95.98394046748453,estimated,-9.573960509460468
2022-07-09,2359660762.42,860351442.888,,,3220012205.308,2,21586.0,127885.6883129177,437181.95841496234,0.0,0.0,0,0,0,False,0.0,-54.73614918374412,127885.6883129177,437181.95841496234,-54.73614918374412,estimated,-9.232844613651196
2022-07-10,2177653164.357,851163802.5377915,,,3028816966.8947916,2,20851.4,32163732.732973777,0.0,0.0,0.0,0,0,0,False,0.0,100.0,32163732.732973777,0.0,100.0,estimated,4.569910462560571
2022-07-11,2095818287.413,822011788.5265,,,2917830075.9395,2,19956.9,41924469.83661908,0.0,0.0,0.0,0,0,0,False,0.0,100.0,41924469.83661908,0.0,100.0,estimated,12.708353875587491
2022-07-12,2059170479.9883003,775243998.8755,,,2834414478.8638,2,19323.2,68877246.15939164,0.0,0.0,0.0,0,0,0,False,0.0,100.0,68877246.15939164,0.0,100.0,estimated,25.513747360566878
2022-07-13,2116867139.723,877391715.915,,,2994258855.638,2,20223.55,14512044.428092,0.0,0.0,0.0,0,0,0,False,0.0,100.0,14512044.428092,0.0,100.0,estimated,25.26139913482437
2022-07-14,2252453443.5102,827055588.087,,,3079509031.5972,2,20580.8,1818759.1094979136,1598530.665299355,0.0,0.0,0,0,0,False,0.0,6.444535251963631,1818759.1094979136,1598530.665299355,6.444535251963631,estimated,4.084023742204061
2022-07-15,2339228510.4419,879433831.485,,,3218662341.9269,2,20826.05,102224.96698953191,8279020.635489208,0.0,0.0,0,0,0,False,0.0,-97.56062590602764,102224.96698953191,8279020.635489208,-97.56062590602764,estimated,2.5460586577788025
2022-07-16,2361542998.6005,924642890.352,,,3286185888.9525003,2,21187.0,459588.19342594454,17149550.03272727,0.0,0.0,0,0,0,False,0.0,-94.78011714686457,459588.19342594454,17149550.03272727,-94.78011714686457,estimated,-2.13349247543275
2022-07-17,2340383830.972,863222768.909792,,,3203606599.881792,2,20796.7,236963.77704571653,187655.07941900386,0.0,0.0,0,0,0,False,0.0,11.612460651711427,236963.77704571653,187655.07941900386,11.612460651711427,estimated,-2.249850624875132
2022-07-18,2449268035.4137,947715360.052,,,3396983395.4657,2,22430.6,0.0,59883519.31626757,0.0,0.0,0,0,0,False,0.0,-100.0,0.0,59883519.31626757,-100.0,estimated,-14.748031847018117
2022-07-19,2788074551.6457005,936976889.662266,,,3725051441.307966,2,23385.7,6951985.2327258615,114561958.86167872,0.0,0.0,0,0,0,False,0.0,-88.55771609664018,6951985.2327258615,114561958.86167872,-88.55771609664018,estimated,-34.330957479012625
2022-07-20,2608718241.4245,1030736659.14,,,3639454900.5645,2,23225.15,1280393.0486682379,56549625.97754997,0.0,0.0,0,0,0,False,0.0,-95.5718740189667,1280393.0486682379,56549625.97754997,-95.5718740189667,estimated,-40.48306563352871
2022-07-21,2605771580.482,934452625.1535,,,3540224205.6355,2,23145.8,12861175.323933817,57360.8154638553,0.0,0.0,0,0,0,False,0.0,99.11196106362357,12861175.323933817,57360.8154638553,99.11196106362357,estimated,-31.366539725486785
2022-07-22,2655043830.4221997,949831688.652,,,3604875519.0741997,2,22680.9,0.0,180490.212345532,0.0,0.0,0,0,0,False,0.0,-100.0,0.0,180490.212345532,-100.0,estimated,-17.62112336393851
2022-07-23,2644857130.0116,934561616.6645,,,3579418746.6761,2,22445.1,33902052.40463243,42957.99275467899,0.0,0.0,0,0,0,False,0.0,99.74689657035437,33902052.40463243,42957.99275467899,99.74689657035437,estimated,-9.16422036403095
2022-07-24,2608858033.7065997,947081034.546,,,3555939068.2525997,2,22572.05,0.0,0.0,0.0,0.0,0,0,0,False,0.0,0.0,0.0,0.0,0.0,none,-17.118432044655236
2022-07-25,2340276305.1,892801188.8809999,,,3233077493.981,2,21303.0,18325139.01407038,0.0,0.0,0.0,0,0,0,False,0.0,100.0,18325139.01407038,0.0,100.0,estimated,-23.733549218543722
2022-07-26,2362971103.196,878008191.1520001,,,3240979294.348,2,21247.5,46378760.51515917,0.0,0.0,0.0,0,0,0,False,0.0,100.0,46378760.51515917,0.0,100.0,estimated,-30.775487905760063
2022-07-27,2612871514.5168996,991268330.808,,,3604139845.3248997,2,22946.05,17694.4967530738,2381199.2316514347,0.0,0.0,0,0,0,False,0.0,-98.5247786057749,17694.4967530738,2381199.2316514347,-98.5247786057749,estimated,-36.15207331110947
2022-07-28,2703441569.9226003,1022687450.157,,,3726129020.0796003,2,23839.0,1284672.450593032,28933413.82378289,0.0,0.0,0,0,0,False,0.0,-91.4973275347195,1284672.450593032,28933413.82378289,-91.4973275347195,estimated,-40.586121612843556
2022-07-29,2694566598.5319,942910815.618,,,3637477414.1499,2,23769.95,459124.6203314874,31133106.968142737,0.0,0.0,0,0,0,False,0.0,-97.09343343444601,459124.6203314874,31133106.968142737,-97.09343343444601,estimated,-43.6046333058271
2022-07-30,2763311130.3504004,984498897.2625,,,3747810027.6129007,2,23636.25,0.0,39931833.53804013,0.0,0.0,0,0,0,False,0.0,-100.0,0.0,39931833.53804013,-100.0,estimated,-46.56992947273274
2022-07-31,2641652273.2127,941820190.9275,,,3583472464.1401997,2,23295.2,1447288.4951927033,759933.7124836561,0.0,0.0,0,0,0,False,0.0,31.14116831185094,1447288.4951927033,759933.7124836561,31.14116831185094,estimated,-46.24888701346406
2022-08-01,2607742259.2256,925783519.5,,,3533525778.7256,2,23261.85,3329886.804944559,0.0,0.0,0.0,0,0,0,False,0.0,100.0,3329886.804944559,0.0,100.0,estimated,-37.00219300735642
2022-08-02,2575982617.3876996,941884344.576,,,3517866961.9636993,2,22978.55,6036705.220354138,0.0,0.0,0.0,0,0,0,False,0.0,100.0,6036705.220354138,0.0,100.0,estimated,-12.144375216053408
2022-08-03,2616373212.093,891955517.7190001,,,3508328729.8120003,2,22814.0,11688.926512582066,165486.76678689057,0.0,0.0,0,0,0,False,0.0,-86.80527075141762,11688.926512582066,165486.76678689057,-86.80527075141762,estimated,8.991569051377226
2022-08-04,2532287212.9911003,961259417.045,,,3493546630.0361004,2,22610.45,7726392.299028489,120678.46578293171,0.0,0.0,0,0,0,False,0.0,96.92424168457637,7726392.299028489,120678.46578293171,96.92424168457637,estimated,6.860945788345553
2022-08-05,2488913051.0733995,949220325.966,,,3438133377.0393996,2,23300.05,0.0,2047552.5660733697,0.0,0.0,0,0,0,False,0.0,-100.0,0.0,2047552.5660733697,-100.0,estimated,5.971977740790529
2022-08-06,2526199463.7435,879834333.6,,,3406033797.3435,2,22951.75,0.0,0.0,0.0,0.0,0,0,0,False,0.0,0.0,0.0,0.0,0.0,none,-10.738512424777898
2022-08-07,2545874211.105,937891252.644,,,3483765463.749,2,23173.05,0.0,104189.90103138589,0.0,0.0,0,0,0,False,0.0,-100.0,0.0,104189.90103138589,-100.0,estimated,-10.78730781742597
2022-08-08,2803752835.8504,959021279.073,,,3762774114.9234,2,23812.25,0.0,14957300.866083698,0.0,0.0,0,0,0,False,0.0,-100.0,0.0,14957300.866083698,-100.0,estimated,-28.757875727509784
2022-08-09,2681652684.6174,1010398565.025,,,3692051249.6424003,2,23142.6,9529260.115740402,0.0,0.0,0.0,0,0,0,False,0.0,100.0,9529260.115740402,0.0,100.0,estimated,-60.30957897937262
2022-08-10,2681566006.8024,1125211433.22,,,3806777440.0224,2,23947.050000000003,10803910.559224596,3463404.0494586565,0.0,0.0,0,0,0,False,0.0,51.449811762743515,10803910.559224596,3463404.0494586565,51.449811762743515,estimated,-49.916827502484715
2022-08-11,2798146677.7212,957300678.721,,,3755447356.4421997,2,23930.6,0.0,61172969.99406962,0.0,0.0,0,0,0,False,0.0,-100.0,0.0,61172969.99406962,-100.0,estimated,-59.2711059360278
2022-08-12,2832896068.2125,1027104064.8105,,,3860000133.0230002,2,24393.8,450029.64920478454,341572.2016321013,0.0,0.0,0,0,0,False,0.0,13.701009852114595,450029.64920478454,341572.2016321013,13.701009852114595,estimated,-51.55770727518046
2022-08-13,2929011449.5499997,1003537873.14,,,3932549322.6899996,2,24434.7,0.0,3086912.984048211,0.0,0.0,0,0,0,False,0.0,-100.0,0.0,3086912.984048211,-100.0,estimated,-37.34202409624607
2022-08-14,2774036239.1954,1065232866.464,,,3839269105.6594,2,24299.05,148423.44152537006,7189718.687802799,0.0,0.0,0,0,0,False,0.0,-95.95474061664274,148423.44152537006,7189718.687802799,-95.95474061664274,estimated,-41.789827963224056
2022-08-15,2611653155.7732,1063539435.2415,,,3675192591.0147,2,24089.45,2253657.148761144,27065167.84621247,0.0,0.0,0,0,0,False,0.0,-84.62655205897569,2253657.148761144,27065167.84621247,-84.62655205897569,estimated,-52.8194514201012
2022-08-16,2605277162.43,1039126228.582,,,3644403391.012,2,23849.5,520164.21048844315,0.0,0.0,0.0,0,0,0,False,0.0,100.0,520164.21048844315,0.0,100.0,estimated,-58.39660969183473
2022-08-17,2734551564.2109,1043846673.264,,,3778398237.4749,2,23335.949999999997,14391903.667342048,0.0,0.0,0.0,0,0,0,False,0.0,100.0,14391903.667342048,0.0,100.0,estimated,-44.581421060378595
2022-08-18,2696820789.8129,1147115299.044,,,3843936088.8569,2,23186.55,2135928.0277273525,171113.38959374223,0.0,0.0,0,0,0,False,0.0,85.16598893205509,2135928.0277273525,171113.38959374223,85.16598893205509,estimated,-49.655913753698655
2022-08-19,2273034919.514,1047433577.894,,,3320468497.408,2,20822.45,273889400.1196895,0.0,0.0,0.0,0,0,0,False,0.0,100.0,273889400.1196895,0.0,100.0,estimated,45.53664557567466
2022-08-20,2290188911.1875997,992921811.684,,,3283110722.8715997,2,21127.9,0.0,0.0,0.0,0.0,0,0,0,False,0.0,0.0,0.0,0.0,0.0,none,45.53664557567466
2022-08-21,2353251054.2015996,996169534.3935,,,3349420588.5950994,2,21509.3,0.0,190888.6008026741,0.0,0.0,0,0,0,False,0.0,-100.0,0.0,190888.6008026741,-100.0,estimated,45.50742149861193
2022-08-22,2326244142.864,981474069.825,,,3307718212.689,2,21393.25,706025.2967291413,0.0,0.0,0.0,0,0,0,False,0.0,100.0,706025.2967291413,0.0,100.0,estimated,50.81236996292352
2022-08-23,2368743532.4806004,994683137.091,,,3363426669.5716004,2,21517.35,0.0,10569.40152534753,0.0,0.0,0,0,0,False,0.0,-100.0,0.0,10569.40152534753,-100.0,estimated,49.65961207774461
2022-08-24,2379602495.9133,1031856115.571,,,3411458611.4843,2,21360.45,180457.55032495598,683150.3440729638,0.0,0.0,0,0,0,False,0.0,-58.20845281856408,180457.55032495598,683150.3440729638,-58.20845281856408,estimated,49.35879948662439
2022-08-25,2406742577.5283,1045372839.147,,,3452115416.6752996,2,21555.8,0.0,168446.43908809213,0.0,0.0,0,0,0,False,0.0,-100.0,0.0,168446.43908809213,-100.0,estimated,76.67298501778727
2022-08-26,2370506318.5674,955916554.7385,,,3326422873.3059,2,20233.45,39518435.096537866,426607.1544580534,0.0,0.0,0,0,0,False,0.0,97.86402952447789,39518435.096537866,426607.1544580534,97.86402952447789,estimated,79.0776992635492
2022-08-27,2389643555.6513,984122790.785,,,3373766346.4363,2,20033.0,7924125.094137716,0.0,0.0,0.0,0,0,0,False,0.0,100.0,7924125.094137716,0.0,100.0,estimated,80.98087018592575
2022-08-28,2307088624.6975,981108411.984,,,3288197036.6815004,2,19552.5,28559288.62215362,7562.41225208674,0.0,0.0,0,0,0,False,0.0,99.94705463165697,28559288.62215362,7562.41225208674,99.94705463165697,estimated,85.59513670644736
2022-08-29,2434987794.54,1042565594.195,,,3477553388.735,2,20276.75,0.0,138233.0472596532,0.0,0.0,0,0,0,False,0.0,-100.0,0.0,138233.0472596532,-100.0,estimated,99.02788830843326
2022-08-30,2403431886.5857,1022787383.9965,,,3426219270.5822,2,19803.3,5247283.795812049,485241.3850315165,0.0,0.0,0,0,0,False,0.0,83.0705886246064,5247283.795812049,485241.3850315165,83.0705886246064,estimated,98.78249670003008
2022-08-31,2256471903.7965,1027530640.2165,,,3284002544.0130005,2,20046.0,0.0,0.0,0.0,0.0,0,0,0,False,0.0,0.0,0.0,0.0,0.0,none,98.73388373742509
2022-09-01,2373138545.805,965505509.3145,,,3338644055.1194997,2,20129.05,53321.06724440796,716.7018434616991,0.0,0.0,0,0,0,False,0.0,97.34740402663077,53321.06724440796,716.7018434616991,97.34740402663077,estimated,98.82106315226258
2022-09-02,2290082528.133,1047203752.772,,,3337286280.9049997,2,19944.5,388351.41344833374,357821.34179994167,0.0,0.0,0,0,0,False,0.0,4.09155539835192,388351.41344833374,357821.34179994167,4.09155539835192,estimated,94.19320934048592
2022-09-03,2503437419.0916,991392025.071,,,3494829444.1626,2,19826.55,951026.4922999074,12674.528013952251,0.0,0.0,0,0,0,False,0.0,97.36961407183642,951026.4922999074,12674.528013952251,97.36961407183642,estimated,94.22879934682065
2022-09-04,2445190279.6685,1092156676.2935,,,3537346955.962,2,19997.85,342633.07404212817,148273.7822838418,0.0,0.0,0,0,0,False,0.0,39.59188779983727,342633.07404212817,148273.7822838418,39.59188779983727,estimated,94.34760829435662
2022-09-05,2540555722.1727004,1081919160.96,,,3622474883.1327004,2,19787.9,364561.0870156505,0.0,0.0,0.0,0,0,0,False,0.0,100.0,364561.0870156505,0.0,100.0,estimated,94.3251572432825
2022-09-06,2472328126.3065,1043462707.8425,,,3515790834.149,2,18782.0,188132368.6802594,881939.1898701916,0.0,0.0,0,0,0,False,0.0,99.06680166193964,188132368.6802594,881939.1898701916,99.06680166193964,estimated,97.59200203245709
2022-09-07,2353859657.802,1104259016.646,,,3458118674.448,2,19287.0,20609963.474501893,0.0,0.0,0.0,0,0,0,False,0.0,100.0,20609963.474501893,0.0,100.0,estimated,98.21693402440428
2022-09-08,2306899468.6793,1074737961.358,,,3381637430.0373,2,19313.15,42472.60159701,9693.160324524844,0.0,0.0,0,0,0,False,0.0,62.837079465628,42472.60159701,9693.160324524844,62.837079465628,estimated,98.32400477110336
2022-09-09,2905790477.2000003,1204458310.594,,,4110248787.7940006,2,21355.3,0.0,92171689.89674571,0.0,0.0,0,0,0,False,0.0,-100.0,0.0,92171689.89674571,-100.0,estimated,45.67133658333509
2022-09-10,2985894748.9115005,1173713232.9175,,,4159607981.8290005,2,21641.75,608404.3455390825,17683440.983639862,0.0,0.0,0,0,0,False,0.0,-93.34780789373326,608404.3455390825,17683440.983639862,-93.34780789373326,estimated,37.34701096571166
2022-09-11,3114890112.7414,1142157486.63,,,4257047599.3714,2,21825.4,64907.1217770896,10131367.359502152,0.0,0.0,0,0,0,False,0.0,-98.72684632222757,64907.1217770896,10131367.359502152,-98.72684632222757,estimated,27.97426826979329
2022-09-12,3254696443.362,1189456362.331,,,4444152805.693,2,22387.25,99947.69423668025,67040762.806242116,0.0,0.0,0,0,0,False,0.0,-99.70227394529594,99947.69423668025,67040762.806242116,-99.70227394529594,estimated,6.894930926239451
2022-09-13,2461660251.2375,1073523858.992,,,3535184110.2295003,2,20165.25,159719488.73069763,43835863.69095492,0.0,0.0,0,0,0,False,0.0,56.92978527024768,159719488.73069763,43835863.69095492,56.92978527024768,estimated,23.04362015789017
2022-09-14,2374169081.364,902005161.66,,,3276174243.0239997,2,20218.5,9389208.41692012,0.0,0.0,0.0,0,0,0,False,0.0,100.0,9389208.41692012,0.0,100.0,estimated,24.222268258090182
2022-09-15,2334101985.6336,890679998.885,,,3224781984.5186005,2,19696.9,5790852.826563053,0.0,0.0,0.0,0,0,0,False,0.0,100.0,5790852.826563053,0.0,100.0,estimated,24.92505079844816
2022-09-16,2422362886.8075,947783431.534,,,3370146318.3415,2,19795.9,52477528.40534128,0.0,0.0,0.0,0,0,0,False,0.0,100.0,52477528.40534128,0.0,100.0,estimated,30.823991398403074
2022-09-17,2511445279.69,991627035.336,,,3503072315.026,2,20108.75,0.0,433532.2254197206,0.0,0.0,0,0,0,False,0.0,-100.0,0.0,433532.2254197206,-100.0,estimated,30.643617806521917
2022-09-18,2421674711.4025,951443021.196,,,3373117732.5985003,2,19412.9,5215119.161355758,0.0,0.0,0.0,0,0,0,False,0.0,100.0,5215119.161355758,0.0,100.0,estimated,31.1731974458737
2022-09-19,2259791631.1152,969632427.635,,,3229424058.7502003,2,19533.3,61614119.228261985,0.0,0.0,0.0,0,0,0,False,0.0,100.0,61614119.228261985,0.0,100.0,estimated,36.90129847269172
2022-09-20,2185652048.1284,898138539.09,,,3083790587.2184,2,18868.4,477864.1835783584,3175.6795684157164,0.0,0.0,0,0,0,False,0.0,98.6796605388827,477864.1835783584,3175.6795684157164,98.6796605388827,estimated,15.49092890739246
2022-09-21,2115410613.15,872357047.014,,,2987767660.164,2,18453.0,13963064.254216963,192917.27861981167,0.0,0.0,0,0,0,False,0.0,97.27440618409521,13963064.254216963,192917.27861981167,97.27440618409521,estimated,14.41137104136957
2022-09-22,2367099998.3025,901484637.181,,,3268584635.4834995,2,19398.7,0.0,0.0,0.0,0.0,0,0,0,False,0.0,0.0,0.0,0.0,0.0,none,14.406700858199695
2022-09-23,2261044700.4915,897288834.1,,,3158333534.5915,2,19284.45,18574376.615640044,32754.363013613056,0.0,0.0,0,0,0,False,0.0,99.64793752404721,18574376.615640044,32754.363013613056,99.64793752404721,estimated,40.36409397642179
2022-09-24,2273431100.112,881051708.447,,,3154482808.559,2,18915.65,0.0,0.0,0.0,0.0,0,0,0,False,0.0,0.0,0.0,0.0,0.0,none,45.81070374854968
2022-09-25,2292261633.5731997,902822511.2,,,3195084144.7732,2,18799.85,40653.93710693337,37237.392277433115,0.0,0.0,0,0,0,False,0.0,4.386296724556853,40653.93710693337,37237.392277433115,4.386296724556853,estimated,49.1608724901052
2022-09-26,2465791783.6197,952609441.689,,,3418401225.3087,2,19221.5,6660.672443544678,421138.1949749333,0.0,0.0,0,0,0,False,0.0,-96.88607289507894,6660.672443544678,421138.1949749333,-96.88607289507894,estimated,75.84442110977876
2022-09-27,2456828768.1356997,969820328.295,,,3426649096.4307,2,19074.5,764640.2921316822,31098475.233821042,0.0,0.0,0,0,0,False,0.0,-95.20046750287882,764640.2921316822,31098475.233821042,-95.20046750287882,estimated,67.8664566756403
2022-09-28,2538926777.7950997,952033867.47,,,3490960645.2650995,2,19408.15,7535014.060867647,530764.0278212486,0.0,0.0,0,0,0,False,0.0,86.83911156530405,7535014.060867647,530764.0278212486,86.83911156530405,estimated,67.12011163814601
2022-09-29,2594338673.745,1075732875.2025,,,3670071548.9475,2,19585.3,969425.7913121564,51386.917817889094,0.0,0.0,0,0,0,False,0.0,89.93215555443427,969425.7913121564,51386.917817889094,89.93215555443427,estimated,66.26063878884155
2022-09-30,2435204229.0961,989546735.881,,,3424750964.9771,2,19418.050000000003,1074843.4199378984,4352927.029796465,0.0,0.0,0,0,0,False,0.0,-60.394661863767595,1074843.4199378984,4352927.029796465,-60.394661863767595,estimated,49.58370898176672
2022-10-01,2435667992.256,993969131.1025,,,3429637123.3585,2,19307.6,0.0,0.0,0.0,0.0,0,0,0,False,0.0,0.0,0.0,0.0,0.0,none,50.024991488931406
2022-10-02,2411400473.4366,1026034044.392,,,3437434517.8286,2,19055.0,4180068.2988108145,0.0,0.0,0.0,0,0,0,False,0.0,100.0,4180068.2988108145,0.0,100.0,estimated,49.67050861129472
2022-10-03,2660589422.386,1047801807.9725,,,3708391230.3585,2,19623.0,5697.274275624426,316618.7374622138,0.0,0.0,0,0,0,False,0.0,-96.46478979129438,5697.274275624426,316618.7374622138,-96.46478979129438,estimated,12.471878653994679
2022-10-04,3377653260.394,1195293388.9995,,,4572946649.3935,2,20332.55,59610.79778958548,27658761.092432987,0.0,0.0,0,0,0,False,0.0,-99.5698824012776,59610.79778958548,27658761.092432987,-99.5698824012776,estimated,-15.660489032010958
2022-10-05,3207385116.0,1358242881.06,,,4565627997.059999,2,20153.0,10554470.357981395,0.0,0.0,0.0,0,0,0,False,0.0,100.0,10554470.357981395,0.0,100.0,estimated,-19.151619654918797
2022-10-06,3125349345.294,1239383593.1145,,,4364732938.408501,2,19954.25,580894.6726681775,223929.3115527721,0.0,0.0,0,0,0,False,0.0,44.35322109106122,580894.6726681775,223929.3115527721,44.35322109106122,estimated,-18.683020996775927
2022-10-07,2861004791.7199,1192897421.08,,,4053902212.7999,2,19522.45,48844657.63956757,0.0,0.0,0.0,0,0,0,False,0.0,100.0,48844657.63956757,0.0,100.0,estimated,7.1247941051758845
2022-10-08,2802716526.5616,1218121746.81,,,4020838273.3716,2,19405.6,4713598.456317052,0.0,0.0,0.0,0,0,0,False,0.0,100.0,4713598.456317052,0.0,100.0,estimated,10.164454901342786
2022-10-09,2825382109.41,1221300427.0285,,,4046682536.4385,2,19439.25,5497.035242359619,4257.388968238197,0.0,0.0,0,0,0,False,0.0,12.708554060777802,5497.035242359619,4257.388968238197,12.708554060777802,estimated,10.167753780376032
2022-10-10,2900890816.6280003,1220636560.555,,,4121527377.1830006,2,19126.0,43160078.44047452,0.0,0.0,0.0,0,0,0,False,0.0,100.0,43160078.44047452,0.0,100.0,estimated,31.18150072757372
2022-10-11,2975208732.5249996,1216947724.87,,,4192156457.3949995,2,19057.5,13342348.390700221,15090.086040804712,0.0,0.0,0,0,0,False,0.0,99.774057188179,13342348.390700221,15090.086040804712,99.774057188179,estimated,60.573496762918424
2022-10-12,2892323877.8199997,1257782852.196,,,4150106730.016,2,19151.7,20686.447223957268,67383.44236777445,0.0,0.0,0,0,0,False,0.0,-53.02265661997747,20686.447223957268,67383.44236777445,-53.02265661997747,estimated,59.18864076172016
2022-10-13,2964813606.1775,1278600662.7259998,,,4243414268.9034996,2,19370.5,188812220.49839467,689237.9640215798,0.0,0.0,0,0,0,False,0.0,99.27257766814677,188812220.49839467,689237.9640215798,99.27257766814677,estimated,80.88337152645589
2022-10-14,2806039547.2745996,1273517270.202,,,4079556817.4765997,2,19175.75,649771.9284884551,9888149.16154975,0.0,0.0,0,0,0,False,0.0,-87.66792951025789,649771.9284884551,9888149.16154975,-87.66792951025789,estimated,78.03041655877291
2022-10-15,2832167224.1904,1240151643.027,,,4072318867.2174,2,19062.0,0.0,0.0,0.0,0.0,0,0,0,False,0.0,0.0,0.0,0.0,0.0,none,78.03041655877291
2022-10-16,2752853303.6307,1230019391.535,,,3982872695.1657,2,19252.2,0.0,165079.2968854507,0.0,0.0,0,0,0,False,0.0,-100.0,0.0,165079.2968854507,-100.0,estimated,77.68384392711789
2022-10-17,3057180626.190599,1206974076.0,,,4264154702.190599,2,19540.3,0.0,322779.02951971424,0.0,0.0,0,0,0,False,0.0,-100.0,0.0,322779.02951971424,-100.0,estimated,77.68035107198415
2022-10-18,2949346301.3085003,1341669733.323,,,4291016034.6315002,2,19320.7,2375999.6450972077,480592.89611982304,0.0,0.0,0,0,0,False,0.0,66.35201631415939,2375999.6450972077,480592.89611982304,66.35201631415939,estimated,92.70182310052262
2022-10-19,2944227868.1965,1287482260.204,,,4231710128.4005,2,19123.3,4819657.06771163,0.0,0.0,0.0,0,0,0,False,0.0,100.0,4819657.06771163,0.0,100.0,estimated,92.57069511136007
2022-10-20,2984155613.2194004,1311115487.8445,,,4295271101.0639,2,19041.75,3788435.718684732,0.0,0.0,0.0,0,0,0,False,0.0,100.0,3788435.718684732,0.0,100.0,estimated,92.77851382344436
2022-10-21,2874756057.9295,1376940063.789,,,4251696121.7185,2,19157.55,31499149.540080868,111623.94446978476,0.0,0.0,0,0,0,False,0.0,99.2937601193192,31499149.540080868,111623.94446978476,99.2937601193192,estimated,92.2971631612728
2022-10-22,2890468738.3826995,1306660146.033,,,4197128884.4156995,2,19197.55,0.0,0.0,0.0,0.0,0,0,0,False,0.0,0.0,0.0,0.0,0.0,none,92.17622412615155
2022-10-23,3150083451.8936,1321167850.498,,,4471251302.3916,2,19561.85,40785.42101967926,3459306.5580023555,0.0,0.0,0,0,0,False,0.0,-97.66946575894984,40785.42101967926,3459306.5580023555,-97.66946575894984,estimated,89.990896790309
2022-10-24,2826116866.8768,1299490384.401,,,4125607251.2778,2,19323.3,2530223.843211055,0.0,0.0,0.0,0,0,0,False,0.0,100.0,2530223.843211055,0.0,100.0,estimated,88.44509059260395
2022-10-25,3303451291.6860003,1293005606.475,,,4596456898.161,2,20072.949999999997,0.0,68934016.47205853,0.0,0.0,0,0,0,False,0.0,-100.0,0.0,68934016.47205853,-100.0,estimated,47.20425371381447
2022-10-26,3460192350.0305996,1479070858.008,,,4939263208.038599,2,20759.15,0.0,176521206.3974049,0.0,0.0,0,0,0,False,0.0,-100.0,0.0,176521206.3974049,-100.0,estimated,-5.262849366073432
2022-10-27,3082235507.1159997,1364017775.013,,,4446253282.129,2,20287.75,7400525.637298329,126629.44450521482,0.0,0.0,0,0,0,False,0.0,96.63539695598051,7400525.637298329,126629.44450521482,96.63539695598051,estimated,-66.07972793670866
2022-10-28,3026416347.4523997,1317370690.305,,,4343787037.7574,2,20589.6,9908743.928367719,0.0,0.0,0.0,0,0,0,False,0.0,100.0,9908743.928367719,0.0,100.0,estimated,-60.085399472805854
2022-10-29,3179320177.3862,1266586226.95,,,4445906404.3362,2,20801.9,0.0,19406867.58156343,0.0,0.0,0,0,0,False,0.0,-100.0,0.0,19406867.58156343,-100.0,estimated,-62.41934620321572
2022-10-30,2969998391.6636,1258877988.56,,,4228876380.2236,2,20619.8,261354.78181195506,54875.847674279605,0.0,0.0,0,0,0,False,0.0,65.29378083113969,261354.78181195506,54875.847674279605,65.29378083113969,estimated,-62.27903117712986
2022-10-31,2752084801.158,1226079907.84,,,3978164708.998,2,20481.5,2709747.7796800015,0.0,0.0,0.0,0,0,0,False,0.0,100.0,2709747.7796800015,0.0,100.0,estimated,-60.92774352327053
2022-11-01,2766981316.7766,1196840140.6025,,,3963821457.3791,2,20478.0,0.0,0.0,0.0,0.0,0,0,0,False,0.0,0.0,0.0,0.0,0.0,none,-62.024293146300835
2022-11-02,2614498037.7144,1161134066.859,,,3775632104.5733995,2,20143.75,4042958.8851512102,95335.34225085417,0.0,0.0,0,0,0,False,0.0,95.3925295296993,4042958.8851512102,95335.34225085417,95.3925295296993,estimated,-62.41555218041904
2022-11-03,2615976389.2885003,1153018688.427,,,3768995077.7155004,2,20204.6,0.0,0.0,0.0,0.0,0,0,0,False,0.0,0.0,0.0,0.0,0.0,none,-64.29661171866027
2022-11-04,3003500388.8032,1254151149.552,,,4257651538.3552,2,21140.8,0.0,36704209.68485614,0.0,0.0,0,0,0,False,0.0,-100.0,0.0,36704209.68485614,-100.0,estimated,-83.80818762851467
2022-11-05,3148678255.1701,1317190519.722,,,4465868774.8921,2,21290.2,0.0,64577115.82594918,0.0,0.0,0,0,0,False,0.0,-100.0,0.0,64577115.82594918,-100.0,estimated,-86.44349336284908
2022-11-06,2911314552.3,1344780742.656,,,4256095294.9560003,2,20907.0,1778740.7909626467,0.0,0.0,0.0,0,0,0,False,0.0,100.0,1778740.7909626467,0.0,100.0,estimated,-85.50456364150286
2022-11-07,2679737245.7674,1252421702.115,,,3932158947.8823996,2,20585.25,27518819.17248948,6880.978042359559,0.0,0.0,0,0,0,False,0.0,99.95000324783943,27518819.17248948,6880.978042359559,99.95000324783943,estimated,-74.46916193805195
2022-11-08,2228255580.462,1112474661.306,,,3340730241.7679996,2,18535.5,569034417.5347463,0.0,0.0,0.0,0,0,0,False,0.0,100.0,569034417.5347463,0.0,100.0,estimated,35.33801470976875
2022-11-09,2103741276.09,703508425.5285,,,2807249701.6184998,2,15898.25,207974897.75897583,0.0,0.0,0.0,0,0,0,False,0.0,100.0,207974897.75897583,0.0,100.0,estimated,74.57510612082685
2022-11-10,2151574231.072,792464496.718,,,2944038727.79,2,17591.0,0.0,0.0,0.0,0.0,0,0,0,False,0.0,0.0,0.0,0.0,0.0,none,74.39921836162871
2022-11-11,2006551299.5073,729157843.6798295,,,2735709143.1871295,2,17055.15,12054608.379809648,8763.12410530727,0.0,0.0,0,0,0,False,0.0,99.85471517473432,12054608.379809648,8763.12410530727,99.85471517473432,estimated,74.45566082085976
2022-11-12,1975942341.7701,747216259.0840001,,,2723158600.8541,2,16805.45,0.0,0.0,0.0,0.0,0,0,0,False,0.0,0.0,0.0,0.0,0.0,none,78.1086117184181
2022-11-13,1945736166.7968,725329102.7744999,,,2671065269.5712996,2,16325.85,137669.83338691978,3702.4044342223574,0.0,0.0,0,0,0,False,0.0,94.76219024147235,137669.83338691978,3702.4044342223574,94.76219024147235,estimated,78.11552566699179
2022-11-14,1916841653.1856,728906695.79,,,2645748348.9756002,2,16606.35,9027910.114752216,235706.14133807007,0.0,0.0,0,0,0,False,0.0,94.9111419380502,9027910.114752216,235706.14133807007,94.9111419380502,estimated,78.21870457726898
2022-11-15,1988472908.8939,666028074.57,,,2654500983.4639,2,16883.15,519.4555685144934,41633.993474949486,0.0,0.0,0,0,0,False,0.0,-97.53540656671349,519.4555685144934,41633.993474949486,-97.53540656671349,estimated,78.2107659858115
2022-11-16,2051292162.9246,748917125.418,,,2800209288.3426,2,16646.8,813760.8340417764,10720.184408482079,0.0,0.0,0,0,0,False,0.0,97.39953154321677,813760.8340417764,10720.184408482079,97.39953154321677,estimated,78.1513180538273
2022-11-17,2076759083.1207,780531642.0665001,,,2857290725.1872,2,16685.3,92600.60458393316,25326.158129161187,0.0,0.0,0,0,0,False,0.0,57.04764966578867,92600.60458393316,25326.158129161187,57.04764966578867,estimated,78.14864218410186
2022-11-18,2016893850.5037,871193392.3,,,2888087242.8037,2,16694.85,31875.241647434,686422.0633869165,0.0,0.0,0,0,0,False,0.0,-91.12477760280345,31875.241647434,686422.0633869165,-91.12477760280345,estimated,85.32623817442689
2022-11-19,1996892168.796,847571070.752,,,2844463239.548,2,16690.45,72122.96782100215,12452.359300688619,0.0,0.0,0,0,0,False,0.0,70.55321043506788,72122.96782100215,12452.359300688619,70.55321043506788,estimated,99.75129091792208
2022-11-20,1973802070.6848,841529259.6255001,,,2815331330.3103,2,16273.05,4009442.4544580323,0.0,0.0,0.0,0,0,0,False,0.0,100.0,4009442.4544580323,0.0,100.0,estimated,99.75195789988311
2022-11-21,2035157287.522,784033386.818,,,2819190674.34,2,15769.25,33359608.178058453,0.0,0.0,0.0,0,0,0,False,0.0,100.0,33359608.178058453,0.0,100.0,estimated,99.7553284052219
2022-11-22,2074134837.3284,784645531.9285,,,2858780369.2569,2,16219.55,42162.68180869633,667012.5266994853,0.0,0.0,0,0,0,False,0.0,-88.10937514372799,42162.68180869633,667012.5266994853,-88.10937514372799,estimated,98.74364430912141
2022-11-23,2045798652.4976,842358730.35,,,2888157382.8476,2,16592.4,0.0,3365286.5031097066,0.0,0.0,0,0,0,False,0.0,-100.0,0.0,3365286.5031097066,-100.0,estimated,84.36760529574559
2022-11-24,2055205861.9884,892423468.326,,,2947629330.3143997,2,16593.45,28311.4545905952,3769179.872422998,0.0,0.0,0,0,0,False,0.0,-98.50893907832253,28311.4545905952,3769179.872422998,-98.50893907832253,estimated,74.22885259191268
2022-11-25,2071737154.1391,914352051.357,,,2986089205.4961,2,16513.3,278267.86530439486,0.0,0.0,0.0,0,0,0,False,0.0,100.0,278267.86530439486,0.0,100.0,estimated,68.90432430608267
2022-11-26,2074993413.9584,903228489.405,,,2978221903.3634,2,16449.1,14410.949808029298,39893.34118163468,0.0,0.0,0,0,0,False,0.0,-46.92518935281851,14410.949808029298,39893.34118163468,-46.92518935281851,estimated,68.79351784066004
2022-11-27,2081363553.7985995,895515378.29,,,2976878932.088599,2,16424.3,0.0,2177.1891519964815,0.0,0.0,0,0,0,False,0.0,-100.0,0.0,2177.1891519964815,-100.0,estimated,68.7221957012681
2022-11-28,2025211121.622,907694997.066,,,2932906118.6879997,2,16205.25,2897414.5756869633,0.0,0.0,0.0,0,0,0,False,0.0,100.0,2897414.5756869633,0.0,100.0,estimated,65.69836435783604
2022-11-29,2095146150.538,844948962.492,,,2940095113.03,2,16430.1,1473.8689564914005,48434.68323756123,0.0,0.0,0,0,0,False,0.0,-94.0937218504726,1473.8689564914005,48434.68323756123,-94.0937218504726,estimated,65.67659867252613
2022-11-30,2180385912.6618,904088392.2525,,,3084474304.9143,2,17158.15,0.0,17996968.46386851,0.0,0.0,0,0,0,False,0.0,-100.0,0.0,17996968.46386851,-100.0,estimated,21.077045953870613
2022-12-01,2203242187.7555,907014032.115,,,3110256219.8704996,2,16971.5,695025.8784002848,11626392.245878816,0.0,0.0,0,0,0,False,0.0,-88.71841095903157,695025.8784002848,11626392.245878816,-88.71841095903157,estimated,4.037822468569693
2022-12-02,2200098626.242,948165188.2185,,,3148263814.4605002,2,17086.25,29478.288214097884,5834.056835116875,0.0,0.0,0,0,0,False,0.0,66.95740921773414,29478.288214097884,5834.056835116875,66.95740921773414,estimated,4.9316379487654975
2022-12-03,2188567933.1505003,915426953.202,,,3103994886.3525004,2,16882.0,48681.15625042788,18700.038622979566,0.0,0.0,0,0,0,False,0.0,44.494784759717305,48681.15625042788,18700.038622979566,44.494784759717305,estimated,4.89510384680819
2022-12-04,2324883604.0595,932914068.728,,,3257797672.7875004,2,17102.45,0.0,9441.958803756852,0.0,0.0,0,0,0,False,0.0,-100.0,0.0,9441.958803756852,-100.0,estimated,-0.20613479614616498
2022-12-05,2082925209.3733995,938616634.74,,,3021541844.1133995,2,16964.0,211025.51984780526,5299635.414555155,0.0,0.0,0,0,0,False,0.0,-92.34119019987686,211025.51984780526,5299635.414555155,-92.34119019987686,estimated,-81.96737047731227
2022-12-06,1887554436.8604,968715505.796,,,2856269942.6563997,2,17081.75,0.0,9627.764530025986,0.0,0.0,0,0,0,False,0.0,-100.0,0.0,9627.764530025986,-100.0,estimated,-81.87722964450865
2022-12-07,1811874478.988,961616357.099,,,2773490836.087,2,16827.5,4661024.527910648,0.0,0.0,0.0,0,0,0,False,0.0,100.0,4661024.527910648,0.0,100.0,estimated,-62.82300687481192
2022-12-08,1904972694.72,1019963920.7835,,,2924936615.5035,2,17220.5,0.0,63379.813560485054,0.0,0.0,0,0,0,False,0.0,-100.0,0.0,63379.813560485054,-100.0,estimated,-59.79368558556158
2022-12-09,1865162571.692,1028147422.5,,,2893309994.192,2,17122.5,183141.22606559342,226526.17677077468,0.0,0.0,0,0,0,False,0.0,-10.590286267543318,183141.22606559342,226526.17677077468,-10.590286267543318,estimated,-60.34503833715339
2022-12-10,1881209988.32,1022528286.351,,,2903738274.671,2,17121.5,0.0,2546.7884608464183,0.0,0.0,0,0,0,False,0.0,-100.0,0.0,2546.7884608464183,-100.0,estimated,-60.36388043604464
2022-12-11,1862272204.6837,1033627642.384,,,2895899847.0677,2,17082.45,0.0,28987.03593094447,0.0,0.0,0,0,0,False,0.0,-100.0,0.0,28987.03593094447,-100.0,estimated,-60.38799637138976
2022-12-12,1798836406.4,1053553632.642,,,2852390039.042,2,17200.5,601937.820246269,20913.060622975805,0.0,0.0,0,0,0,False,0.0,93.28472953468743,601937.820246269,20913.060622975805,93.28472953468743,estimated,-69.2179222744815
2022-12-13,1905756815.8068,1116225891.222,,,3021982707.0288,2,17773.55,9053.242059018028,70275007.42163384,0.0,0.0,0,0,0,False,0.0,-99.97423813600543,9053.242059018028,70275007.42163384,-99.97423813600543,estimated,-88.50352372178065
2022-12-14,1989917066.5595,1130172513.12,,,3120089579.6794996,2,17806.45,133254.81661968134,63147023.20023299,0.0,0.0,0,0,0,False,0.0,-99.57884250576716,133254.81661968134,63147023.20023299,-99.57884250576716,estimated,-91.64355353076925
2022-12-15,1878007732.5256,1147551640.6275,,,3025559373.1531,2,17357.25,5565585.332974599,0.0,0.0,0.0,0,0,0,False,0.0,100.0,5565585.332974599,0.0,100.0,estimated,-84.7982454082869
2022-12-16,1631686502.0669997,1102934303.412,,,2734620805.4789996,2,16631.5,47952196.958401054,29456.657000717165,0.0,0.0,0,0,0,False,0.0,99.8772169994939,47952196.958401054,29456.657000717165,99.8772169994939,estimated,-40.1846305427673
2022-12-17,1665742744.8319998,1028946514.316,,,2694689259.148,2,16771.25,0.0,0.0,0.0,0.0,0,0,0,False,0.0,0.0,0.0,0.0,0.0,none,-40.2133853023763
2022-12-18,1646872544.0166,1055227917.7305,,,2702100461.7471,2,16732.65,9506.71409380708,7061.512189782587,0.0,0.0,0,0,0,False,0.0,14.758380662910145,9506.71409380708,7061.512189782587,14.758380662910145,estimated,-40.205950760324924
2022-12-19,1599436458.4884,1041091225.65,,,2640527684.1384,2,16432.75,22842778.41627905,0.0,0.0,0.0,0,0,0,False,0.0,100.0,22842778.41627905,0.0,100.0,estimated,-24.031278050641944
2022-12-20,1606427255.8752,1093926182.76,,,2700353438.6352,2,16891.8,0.0,232068.3593405892,0.0,0.0,0,0,0,False,0.0,-100.0,0.0,232068.3593405892,-100.0,estimated,-24.109515072382205
2022-12-21,1610985576.998,1026963149.108,,,2637948726.106,2,16825.5,85990.70551013116,0.0,0.0,0.0,0,0,0,False,0.0,100.0,85990.70551013116,0.0,100.0,estimated,-26.795234761863163
2022-12-22,1672486109.1899998,1063356223.33,,,2735842332.52,2,16823.8,277997.1977029906,0.0,0.0,0.0,0,0,0,False,0.0,100.0,277997.1977029906,0.0,100.0,estimated,-26.606753782394176
2022-12-23,1648985321.6260002,1127854294.515,,,2776839616.1410003,2,16781.0,33882.326065387824,130141.8871975663,0.0,0.0,0,0,0,False,0.0,-58.68618981141566,33882.326065387824,130141.8871975663,-58.68618981141566,estimated,-26.662685883172855
2022-12-24,1649300323.3872,1111990021.7008317,,,2761290345.088032,2,16833.35,0.0,0.0,0.0,0.0,0,0,0,False,0.0,0.0,0.0,0.0,0.0,none,-26.66180229856878
2022-12-25,1638714663.0544002,1102110941.125,,,2740825604.1794004,2,16825.0,112.28469297030729,0.0,0.0,0.0,0,0,0,False,0.0,100.0,112.28469297030729,0.0,100.0,estimated,-26.651676729720474
2022-12-26,1632775425.0960002,1119856532.778,,,2752631957.8740005,2,16913.45,0.0,72454.86970145896,0.0,0.0,0,0,0,False,0.0,-100.0,0.0,72454.86970145896,-100.0,estimated,-27.031257297419586
2022-12-27,1723189501.0786002,1101978951.689,,,2825168452.7676,2,16705.15,310199.5882886191,0.0,0.0,0.0,0,0,0,False,0.0,100.0,310199.5882886191,0.0,100.0,estimated,9.652294089939618
2022-12-28,1759628071.428,1119812417.271,,,2879440488.699,2,16542.75,1711825.3364730766,0.0,0.0,0.0,0,0,0,False,0.0,100.0,1711825.3364730766,0.0,100.0,estimated,98.81106281567538
2022-12-29,1778384662.3744998,1191415857.652,,,2969800520.0264997,2,16638.55,0.0,19503.22419143733,0.0,0.0,0,0,0,False,0.0,-100.0,0.0,19503.22419143733,-100.0,estimated,98.66869609217397
2022-12-30,1787837563.7276,1206125535.4135,,,2993963099.1411,2,16607.15,3091577.1744125998,18547.817480959355,0.0,0.0,0,0,0,False,0.0,98.80726224641751,3091577.1744125998,18547.817480959355,98.80726224641751,estimated,96.67325242732477
2022-12-31,1747882361.2415998,1203881048.1225002,,,2951763409.3641,2,16541.199999999997,42423.73458777412,0.0,0.0,0.0,0,0,0,False,0.0,100.0,42423.73458777412,0.0,100.0,estimated,96.67813827889454
2023-01-01,1808107462.7182,1190523197.5298338,,,2998630660.2480335,2,16614.95,0.0,0.0,0.0,0.0,0,0,0,False,0.0,0.0,0.0,0.0,0.0,none,96.7251520804466
2023-01-02,1752515479.9099998,1219799176.128,,,2972314656.038,2,16670.5,0.0,533104.3191779456,0.0,0.0,0,0,0,False,0.0,-100.0,0.0,533104.3191779456,-100.0,estimated,69.33394135884237
2023-01-03,1751641284.0608,1232902231.14,,,2984543515.2008,2,16668.6,0.0,13079.986884589665,0.0,0.0,0,0,0,False,0.0,-100.0,0.0,13079.986884589665,-100.0,estimated,75.18208790949195
2023-01-04,1709940821.4327998,1253441903.495,,,2963382724.9277997,2,16849.05,0.0,1999643.597375758,0.0,0.0,0,0,0,False,0.0,-100.0,0.0,1999643.597375758,-100.0,estimated,32.485845325529255
2023-01-05,1748677935.6074,1173980357.278,,,2922658292.8854,2,16824.9,13612.476971430333,0.0,0.0,0.0,0,0,0,False,0.0,100.0,13612.476971430333,0.0,100.0,estimated,30.251869322182408
2023-01-06,1755370072.2338,1214947980.4,,,2970318052.6338,2,16944.199999999997,207345.8003613399,1321316.2578721188,0.0,0.0,0,0,0,False,0.0,-72.87225135934212,207345.8003613399,1321316.2578721188,-72.87225135934212,estimated,14.959746133366867
2023-01-07,1786647728.7224998,1149820902.7378306,,,2936468631.4603305,2,16942.0,0.0,0.0,0.0,0.0,0,0,0,False,0.0,0.0,0.0,0.0,0.0,none,14.959746133366867
2023-01-08,1760808438.6804,1187107096.9635,,,2947915535.6439,2,17125.35,0.0,5489380.78938793,0.0,0.0,0,0,0,False,0.0,-100.0,0.0,5489380.78938793,-100.0,estimated,-27.553507311672693
2023-01-09,1773732255.5635002,1123707408.693,,,2897439664.2565002,2,17177.2,0.0,19007422.65807237,0.0,0.0,0,0,0,False,0.0,-100.0,0.0,19007422.65807237,-100.0,estimated,-68.16372980173175
2023-01-10,1971033728.1408,1137030541.8895,,,3108064270.0303,2,17433.75,0.0,10473048.565316845,0.0,0.0,0,0,0,False,0.0,-100.0,0.0,10473048.565316845,-100.0,estimated,-76.93867405004292
2023-01-11,1917810611.8357,1274539495.137,,,3192350106.9727,2,17939.35,378888.82832752273,72675559.93452647,0.0,0.0,0,0,0,False,0.0,-98.96272209360595,378888.82832752273,72675559.93452647,-98.96272209360595,estimated,-93.52237383727348
2023-01-12,2051853590.782,1241881663.52,,,3293735254.302,2,18840.25,0.0,207151920.60725942,0.0,0.0,0,0,0,False,0.0,-100.0,0.0,207151920.60725942,-100.0,estimated,-97.68383832697552
2023-01-13,2217955149.8478003,1247782041.4299998,,,3465737191.2778,2,19926.5,91620.92785059652,99687487.42426601,0.0,0.0,0,0,0,False,0.0,-99.81635248227062,91620.92785059652,99687487.42426601,-99.81635248227062,estimated,-99.64976543218899
2023-01-14,1963839775.7267995,1384776035.62,,,3348615811.3467994,2,20954.15,0.0,155291820.17262554,0.0,0.0,0,0,0,False,0.0,-100.0,0.0,155291820.17262554,-100.0,estimated,-99.75921100761754
2023-01-15,1968554973.0501,1014520269.62,,,2983075242.6701,2,20880.35,719861.4527386694,25790.317081103236,0.0,0.0,0,0,0,False,0.0,93.08247680084315,719861.4527386694,25790.317081103236,93.08247680084315,estimated,-99.50917184829193
2023-01-16,2076103856.6149,1069630442.626,,,3145734299.2409,2,21187.75,5692.085824344254,1130492.982517771,0.0,0.0,0,0,0,False,0.0,-98.99803544634678,5692.085824344254,1130492.982517771,-98.99803544634678,estimated,-99.50770853130277
2023-01-17,2154986763.7025003,1099424747.0679998,,,3254411510.7705,2,21129.15,857115.3671245577,3927732.1900397283,0.0,0.0,0,0,0,False,0.0,-64.1737649158243,857115.3671245577,3927732.1900397283,-64.1737649158243,estimated,-99.21643056179342
2023-01-18,2103432284.8,1117091266.62,,,3220523551.42,2,20679.55,11410764.220482225,1707072.2451150888,0.0,0.0,0,0,0,False,0.0,73.97326533850249,11410764.220482225,1707072.2451150888,73.97326533850249,estimated,-95.37339287224565
2023-01-19,2213608147.377,1113797668.791,,,3327405816.1679997,2,21069.85,0.0,240149.50705053945,0.0,0.0,0,0,0,False,0.0,-100.0,0.0,240149.50705053945,-100.0,estimated,-95.37976426487698
2023-01-20,2235966567.3576,1276054499.196,,,3512021066.5536003,2,22664.05,123661.15364403183,156286576.08051223,0.0,0.0,0,0,0,False,0.0,-99.84187588251157,123661.15364403183,156286576.08051223,-99.84187588251157,estimated,-96.36053822391085
2023-01-21,2175641787.9662004,1133876261.7,,,3309518049.6662006,2,22782.95,145431.98182951738,75772639.03414646,0.0,0.0,0,0,0,False,0.0,-99.61687124058007,145431.98182951738,75772639.03414646,-99.61687124058007,estimated,-96.66106640599881
2023-01-22,2140637095.2048,1022203382.954,,,3162840478.1588,2,22708.949999999997,454182.23813581065,0.0,0.0,0.0,0,0,0,False,0.0,100.0,454182.23813581065,0.0,100.0,estimated,-96.52939656880831
2023-01-23,2110778372.493,1048140320.6645,,,3158918693.1575003,2,22915.1,0.0,0.0,0.0,0.0,0,0,0,False,0.0,0.0,0.0,0.0,0.0,none,-96.44678858417248
2023-01-24,2087913150.0484,1020700487.863,,,3108613637.9114,2,22632.0,93933.2019192986,15379.239596106045,0.0,0.0,0,0,0,False,0.0,71.86186790286126,93933.2019192986,15379.239596106045,71.86186790286126,estimated,-96.37623336295394
2023-01-25,1980928715.903,1079779540.9545,,,3060708256.8575,2,23058.55,217826.11226673177,33155715.2263954,0.0,0.0,0,0,0,False,0.0,-98.6946179306756,217826.11226673177,33155715.2263954,-98.6946179306756,estimated,-96.22716203680787
2023-01-26,2038886805.867,975555267.18277,,,3014442073.0497704,2,23006.25,48221.956816774255,34380.71101119182,0.0,0.0,0,0,0,False,0.0,16.756414979730618,48221.956816774255,34380.71101119182,16.756414979730618,estimated,-94.76646796964222
2023-01-27,2079219347.276,1029816122.868,,,3109035470.144,2,23071.5,357593.02478155063,265897.6518846487,0.0,0.0,0,0,0,False,0.0,14.706775310129172,357593.02478155063,265897.6518846487,14.706775310129172,estimated,-93.4729022083765
2023-01-28,2080703622.7761,1034636582.664,,,3115340205.4400997,2,23024.3,42054.33035987232,12940.711644277872,0.0,0.0,0,0,0,False,0.0,52.93862438253506,42054.33035987232,12940.711644277872,52.93862438253506,estimated,-89.91375614064955
2023-01-29,2451825230.0580997,1106290626.4125,,,3558115856.4705997,2,23741.15,0.0,5813937.565095385,0.0,0.0,0,0,0,False,0.0,-100.0,0.0,5813937.565095385,-100.0,estimated,-90.58160724706545
2023-01-30,2131748251.1004,1053361188.726,,,3185109439.8264,2,22828.25,32697824.890038207,0.0,0.0,0.0,0,0,0,False,0.0,100.0,32697824.890038207,0.0,100.0,estimated,-71.29976466487639
2023-01-31,2254570064.3178,1097016833.43,,,3351586897.7478,2,23132.0,0.0,0.0,0.0,0.0,0,0,0,False,0.0,0.0,0.0,0.0,0.0,none,-71.40668605344818
2023-02-01,2379514691.82,1093302375.9135,,,3472817067.7335005,2,23729.75,606412.8683612745,1506189.5255629304,0.0,0.0,0,0,0,False,0.0,-42.59091345297121,606412.8683612745,1506189.5255629304,-42.59091345297121,estimated,-77.40294601328155
2023-02-02,2297583033.3786,1105956422.0495,,,3403539455.4281,2,23490.55,463254.3533611548,22644979.482919507,0.0,0.0,0,0,0,False,0.0,-95.99056893189447,463254.3533611548,22644979.482919507,-95.99056893189447,estimated,-78.6851497486405
2023-02-03,2263788142.7031,1069114022.353,,,3332902165.0561004,2,23431.65,9909.681399803594,7782.849454285988,0.0,0.0,0,0,0,False,0.0,12.02107241218118,9909.681399803594,7782.849454285988,12.02107241218118,estimated,-59.697938156634166
2023-02-04,2299718699.2205997,1089224172.9494998,,,3388942872.1700993,2,23323.75,0.0,0.0,0.0,0.0,0,0,0,False,0.0,0.0,0.0,0.0,0.0,none,-28.914625112615823
2023-02-05,2352730818.2000003,1079296882.264,,,3432027700.464,2,22935.0,4369651.640400043,0.0,0.0,0.0,0,0,0,False,0.0,100.0,4369651.640400043,0.0,100.0,estimated,-23.98357672559853
2023-02-06,2345535163.0851,1123197026.743,,,3468732189.8281,2,22758.65,4388259.780920656,33035.58258901247,0.0,0.0,0,0,0,False,0.0,98.50561521577293,4388259.780920656,33035.58258901247,98.50561521577293,estimated,-18.912078092090706
2023-02-07,2355952725.9945,1123467236.9225,,,3479419962.917,2,23242.6,0.0,525256.5164322916,0.0,0.0,0,0,0,False,0.0,-100.0,0.0,525256.5164322916,-100.0,estimated,-19.40194870970295
2023-02-08,2407625512.4053,1083552323.859,,,3491177836.2643003,2,22962.5,134855.3907308795,13978.44648019748,0.0,0.0,0,0,0,False,0.0,81.21603696829617,134855.3907308795,13978.44648019748,81.21603696829617,estimated,16.572388036426496
2023-02-09,2174673161.3240004,1072920220.218,,,3247593381.5420003,2,21797.7,77313370.82064778,0.0,0.0,0.0,0,0,0,False,0.0,100.0,77313370.82064778,0.0,100.0,estimated,59.22945287419482
2023-02-10,2202047658.6654,1056775410.847,,,3258823069.5124,2,21624.2,61768615.960601464,0.0,0.0,0.0,0,0,0,False,0.0,100.0,61768615.960601464,0.0,100.0,estimated,71.21943187427664
2023-02-11,2225939487.88,1079934879.9557998,,,3305874367.8358,2,21855.75,0.0,23208.417123849187,0.0,0.0,0,0,0,False,0.0,-100.0,0.0,23208.417123849187,-100.0,estimated,71.20545122762962
2023-02-12,2155186959.4930997,1085279511.7168,,,3240466471.2099,2,21780.800000000003,50373.873013502576,115177.3517169005,0.0,0.0,0,0,0,False,0.0,-39.14406481071289,50373.873013502576,115177.3517169005,-39.14406481071289,estimated,75.93327433361324
2023-02-13,2179935623.4798,1073337066.432,,,3253272689.9118004,2,21773.65,2742173.874819462,1071.6804712241396,0.0,0.0,0,0,0,False,0.0,99.92186769652048,2742173.874819462,1071.6804712241396,99.92186769652048,estimated,71.85262164034899
2023-02-14,2294840186.0742,1091907391.7069998,,,3386747577.7812,2,22192.1,27460.253991345704,691082.1099133835,0.0,0.0,0,0,0,False,0.0,-92.35667780473786,27460.253991345704,691082.1099133835,-92.35667780473786,estimated,71.18764231600676
2023-02-15,2643880284.6814,1257334284.9342,,,3901214569.6155996,2,24334.15,35426.22104943575,63576691.44062143,0.0,0.0,0,0,0,False,0.0,-99.88861801068201,35426.22104943575,63576691.44062143,-99.88861801068201,estimated,26.647801240950265
2023-02-16,2550355713.7152,1171856823.8745,,,3722212537.5896997,2,23515.25,6604965.714048762,126813303.23874965,0.0,0.0,0,0,0,False,0.0,-90.09885862574711,6604965.714048762,126813303.23874965,-90.09885862574711,estimated,-9.837065784151841
2023-02-17,2651061211.9115,1065013674.798,,,3716074886.7095,2,24579.6,10752033.232627867,0.0,0.0,0.0,0,0,0,False,0.0,100.0,10752033.232627867,0.0,100.0,estimated,-6.557480575463625
2023-02-18,2714347200.2664,1079125606.8285,,,3793472807.0949,2,24637.4,19323.824106546625,56015.63989793098,0.0,0.0,0,0,0,False,0.0,-48.70198676911702,19323.824106546625,56015.63989793098,-48.70198676911702,estimated,-6.566299065939657
2023-02-19,2595550015.9422,1110430994.1851,,,3705981010.1273003,2,24271.7,636820.5669066668,1003490.6136971927,0.0,0.0,0,0,0,False,0.0,-22.35368819808575,636820.5669066668,1003490.6136971927,-22.35368819808575,estimated,-7.941944407809837
2023-02-20,2763431837.3052,1145836617.912,,,3909268455.2172003,2,24851.7,1608436.5725946582,808091.8941168623,0.0,0.0,0,0,0,False,0.0,33.119604817522685,1608436.5725946582,808091.8941168623,33.119604817522685,estimated,-8.987223086664283
2023-02-21,2681033117.4276,1146743681.987,,,3827776799.4146,2,24455.25,2554854.046356676,12275843.549378466,0.0,0.0,0,0,0,False,0.0,-65.5464076471848,2554854.046356676,12275843.549378466,-65.5464076471848,estimated,-11.127239443157633
2023-02-22,2544232605.633,1242775013.6582,,,3787007619.2911997,2,24183.6,15015001.137925653,0.0,0.0,0.0,0,0,0,False,0.0,100.0,15015001.137925653,0.0,100.0,estimated,-6.8233053131797945
2023-02-23,2494926927.9816,1220736317.3604,,,3715663245.342,2,23938.6,1147524.5525620373,266479.29983364244,0.0,0.0,0,0,0,False,0.0,62.308546842760116,1147524.5525620373,266479.29983364244,62.308546842760116,estimated,-33.269481381570145
2023-02-24,2451713745.1212,1217382271.4696,,,3669096016.5908003,2,23188.6,71507394.51233423,0.0,0.0,0.0,0,0,0,False,0.0,100.0,71507394.51233423,0.0,100.0,estimated,-29.192351298456636
2023-02-25,2537325260.1774,1182745331.616,,,3720070591.7934,2,23155.4,1685030.7003470222,0.0,0.0,0.0,0,0,0,False,0.0,100.0,1685030.7003470222,0.0,100.0,estimated,-28.50691230127741
2023-02-26,2513906817.1632,1231024942.0385,,,3744931759.2017,2,23551.699999999997,0.0,269942.18511396507,0.0,0.0,0,0,0,False,0.0,-100.0,0.0,269942.18511396507,-100.0,estimated,-28.561701714698245
2023-02-27,2365365808.0,1181138610.0727,,,3546504418.0727,2,23486.55,176805.80905679968,665069.4998331937,0.0,0.0,0,0,0,False,0.0,-57.997150601811356,176805.80905679968,665069.4998331937,-57.997150601811356,estimated,-29.747265549843387
2023-02-28,2389865087.3344,1164269098.1694,,,3554134185.5038004,2,23133.95,12486.084841188085,0.0,0.0,0.0,0,0,0,False,0.0,100.0,12486.084841188085,0.0,100.0,estimated,-29.600465968133747
2023-03-01,2449581279.5786,1255304642.35,,,3704885921.9286,2,23631.95,4134.121670049125,2197880.015399678,0.0,0.0,0,0,0,False,0.0,-99.62451452055157,4134.121670049125,2197880.015399678,-99.62451452055157,estimated,-12.74257535184381
2023-03-02,2543333885.9897,1164614118.9,,,3707948004.8897,2,23460.75,555377.5426282041,19895.084975407874,0.0,0.0,0,0,0,False,0.0,93.08324991638,555377.5426282041,19895.084975407874,93.08324991638,estimated,71.4978858976986
2023-03-03,2270375083.8564,1205616712.9218,,,3475991796.7782,2,22349.75,113190617.18965791,0.0,0.0,0.0,0,0,0,False,0.0,100.0,113190617.18965791,0.0,100.0,estimated,84.4355024486484
2023-03-04,2223451838.5572,1155920814.5914,,,3379372653.1485996,2,22342.3,30472.562030049558,0.0,0.0,0.0,0,0,0,False,0.0,100.0,30472.562030049558,0.0,100.0,estimated,84.4820597348631
2023-03-05,2229491628.15,1158206387.418,,,3387698015.568,2,22426.550000000003,0.0,25551.544243366116,0.0,0.0,0,0,0,False,0.0,-100.0,0.0,25551.544243366116,-100.0,estimated,85.24329730005759
2023-03-06,2320596454.737,1132220634.1765,,,3452817088.9135,2,22402.95,1435.5406535650957,1217.3700530858257,0.0,0.0,0,0,0,False,0.0,8.223819969979019,1435.5406535650957,1217.3700530858257,8.223819969979019,estimated,85.81077181019711
2023-03-07,2322073042.77,1151060259.7611,15574355.4168,,3488707657.9479003,3,22191.45,432093.299854971,13425.445813171102,0.0,0.0,0,0,0,False,0.0,93.97311743054178,432093.299854971,13425.445813171102,93.97311743054178,estimated,96.66103984695398
2023-03-08,2323749796.7346,1188822886.0319998,14527029.1675,,3527099711.9340997,3,21701.5,16278693.101964228,0.0,0.0,0.0,0,0,0,False,0.0,100.0,16278693.101964228,0.0,100.0,estimated,96.68127865278717
2023-03-09,2015503510.2328,1141611480.9515998,15955864.6814,,3173070855.8657994,3,20358.199999999997,149917947.92775705,7695.548571648542,0.0,0.0,0,0,0,False,0.0,99.98973417969974,149917947.92775705,7695.548571648542,99.98973417969974,estimated,98.20686948265505
2023-03-10,1948611667.2207,1126822868.9712,16982239.6296,,3092416775.8215003,3,20148.6,75662575.4164598,0.0,0.0,0.0,0,0,0,False,0.0,100.0,75662575.4164598,0.0,100.0,estimated,98.22750028926676
2023-03-11,1885971539.7925,1111587087.5571,17067832.9299,,3014626460.2795,3,20452.55,3884.325634732003,32418.434664592067,0.0,0.0,0,0,0,False,0.0,-78.60038408812497,3884.325634732003,32418.434664592067,-78.60038408812497,estimated,98.20133598683792
2023-03-12,1925302995.9124,1152036593.4519002,18347337.9958,,3095686927.3601003,3,21990.550000000003,15.992901874984797,507541.4534694272,0.0,0.0,0,0,0,False,0.0,-99.99369809191478,15.992901874984797,507541.4534694272,-99.99369809191478,estimated,98.07042803711553
2023-03-13,2388989972.604,1199415069.4638,17504140.72,,3605909182.7878,3,24115.85,15386.222166620908,47481529.884181775,0.0,0.0,0,0,0,False,0.0,-99.93521170034631,15386.222166620908,47481529.884181775,-99.93521170034631,estimated,75.25191398308367
2023-03-14,2387101196.6549997,1211379510.3241,16930540.082000002,,3615411247.0610995,3,24683.6,101735.5199148638,207283961.21855447,0.0,0.0,0,0,0,False,0.0,-99.90188762145621,101735.5199148638,207283961.21855447,-99.90188762145621,estimated,16.06855634793708
2023-03-15,2266069185.6,1105844613.2945,16731017.5899,,3388644816.4844,3,24288.85,492063.26052361226,31028.317993283814,0.0,0.0,0,0,0,False,0.0,88.13656374233463,492063.26052361226,31028.317993283814,88.13656374233463,estimated,16.54635795872319
2023-03-16,2594887305.4960003,1160079928.8784,19694477.4403,,3774661711.8147,3,24996.65,0.0,0.0,0.0,0.0,0,0,0,False,0.0,0.0,0.0,0.0,0.0,none,16.474356705932674
2023-03-17,2923383383.592,1340882812.6902,20946720.5376,,4285212916.8198,3,27389.4,0.0,149128419.75260663,0.0,0.0,0,0,0,False,0.0,-100.0,0.0,149128419.75260663,-100.0,estimated,-24.955859504912045
2023-03-18,2867694676.512,1411567586.0426,21192274.908,,4300454537.4626,3,26906.85,6813098.796838258,268263.3391108914,0.0,0.0,0,0,0,False,0.0,92.42339725152512,6813098.796838258,268263.3391108914,92.42339725152512,estimated,-23.69169247316605
2023-03-19,3131239093.9703,1441140601.2849,23536121.318400003,,4595915816.573601,3,27963.5,0.0,62146506.742781274,0.0,0.0,0,0,0,False,0.0,-100.0,0.0,62146506.742781274,-100.0,estimated,-30.306549378651216
2023-03-20,3078906733.8138,1497894811.5528,24811034.512,,4601612579.8786,3,27707.05,3776885.681456172,828699.8288973842,0.0,0.0,0,0,0,False,0.0,64.01326923430557,3776885.681456172,828699.8288973842,64.01326923430557,estimated,-29.70438437736332
2023-03-21,3103376379.7640996,1500170326.5,25406582.5871,,4628953288.851199,3,28096.75,48441.25460564871,546926.9499967673,0.0,0.0,0,0,0,False,0.0,-83.72729540100397,48441.25460564871,546926.9499967673,-83.72729540100397,estimated,-29.825353809325495
2023-03-22,2786607052.1981997,1448424587.5131998,22568966.8118,,4257600606.5231996,3,27240.6,20196808.64289936,68428660.01340018,0.0,0.0,0,0,0,False,0.0,-54.42211150109667,20196808.64289936,68428660.01340018,-54.42211150109667,estimated,-35.23441946781251
2023-03-23,2944611378.2124,1522727458.83,23657251.1652,,4490996088.207601,3,28292.1,0.0,0.0,0.0,0.0,0,0,0,False,0.0,0.0,0.0,0.0,0.0,none,-66.72514701263461
2023-03-24,2692434022.9023,1455625167.9816,22687331.9526,,4170746522.8364997,3,27447.050000000003,16532202.528687844,0.0,0.0,0.0,0,0,0,False,0.0,100.0,16532202.528687844,0.0,100.0,estimated,-83.58698911330369
2023-03-25,2668679515.2113996,1372474658.9232,23233325.5,,4064387499.6345997,3,27456.699999999997,0.0,0.0,0.0,0.0,0,0,0,False,0.0,0.0,0.0,0.0,0.0,none,-83.58729875887767
2023-03-26,2863739295.2058,1433401484.7863998,24276345.1008,,4321417125.092999,3,27959.35,0.0,5831.365589439564,0.0,0.0,0,0,0,False,0.0,-100.0,0.0,5831.365589439564,-100.0,estimated,-83.57320680721557
2023-03-27,2679871243.528,1420998435.4896,19749457.748,,4120619136.7656,3,27118.65,29391910.60968115,0.0,0.0,0.0,0,0,0,False,0.0,100.0,29391910.60968115,0.0,100.0,estimated,-72.66776828380287
2023-03-28,2786384883.3654003,1528996948.8645,21729618.1186,,4337111450.3485,3,27257.45,0.0,0.0,0.0,0.0,0,0,0,False,0.0,0.0,0.0,0.0,0.0,none,-56.91929128505524
2023-03-29,3100715949.9185,1599421512.29,23126502.32,,4723263964.5285,3,28344.4,0.0,13638753.712873826,0.0,0.0,0,0,0,False,0.0,-100.0,0.0,13638753.712873826,-100.0,estimated,-58.70393730297252
2023-03-30,2853808459.385,1572214975.7976,23386271.496,,4449409706.6786,3,28022.4,4932339.891680247,58636335.83235101,0.0,0.0,0,0,0,False,0.0,-84.48185419783523,4932339.891680247,58636335.83235101,-84.48185419783523,estimated,-62.46822040547031
2023-03-31,3064172308.8525004,1520519288.7333,24274821.8895,,4608966419.4753,3,28457.85,11893.758558526084,832.3450573381278,0.0,0.0,0,0,0,False,0.0,86.91909036006061,11893.758558526084,832.3450573381278,86.91909036006061,estimated,-42.9054314681389
2023-04-01,3013516164.3664,1548670405.4936,22408983.3247,,4584595553.1847,3,28450.1,171620.36226913997,125728.84570286969,0.0,0.0,0,0,0,False,0.0,15.433542560701955,171620.36226913997,125728.84570286969,15.433542560701955,estimated,-46.27299328083615
2023-04-02,2954738353.5004,1522762860.2340002,23032784.5518,,4500533998.2862,3,28166.35,674281.1732559014,0.0,0.0,0.0,0,0,0,False,0.0,100.0,674281.1732559014,0.0,100.0,estimated,-30.500549849900445
2023-04-03,2620936441.8172,1500127340.4546,26319452.3116,,4147383234.5834002,3,27794.800000000003,21152513.628947724,443.579985928749,0.0,0.0,0,0,0,False,0.0,99.9958059766155,21152513.628947724,443.579985928749,99.9958059766155,estimated,-20.585254621901893
2023-04-04,2736948494.0336,1481224799.9823,27340606.6626,,4245513900.6784997,3,28162.4,0.0,35910.40935493168,0.0,0.0,0,0,0,False,0.0,-100.0,0.0,35910.40935493168,-100.0,estimated,-20.4367484598198
2023-04-05,2706085563.272,1487446333.2477,23367146.6522,,4216899043.1719003,3,28163.35,82126.44654299685,447710.17988099565,0.0,0.0,0,0,0,False,0.0,-68.99933207815778,82126.44654299685,447710.17988099565,-68.99933207815778,estimated,0.03931840230506387
2023-04-06,2761263812.2784,1461898777.8174,21370213.5439,,4244532803.6397,3,28028.8,303733.5510796894,0.0,0.0,0.0,0,0,0,False,0.0,100.0,303733.5510796894,0.0,100.0,estimated,0.24706814120670564
2023-04-07,2844118934.4366,1489272926.1768,21650279.4105,,4355042140.0239,3,27900.7,41748.273449610395,0.0,0.0,0.0,0,0,0,False,0.0,100.0,41748.273449610395,0.0,100.0,estimated,-12.44035213640589
2023-04-08,2842942950.0513,1530912684.9680998,21067341.322,,4394922976.341399,3,27935.050000000003,0.0,90500.83023343152,0.0,0.0,0,0,0,False,0.0,-100.0,0.0,90500.83023343152,-100.0,estimated,-12.501427852491052
2023-04-09,2935242728.719,1539847756.8986,22496082.424,,4497586568.041599,3,28317.6,10968.311700289976,676682.7034828414,0.0,0.0,0,0,0,False,0.0,-96.80991914267183,10968.311700289976,676682.7034828414,-96.80991914267183,estimated,-12.942019209159625
2023-04-10,3512807027.8469996,1607923327.4134,25309124.169,,5146039479.4293995,3,29634.05,25019.608537936874,130594433.57013388,0.0,0.0,0,0,0,False,0.0,-99.96169083864757,25019.608537936874,130594433.57013388,-99.96169083864757,estimated,-76.33859545001708
2023-04-11,3443742988.6563,1739573511.866,26905443.189,,5210221943.7113,3,30190.6,0.0,97538240.15000531,0.0,0.0,0,0,0,False,0.0,-100.0,0.0,97538240.15000531,-100.0,estimated,-83.3493765172916
2023-04-12,3400550644.625,1753271833.122,27084305.1885,,5180906782.9355,3,29885.05,611986.8982638569,101147.84544296024,0.0,0.0,0,0,0,False,0.0,71.63289368929023,611986.8982638569,101147.84544296024,71.63289368929023,estimated,-82.28186757604146
2023-04-13,3402261712.5357,1742401775.9989998,28072891.0568,,5172736379.591499,3,30372.25,0.0,22735256.357946903,0.0,0.0,0,0,0,False,0.0,-100.0,0.0,22735256.357946903,-100.0,estimated,-83.23664154231365
2023-04-14,3044005236.9305,1799215638.3135998,25804510.23,,4869025385.474099,3,30459.6,3711.9882418761326,95276428.12659705,0.0,0.0,0,0,0,False,0.0,-99.99220826451891,3711.9882418761326,95276428.12659705,-99.99220826451891,estimated,-87.54912423140607
2023-04-15,3067983602.3696,1646457717.7143002,26337244.9911,,4740778565.075001,3,30293.75,81087.53702169537,0.0,0.0,0.0,0,0,0,False,0.0,100.0,81087.53702169537,0.0,100.0,estimated,-87.59072905297631
2023-04-16,3031011784.7766,1679189854.2413,27215229.006,,4737416868.0239,3,30301.85,8382.69170822393,27184.9504030696,0.0,0.0,0,0,0,False,0.0,-52.86338249809235,8382.69170822393,27184.9504030696,-52.86338249809235,estimated,-87.92939431365924
2023-04-17,2960178264.96,1618189173.1188,25112940.7088,,4603480378.7876005,3,29423.4,7154348.403402193,0.0,0.0,0.0,0,0,0,False,0.0,100.0,7154348.403402193,0.0,100.0,estimated,-95.32207782604196
2023-04-18,3008572984.9782,1731942472.1775,29917658.727,,4770433115.8827,3,30383.15,6664464.89778143,11072.442914545676,0.0,0.0,0,0,0,False,0.0,99.66826811537568,6664464.89778143,11072.442914545676,99.66826811537568,estimated,-91.73067712427253
2023-04-19,2776357831.5817995,1686918682.7544,27562855.9934,,4490839370.329599,3,28803.55,43814280.93575683,0.0,0.0,0.0,0,0,0,False,0.0,100.0,43814280.93575683,0.0,100.0,estimated,-71.05767568705558
2023-04-20,2796787627.8778,1520650148.8256,25506065.399,,4342943842.1024,3,28244.199999999997,41392303.74049991,0.0,0.0,0.0,0,0,0,False,0.0,100.0,41392303.74049991,0.0,100.0,estimated,-55.32897518513741
2023-04-21,2790035051.7875,1514595254.5932,23570352.3456,,4328200658.7263,3,27258.6,73823581.83324,0.0,0.0,0.0,0,0,0,False,0.0,100.0,73823581.83324,0.0,100.0,estimated,-33.31677340120776
2023-04-22,2913286376.848,1543750623.0432005,23811109.189,,4480848109.080201,3,27808.6,0.0,0.0,0.0,0.0,0,0,0,False,0.0,0.0,0.0,0.0,0.0,none,-33.305180123691606
2023-04-23,2852032633.2,1573929098.5216,25077316.824,,4451039048.5456,3,27583.65,520025.6195551801,0.0,0.0,0.0,0,0,0,False,0.0,100.0,520025.6195551801,0.0,100.0,estimated,-33.08804924826719
2023-04-24,2820502277.39,1512586590.5243,24541606.9209,,4357630474.8352,3,27503.25,13922367.825563215,110546.64968542587,0.0,0.0,0,0,0,False,0.0,98.42446628060894,13922367.825563215,110546.64968542587,98.42446628060894,estimated,-6.885483092720899
2023-04-25,2881435274.7258,1555014847.2763,25340225.7927,,4461790347.7948,3,28291.050000000003,0.0,604605.3593259187,0.0,0.0,0,0,0,False,0.0,-100.0,0.0,604605.3593259187,-100.0,estimated,22.528082328626624
2023-04-26,2627490402.8334,1640469573.9831,26715055.3906,,4294675032.2071,3,28409.5,3503087.004951741,28719169.790097296,0.0,0.0,0,0,0,False,0.0,-78.25672467801826,3503087.004951741,28719169.790097296,-78.25672467801826,estimated,12.827122468290696
2023-04-27,2920233816.791,1412746398.7284,26611002.9532,,4359591218.4726,3,29469.65,0.0,4680761.848529034,0.0,0.0,0,0,0,False,0.0,-100.0,0.0,4680761.848529034,-100.0,estimated,19.18655404790468
2023-04-28,2941703972.8999996,1480101109.0281,25300475.6994,,4447105557.6275,3,29303.6,1016900.0088148769,0.0,0.0,0.0,0,0,0,False,0.0,100.0,1016900.0088148769,0.0,100.0,estimated,69.78304730375203
2023-04-29,2930732548.5713,1528649057.8611002,26918005.8207,,4486299612.253099,3,29222.050000000003,68078.39875473139,0.0,0.0,0.0,0,0,0,False,0.0,100.0,68078.39875473139,0.0,100.0,estimated,69.78130825537933
2023-04-30,2877922975.005,1536751500.318,27286617.731999997,,4441961093.055,3,29234.45,0.0,1589627.5148231038,0.0,0.0,0,0,0,False,0.0,-100.0,0.0,1589627.5148231038,-100.0,estimated,68.61464555488321
2023-05-01,2860181821.3056,1432215812.7936,25187911.203,,4317585545.3022,3,28065.800000000003,27239340.543865383,0.0,0.0,0.0,0,0,0,False,0.0,100.0,27239340.543865383,0.0,100.0,estimated,71.15976042748964
2023-05-02,2906123724.1875,1462086876.1518,26255656.656,,4394466256.9953,3,28663.0,0.0,0.0,0.0,0.0,0,0,0,False,0.0,0.0,0.0,0.0,0.0,none,70.37010933063564
2023-05-03,2814069902.6976004,1509749263.786,28089177.06,,4351908343.543601,3,29027.4,259190.5268623681,224270.44818002838,0.0,0.0,0,0,0,False,0.0,7.222936386805047,259190.5268623681,224270.44818002838,7.222936386805047,estimated,63.64822123124977
2023-05-04,2918885678.758,1463730865.0173,26439056.4144,,4409055600.1897,3,28833.0,39878.47947821731,554325.0466352819,0.0,0.0,0,0,0,False,0.0,-86.57750157120404,39878.47947821731,554325.0466352819,-86.57750157120404,estimated,53.48764222261152
2023-05-05,3099326409.8595,1572347169.8256,27006018.9344,,4698679598.619499,3,29498.1,21817.944136773585,2435495.592635918,0.0,0.0,0,0,0,False,0.0,-98.22424417476427,21817.944136773585,2435495.592635918,-98.22424417476427,estimated,8.971968172781791
2023-05-06,2846157802.3908,1544044119.1425,25015722.966,,4415217644.4993,3,28841.85,10636931.26552155,2285325.3569831313,0.0,0.0,0,0,0,False,0.0,64.62962431804465,10636931.26552155,2285325.3569831313,64.62962431804465,estimated,16.278782799268075
2023-05-07,2842650200.806,1415376912.4065,23477347.9794,,4281504461.1919007,3,28425.65,0.0,0.0,0.0,0.0,0,0,0,False,0.0,0.0,0.0,0.0,0.0,none,15.834125325980573
2023-05-08,2921956820.7367997,1387531246.4928,30977758.329000004,,4340465825.5586,3,27665.35,57074947.42778788,0.0,0.0,0.0,0,0,0,False,0.0,100.0,57074947.42778788,0.0,100.0,estimated,41.69210792670417
2023-05-09,2995741185.1398,1479556796.463,30375530.984100003,,4505673512.586901,3,27625.199999999997,61106.673736638535,12487.080600897041,0.0,0.0,0,0,0,False,0.0,66.0648360358804,61106.673736638535,12487.080600897041,66.0648360358804,estimated,42.3149521170289
2023-05-10,2809775717.0649004,1475974932.0556,31604134.709000003,,4317354783.8295,3,27591.25,77254284.69098844,2174244.512151043,0.0,0.0,0,0,0,False,0.0,94.52528069205364,77254284.69098844,2174244.512151043,94.52528069205364,estimated,85.12326302785141
2023-05-11,2931766796.2248,1339827316.4042995,30094944.9216,,4301689057.5507,3,26964.0,15898611.359021578,0.0,0.0,0.0,0,0,0,False,0.0,100.0,15898611.359021578,0.0,100.0,estimated,90.67043309802877
2023-05-12,2862956993.1329,1475458422.6174998,28643533.908700004,,4367058949.659101,3,26790.0,134618425.41143143,0.0,0.0,0.0,0,0,0,False,0.0,100.0,134618425.41143143,0.0,100.0,estimated,94.41971994499445
2023-05-13,2878051310.7669,1386033923.6421,30077027.733999997,,4294162262.1430006,3,26767.6,0.0,132970.42970442062,0.0,0.0,0,0,0,False,0.0,-100.0,0.0,132970.42970442062,-100.0,estimated,94.3408299523577
2023-05-14,2900365882.2882004,1395292403.266,31017455.2246,,4326675740.7788,3,26909.45,149824.41118476223,583730.3101102076,0.0,0.0,0,0,0,False,0.0,-59.15112892456831,149824.41118476223,583730.3101102076,-59.15112892456831,estimated,94.93281099478482
2023-05-15,2911966522.7425,1426403731.4708002,30612809.917200003,,4368983064.1305,3,27159.85,8814.133413610747,3185960.9760533185,0.0,0.0,0,0,0,False,0.0,-99.44821572025575,8814.133413610747,3185960.9760533185,-99.44821572025575,estimated,92.46532283275417
2023-05-16,2940356505.4688,1500878921.256,36654482.901,,4477889909.6258,3,27027.4,55375.38645829671,8236.387943684003,0.0,0.0,0,0,0,False,0.0,74.1042031255536,55375.38645829671,8236.387943684003,74.1042031255536,estimated,92.46152668862553
2023-05-17,2953942436.8868,1591316011.4688,33543648.702,,4578802097.0576,3,27395.9,1185445.347872726,647778.9662400038,0.0,0.0,0,0,0,False,0.0,29.32900122988766,1185445.347872726,647778.9662400038,29.32900122988766,estimated,92.22036075256165
2023-05-18,2812331762.5550003,1469347727.7584,32222217.339199997,,4313901707.6526,3,26814.65,7572528.993321279,0.0,0.0,0.0,0,0,0,False,0.0,100.0,7572528.993321279,0.0,100.0,estimated,92.74299238041952
2023-05-19,2797750495.4928,1495662177.0944,32228684.108,,4325641356.6952,3,26877.449999999997,0.0,0.0,0.0,0.0,0,0,0,False,0.0,0.0,0.0,0.0,0.0,none,94.23963030674076
2023-05-20,2839148909.375,1498901097.2768998,31557323.2884,,4369607329.940299,3,27097.35,0.0,34364.180535435065,0.0,0.0,0,0,0,False,0.0,-100.0,0.0,34364.180535435065,-100.0,estimated,95.49006032662996
2023-05-21,2835724238.4192,1518669875.5778,34862996.800000004,,4389257110.797,3,26741.0,269168.8841298321,119054.0704874272,0.0,0.0,0,0,0,False,0.0,38.66716582753327,269168.8841298321,119054.0704874272,38.66716582753327,estimated,95.4167829791082
2023-05-22,2825837363.0334,1528373021.97,33903932.2828,,4388114317.2862,3,26845.1,79037.01442735312,39220.832619298846,0.0,0.0,0,0,0,False,0.0,33.668955424452335,79037.01442735312,39220.832619298846,33.668955424452335,estimated,94.31518808567697
2023-05-23,2857147496.0931,1533640436.9175,33229309.2261,,4424017242.2367,3,27218.45,0.0,846468.2146368052,0.0,0.0,0,0,0,False,0.0,-100.0,0.0,846468.2146368052,-100.0,estimated,93.65195101137027
2023-05-24,3025337688.2312,1579685550.158,31322182.612499997,,4636345421.0017,3,26319.4,14921202.01661553,0.0,0.0,0.0,0,0,0,False,0.0,100.0,14921202.01661553,0.0,100.0,estimated,93.79252409335463
2023-05-25,2963618240.2092,1602447186.1966,30357526.979999997,,4596422953.385799,3,26466.15,8642863.789228052,361790.67113595025,0.0,0.0,0,0,0,False,0.0,91.96436303628411,8642863.789228052,361790.67113595025,91.96436303628411,estimated,93.12867822109843
2023-05-26,2832501375.2761,1611544742.27,27580381.2696,,4471626498.815701,3,26699.2,12484.459958999048,1199214.9996172073,0.0,0.0,0,0,0,False,0.0,-97.93934711114497,12484.459958999048,1199214.9996172073,-97.93934711114497,estimated,64.25567586208216
2023-05-27,2912356895.5007997,1618082027.0225,27188371.318499997,,4557627293.8418,3,26845.449999999997,5512.485344442837,4059.51057831025,0.0,0.0,0,0,0,False,0.0,15.17943360881295,5512.485344442837,4059.51057831025,15.17943360881295,estimated,64.79086862481309
2023-05-28,3116875963.0329003,1659808092.9095,30141269.0388,,4806825324.9812,3,28065.75,0.0,71507092.89497936,0.0,0.0,0,0,0,False,0.0,-100.0,0.0,71507092.89497936,-100.0,estimated,-40.829713123854056
2023-05-29,3095855542.046,1708870544.918,25892327.3792,,4830618414.3432,3,27726.1,1812345.3859669406,15450937.641459364,0.0,0.0,0,0,0,False,0.0,-79.00346784458489,1812345.3859669406,15450937.641459364,-79.00346784458489,estimated,-44.610394277984064
2023-05-30,3077433852.4167,1690053797.852,29614713.034799997,,4797102363.303499,3,27688.15,20146.48355057217,65257.99473457943,0.0,0.0,0,0,0,False,0.0,-52.82101371006248,20146.48355057217,65257.99473457943,-52.82101371006248,estimated,-44.676525175779446
2023-05-31,3037302081.5021996,1652729555.65,24717096.7113,,4714748733.8635,3,27203.8,12620279.820180733,0.0,0.0,0.0,0,0,0,False,0.0,100.0,12620279.820180733,0.0,100.0,estimated,-32.210440766381126
2023-06-01,3043304218.4775,1582780842.7605,33992971.2718,,4660078032.5098,3,26811.05,13576174.780466942,0.0,0.0,0.0,0,0,0,False,0.0,100.0,13576174.780466942,0.0,100.0,estimated,-26.604371908663865
2023-06-02,3065762960.4454,1636697171.0882,35671504.0492,,4738131635.5828,3,27238.05,23610.59895663303,89418.0100783663,0.0,0.0,0,0,0,False,0.0,-58.22190654523226,23610.59895663303,89418.0100783663,-58.22190654523226,estimated,-26.62959204562642
2023-06-03,3096657536.0112,1636715366.3198998,32309491.006399997,,4765682393.3375,3,27064.85,131229.95890326967,0.0,0.0,0.0,0,0,0,False,0.0,100.0,131229.95890326967,0.0,100.0,estimated,-26.494617623924515
2023-06-04,2948288455.7152,1625735982.9675,30978543.8102,,4605002982.4929,3,27111.0,0.0,258411.9447241015,0.0,0.0,0,0,0,False,0.0,-100.0,0.0,258411.9447241015,-100.0,estimated,-26.807266611315185
2023-06-05,3073885582.9143,1469003522.4852,29173149.7136,,4572062255.1131,3,25720.5,150359879.08140427,0.0,0.0,0.0,0,0,0,False,0.0,100.0,150359879.08140427,0.0,100.0,estimated,38.4857319590715
2023-06-06,2977102866.876,1691215081.6473002,33591664.47,,4701909612.9933,3,27227.2,5215864.265815121,15306480.69934155,0.0,0.0,0,0,0,False,0.0,-49.168925143099,5215864.265815121,15306480.69934155,-49.168925143099,estimated,33.08861929972362
2023-06-07,2716432357.7574,1538233860.1958,31173706.7604,,4285839924.7136,3,26334.550000000003,8013138.720610731,28275.197329603507,0.0,0.0,0,0,0,False,0.0,99.29676055434675,8013138.720610731,28275.197329603507,99.29676055434675,estimated,31.559297590068958
2023-06-08,2738495540.0012,1466959181.9143,32493515.8455,,4237948237.761,3,26494.15,0.0,0.0,0.0,0.0,0,0,0,False,0.0,0.0,0.0,0.0,0.0,none,29.71984178208936
2023-06-09,2715565865.7527995,1535456956.3215,34908721.8798,,4285931543.9540997,3,26478.05,17395.365138261302,15298.074659663416,0.0,0.0,0,0,0,False,0.0,6.415019317517687,17395.365138261302,15298.074659663416,6.415019317517687,estimated,30.242462427975365
2023-06-10,2631695364.1708,1501241622.1155,37916642.8125,,4170853629.0988,3,25832.25,21947792.818354063,0.0,0.0,0.0,0,0,0,False,0.0,100.0,21947792.818354063,0.0,100.0,estimated,35.080902862662825
2023-06-11,2573557326.9919,1471023097.2915,38892327.2192,,4083472751.5026,3,25919.6,460.7880172374104,9821.790546862849,0.0,0.0,0,0,0,False,0.0,-91.03750067427315,460.7880172374104,9821.790546862849,-91.03750067427315,estimated,74.5071697776311
2023-06-12,2651903351.4096,1474061260.5076,34165672.4134,,4160130284.3306003,3,25898.699999999997,2235.074231472804,154.5566647403598,0.0,0.0,0,0,0,False,0.0,87.06439015453935,2235.074231472804,154.5566647403598,87.06439015453935,estimated,86.14578268513276
2023-06-13,2678026386.856,1492381937.4365,38630423.9872,,4209038748.2797,3,25928.65,13642.111583590397,245085.73250742338,0.0,0.0,0,0,0,False,0.0,-89.45446971003905,13642.111583590397,245085.73250742338,-89.45446971003905,estimated,85.99848991663538
2023-06-14,2603859839.0158,1539288868.7673,27499582.2332,,4170648290.0163,3,25119.95,80834467.84197646,7365.238699632684,0.0,0.0,0,0,0,False,0.0,99.98177864499367,80834467.84197646,7365.238699632684,99.98177864499367,estimated,89.21950967171485
2023-06-15,2662867626.2135997,1539163284.9441,33095886.622399997,,4235126797.7800994,3,25589.05,4538944.865860666,538222.6523226338,0.0,0.0,0,0,0,False,0.0,78.79831026275771,4538944.865860666,538222.6523226338,78.79831026275771,estimated,88.52663783829186
2023-06-16,2756861855.616,1583388991.1796,31482077.7246,,4371732924.5202,3,26338.55,226805.98021828983,4761625.976810244,0.0,0.0,0,0,0,False,0.0,-90.90672250630872,226805.98021828983,4761625.976810244,-90.90672250630872,estimated,85.52292286175054
2023-06-17,2737839881.2314,1694986692.48,36064838.6118,,4468891412.3232,3,26511.1,23815.600555744913,7335129.799140158,0.0,0.0,0,0,0,False,0.0,-99.35274419737564,23815.600555744913,7335129.799140158,-99.35274419737564,estimated,80.97708256257768
2023-06-18,2745134600.9891,1589265145.5765002,35387333.3382,,4369787079.9038,3,26339.75,92815.43877203067,15868.028208367321,0.0,0.0,0,0,0,False,0.0,70.79955461628904,92815.43877203067,15868.028208367321,70.79955461628904,estimated,81.12951261283608
2023-06-19,2925702467.3405,1672477902.2196002,35040236.231,,4633220605.7911005,3,26836.75,0.0,3534041.262699079,0.0,0.0,0,0,0,False,0.0,-100.0,0.0,3534041.262699079,-100.0,estimated,58.359899819378604
2023-06-20,3436053919.1549997,1811933782.748,35369094.383999996,,5283356796.287,3,28292.699999999997,46552.4991653434,89283223.36422004,0.0,0.0,0,0,0,False,0.0,-99.8957738364047,46552.4991653434,89283223.36422004,-99.8957738364047,estimated,4.506774359253364
2023-06-21,3507955707.973,2041011303.9835,37681797.1488,,5586648809.1053,3,29998.75,0.0,328404565.6601012,0.0,0.0,0,0,0,False,0.0,-100.0,0.0,328404565.6601012,-100.0,estimated,-60.23404435672418
2023-06-22,3522206902.625,1796774194.9764,33554516.904,,5352535614.505401,3,29878.2,1042738.6431784417,864499.8437002784,0.0,0.0,0,0,0,False,0.0,9.345386049222345,1042738.6431784417,864499.8437002784,9.345386049222345,estimated,-59.9900135721555
2023-06-23,3526220904.1682,1941146892.4389,41010875.2586,,5508378671.8657,3,30683.65,0.0,132783425.84101026,0.0,0.0,0,0,0,False,0.0,-100.0,0.0,132783425.84101026,-100.0,estimated,-67.84576427741612
2023-06-24,3464191610.6210003,1982587261.248,44234626.1645,,5491013498.033501,3,30533.05,127812.40966379778,0.0,0.0,0.0,0,0,0,False,0.0,100.0,127812.40966379778,0.0,100.0,estimated,-73.43947880323553
2023-06-25,3468368870.476,1954109567.1691,43604844.4942,,5466083282.139299,3,30468.199999999997,34936.40819334115,213089.06286151637,0.0,0.0,0,0,0,False,0.0,-71.82837065503323,34936.40819334115,213089.06286151637,-71.82837065503323,estimated,-73.43859242987976
2023-06-26,3479702432.9691,1944142201.1988,42304048.712,,5466148682.8799,3,30268.050000000003,1907018.2146474593,576.9424170109812,0.0,0.0,0,0,0,False,0.0,99.93951102099685,1907018.2146474593,576.9424170109812,99.93951102099685,estimated,-72.93567931978943
2023-06-27,3560832796.2272,1988697079.4892,48023129.6262,,5597553005.3426,3,30686.65,0.0,116628.11025749761,0.0,0.0,0,0,0,False,0.0,-100.0,0.0,116628.11025749761,-100.0,estimated,-72.93397785441744
2023-06-28,3373274216.9412003,1982909773.9509,45845264.85,,5402029255.742101,3,30074.0,1801458.6566056556,0.0,0.0,0.0,0,0,0,False,0.0,100.0,1801458.6566056556,0.0,100.0,estimated,-96.59234743470961
2023-06-29,3598595876.4699,2026569066.0006003,45667089.837,,5670832032.307501,3,30449.1,0.0,11325.392372959977,0.0,0.0,0,0,0,False,0.0,-100.0,0.0,11325.392372959977,-100.0,estimated,-98.14750438850773
2023-06-30,3227815916.262,2007822227.4175,55109060.3943,,5290747204.073801,3,30470.3,10511235.465397695,3369059.694263274,0.0,0.0,0,0,0,False,0.0,51.455503568044236,10511235.465397695,3369059.694263274,51.455503568044236,estimated,-94.63874389204504
2023-07-01,3341230617.3408,1813432004.197,52307474.262399994,,5206970095.8001995,3,30585.45,0.0,1697.6669806088312,0.0,0.0,0,0,0,False,0.0,-100.0,0.0,1697.6669806088312,-100.0,estimated,-94.57834119230465
2023-07-02,3323519664.0265,1820838694.3922,52003846.8675,,5196362205.286201,3,30616.800000000003,110372.91879517675,23222.38369418571,0.0,0.0,0,0,0,False,0.0,65.2347301716918,110372.91879517675,23222.38369418571,65.2347301716918,estimated,-94.57246082631401
2023-07-03,3674545298.982,1835162402.5693,53142573.8817,,5562850275.433,3,31153.15,0.0,2158304.323947556,0.0,0.0,0,0,0,False,0.0,-100.0,0.0,2158304.323947556,-100.0,estimated,-94.55942536359441
2023-07-04,3507230065.9600997,1887483926.9728,51812672.6164,,5446526665.549299,3,30761.75,1506318.4250017826,56432.06106142708,0.0,0.0,0,0,0,False,0.0,92.77785397416994,1506318.4250017826,56432.06106142708,92.77785397416994,estimated,-92.97306392392409
2023-07-05,3432721792.0068,1890466038.4993,52129976.197,,5375317806.703099,3,30492.9,3593806.06944765,0.0,0.0,0.0,0,0,0,False,0.0,100.0,3593806.06944765,0.0,100.0,estimated,-74.24304136302415
2023-07-06,3080003587.82,1862180857.5955,63916471.9235,,5006100917.339001,3,29883.949999999997,9731054.673961516,12510237.468635472,0.0,0.0,0,0,0,False,0.0,-12.495599522076354,9731054.673961516,12510237.468635472,-12.495599522076354,estimated,-67.52025689800952
2023-07-07,3139731088.5198,1856761092.726,65843145.849,,5062335327.0948,3,30339.8,12640481.413830755,46193.5971880811,0.0,0.0,0,0,0,False,0.0,99.2717777172039,12640481.413830755,46193.5971880811,99.2717777172039,estimated,38.79153076122641
2023-07-08,3135899056.2298,1824374149.9989,61402948.148,,5021676154.3767,3,30278.0,54098.11962245981,0.0,0.0,0.0,0,0,0,False,0.0,100.0,54098.11962245981,0.0,100.0,estimated,38.71682675297779
2023-07-09,3079356617.7478,1802343151.35,62774054.31,,4944473823.4078,3,30156.85,0.0,0.0,0.0,0.0,0,0,0,False,0.0,0.0,0.0,0.0,0.0,none,39.17265788731597
2023-07-10,3224061910.5996,1886417457.6613,61776570.549200006,,5172255938.8101,3,30406.449999999997,278.82642219115576,564560.7046118712,0.0,0.0,0,0,0,False,0.0,-99.90127234130351,278.82642219115576,564560.7046118712,-99.90127234130351,estimated,35.865674327473094
2023-07-11,3305796943.8288,1949605760.4501,64183427.7648,,5319586132.0437,3,30614.6,0.0,271072.77434758714,0.0,0.0,0,0,0,False,0.0,-100.0,0.0,271072.77434758714,-100.0,estimated,35.50978393434061
2023-07-12,3375349750.5794,1916286528.924,65698160.8282,,5357334440.3316,3,30376.6,502821.0974971736,1186372.5852923659,0.0,0.0,0,0,0,False,0.0,-40.466140428987,502821.0974971736,1186372.5852923659,-40.466140428987,estimated,31.354832529105447
2023-07-13,3502003963.1624,2145368621.9448,66641625.491799995,,5714014210.599,3,31449.6,0.0,72212126.96126741,0.0,0.0,0,0,0,False,0.0,-100.0,0.0,72212126.96126741,-100.0,estimated,-41.014053324698
2023-07-14,3065477571.1049,1908848385.628,69440335.911,,5043766292.6439,3,30299.0,46358706.00725386,193962.96951011827,0.0,0.0,0,0,0,False,0.0,99.16669452569118,46358706.00725386,193962.96951011827,99.16669452569118,estimated,-8.994658663354063
2023-07-15,3031029473.2564,1911307689.8714,70676314.16,,5013013477.2878,3,30286.85,0.0,0.0,0.0,0.0,0,0,0,False,0.0,0.0,0.0,0.0,0.0,none,-8.993715001226544
2023-07-16,3049936696.6176,1913669215.524,70739894.226,,5034345806.3675995,3,30226.1,5750.826514321055,1421.45715497785,0.0,0.0,0,0,0,False,0.0,60.36249483376057,5750.826514321055,1421.45715497785,60.36249483376057,estimated,-9.05129125190904
2023-07-17,3157324215.9775996,1942279947.12,73561483.479,,5173165646.576599,3,30133.55,3777346.053983939,0.0,0.0,0.0,0,0,0,False,0.0,100.0,3777346.053983939,0.0,100.0,estimated,-5.369866054860827
2023-07-18,3188182829.6695995,1934606712.674,72029004.41250001,,5194818546.7561,3,29854.2,36203579.879623845,0.0,0.0,0.0,0,0,0,False,0.0,100.0,36203579.879623845,0.0,100.0,estimated,12.95044937467793
2023-07-19,3133255396.442,2024273556.9488,72659256.912,,5230188210.3028,3,29904.75,0.0,51649.714352942276,0.0,0.0,0,0,0,False,0.0,-100.0,0.0,51649.714352942276,-100.0,estimated,11.327148077486147
2023-07-20,3268466239.11,2029967097.8615,73199417.86299999,,5371632754.8345,3,29800.35,248900.9026080576,976216.1211797388,0.0,0.0,0,0,0,False,0.0,-59.366999596738935,248900.9026080576,976216.1211797388,-59.366999596738935,estimated,13.8556783822067
2023-07-21,3187460860.1682005,1933037141.8092,72397474.4788,,5192895476.456201,3,29894.25,0.0,250187.12933510254,0.0,0.0,0,0,0,False,0.0,-100.0,0.0,250187.12933510254,-100.0,estimated,7.026880696381619
2023-07-22,3146928005.319,1905995710.56,72374422.23779999,,5125298138.116799,3,29789.4,69760.42385060714,0.0,0.0,0.0,0,0,0,False,0.0,100.0,69760.42385060714,0.0,100.0,estimated,7.035821146620487
2023-07-23,3017656020.6432,1884089344.0257,73232001.8944,,4974977366.563299,3,30076.449999999997,0.0,682312.6154878042,0.0,0.0,0,0,0,False,0.0,-100.0,0.0,682312.6154878042,-100.0,estimated,6.589298655997217
2023-07-24,3259946304.0211997,1827255823.2762,70241319.785,,5157443447.082399,3,29170.3,71632466.85225648,0.0,0.0,0.0,0,0,0,False,0.0,100.0,71632466.85225648,0.0,100.0,estimated,35.364574084475784
2023-07-25,3164433814.128,1938630786.152908,71478265.5759,,5174542865.856808,3,29221.0,0.0,93745.7209770382,0.0,0.0,0,0,0,False,0.0,-100.0,0.0,93745.7209770382,-100.0,estimated,35.46695870676063
2023-07-26,3205098050.064,1929859128.4434,71685072.36,,5206642250.8674,3,29338.35,0.0,2127304.9794502794,0.0,0.0,0,0,0,False,0.0,-100.0,0.0,2127304.9794502794,-100.0,estimated,34.786142452776545
2023-07-27,3210358296.8899,1924954993.92,73737152.192,,5209050443.001901,3,29212.85,129694.36531337975,17209.860902023716,0.0,0.0,0,0,0,False,0.0,76.56995806670783,129694.36531337975,17209.860902023716,76.56995806670783,estimated,94.60262284433387
2023-07-28,3163137889.1707,1956358574.8254,70687865.58,,5190184329.5761,3,29305.7,0.0,14032.742583692938,0.0,0.0,0,0,0,False,0.0,-100.0,0.0,14032.742583692938,-100.0,estimated,92.75193826181557
2023-07-29,3174042758.6384997,1958380994.3808,74009393.0625,,5206433146.0817995,3,29344.85,0.0,0.0,0.0,0.0,0,0,0,False,0.0,0.0,0.0,0.0,0.0,none,92.75193826181557
2023-07-30,3111452128.5671997,1940010799.3227,72939906.4345,,5124402834.3244,3,29278.35,206142.7121582104,0.0,0.0,0.0,0,0,0,False,0.0,100.0,206142.7121582104,0.0,100.0,estimated,92.76675997565242
2023-07-31,3181606376.1103997,1930032885.8764,71359024.2732,,5182998286.259999,3,29229.25,0.0,21258.453235075947,0.0,0.0,0,0,0,False,0.0,-100.0,0.0,21258.453235075947,-100.0,estimated,92.48802390429482
2023-08-01,3229629482.808,2095987705.4739,70807967.0875,,5396425155.3694,3,29704.800000000003,49560802.96889132,638750.1094923308,0.0,0.0,0,0,0,False,0.0,97.45515619035507,49560802.96889132,638750.1094923308,97.45515619035507,estimated,92.3095790806693
2023-08-02,3277287659.0023,1931660939.1178,67597281.7425,,5276545879.8626,3,29172.55,5510879.289161616,7056092.013169553,0.0,0.0,0,0,0,False,0.0,-12.295824402187508,5510879.289161616,7056092.013169553,-12.295824402187508,estimated,82.93956957675796
2023-08-03,3255702349.4422,1966475266.9119997,67763325.9796,,5289940942.3338,3,29184.6,34894.826180264536,109717.47100918973,0.0,0.0,0,0,0,False,0.0,-51.74016752593401,34894.826180264536,109717.47100918973,-51.74016752593401,estimated,84.06052481721467
2023-08-04,3337671072.9915,1991751818.0,68685162.94749999,,5398108053.939,3,29101.8,252434.91953906615,0.0,0.0,0.0,0,0,0,False,0.0,100.0,252434.91953906615,0.0,100.0,estimated,84.42296083658306
2023-08-05,3273269298.9402,1993752806.6970005,68311469.7552,,5335333575.392401,3,29064.75,0.0,0.0,0.0,0.0,0,0,0,False,0.0,0.0,0.0,0.0,0.0,none,84.41509148587049
2023-08-06,3231340144.3904004,1983992775.7482,66245468.9937,,5281578389.1323,3,29075.800000000003,0.0,0.0,0.0,0.0,0,0,0,False,0.0,0.0,0.0,0.0,0.0,none,85.33083947264237
2023-08-07,3259237478.3854003,1989426309.6,68374521.1215,,5317038309.1069,3,29203.85,1169948.3526371755,94368.76226301618,0.0,0.0,0,0,0,False,0.0,85.07197899152607,1169948.3526371755,94368.76226301618,85.07197899152607,estimated,69.65127318615862
2023-08-08,3692341497.056,2054393122.5645,62386639.6794,,5809121259.299901,3,29766.2,0.0,25119652.090311866,0.0,0.0,0,0,0,False,0.0,-100.0,0.0,25119652.090311866,-100.0,estimated,23.534283770983397
2023-08-09,3485701990.8191996,2078454009.137,74847897.1716,,5639003897.1278,3,29577.4,1847043.0170212477,1504280.3354185387,0.0,0.0,0,0,0,False,0.0,10.227681591905341,1847043.0170212477,1504280.3354185387,10.227681591905341,estimated,25.87330096755252
2023-08-10,3492180962.1127,2054848881.6318,75270015.612,,5622299859.356501,3,29445.85,4008187.996887793,29038.882620609023,0.0,0.0,0,0,0,False,0.0,98.5614441057053,4008187.996887793,29038.882620609023,98.5614441057053,estimated,28.816481217152834
2023-08-11,3478157228.6995,2100013214.5974,72075108.7446,,5650245552.0415,3,29414.7,556210.2622639572,0.0,0.0,0.0,0,0,0,False,0.0,100.0,556210.2622639572,0.0,100.0,estimated,29.24014861614563
2023-08-12,3447975264.9884996,2068332452.3928,72005041.935,,5588312759.3163,3,29425.35,0.0,0.0,0.0,0.0,0,0,0,False,0.0,0.0,0.0,0.0,0.0,none,29.24014861614563
2023-08-13,3361315805.1695,2066609056.3839,71154367.31,,5499079228.8634,3,29300.65,42470.09747885443,0.0,0.0,0.0,0,0,0,False,0.0,100.0,42470.09747885443,0.0,100.0,estimated,29.121432736579685
2023-08-14,3158584371.624,2068933296.6902,73199707.405,,5300717375.7192,3,29423.8,446020.9464261336,137895.30314774654,0.0,0.0,0,0,0,False,0.0,52.7688077705057,446020.9464261336,137895.30314774654,52.7688077705057,estimated,29.2901366693272
2023-08-15,3332383660.5983996,2048429747.104,72404948.482,,5453218356.184401,3,29191.6,9547529.025100317,0.0,0.0,0.0,0,0,0,False,0.0,100.0,9547529.025100317,0.0,100.0,estimated,-18.507123018321483
2023-08-16,3360525742.1736,2076053163.3463123,71059850.90120001,,5507638756.421113,3,28721.1,21986814.75983033,0.0,0.0,0.0,0,0,0,False,0.0,100.0,21986814.75983033,0.0,100.0,estimated,19.281319847234396
2023-08-17,2833487284.3056,1952232769.7653,47252585.7359,,4832972639.8068,3,26612.1,770805619.6822231,0.0,0.0,0.0,0,0,0,False,0.0,100.0,770805619.6822231,0.0,100.0,estimated,93.58000951338096
2023-08-18,2494163845.9458,1449196062.691,45231417.7476,,3988591326.3844,3,26044.55,0.0,0.0,0.0,0.0,0,0,0,False,0.0,0.0,0.0,0.0,0.0,none,93.5780739594507
2023-08-19,2286459798.7896,1441936480.9488,44969248.409,,3773365528.1474,3,26089.4,0.0,0.0,0.0,0.0,0,0,0,False,0.0,0.0,0.0,0.0,0.0,none,93.5780739594507
2023-08-20,2348538211.0287,1461385149.651,46052135.9308,,3855975496.6105,3,26182.45,0.0,0.0,0.0,0.0,0,0,0,False,0.0,0.0,0.0,0.0,0.0,none,93.5780739594507
2023-08-21,2376660207.7474003,1521970896.2766,42337958.8434,,3940969062.8674,3,26119.2,92434.10665421275,0.0,0.0,0.0,0,0,0,False,0.0,100.0,92434.10665421275,0.0,100.0,estimated,93.59164612978745
2023-08-22,2267885798.77,1514104010.94,42687077.637600005,,3824676887.3476,3,26044.2,2492576.768893267,0.0,0.0,0.0,0,0,0,False,0.0,100.0,2492576.768893267,0.0,100.0,estimated,99.58912784519373
2023-08-23,2216733384.4992,1472394065.8014,42537332.2224,,3731664782.5230002,3,26426.800000000003,412.53990390492817,2441440.3437663317,0.0,0.0,0,0,0,False,0.0,-99.9662109124867,412.53990390492817,2441440.3437663317,-99.9662109124867,estimated,99.35800704398997
2023-08-24,2239786412.0324,1499094448.7664,42495714.844,,3781376575.6428003,3,26167.3,0.0,0.0,0.0,0.0,0,0,0,False,0.0,0.0,0.0,0.0,0.0,none,99.3619844202775
2023-08-25,2191785245.5863,1512665858.9952002,42484915.7568,,3746936020.3383,3,26049.85,249264.41455334536,12000.625903343729,0.0,0.0,0,0,0,False,0.0,90.81344684894181,249264.41455334536,12000.625903343729,90.81344684894181,estimated,99.35878208129164
2023-08-26,2227439247.2682,1492865168.571,40901181.0984,,3761205596.9376,3,26013.75,0.0,0.0,0.0,0.0,0,0,0,False,0.0,0.0,0.0,0.0,0.0,none,99.35878208129164
2023-08-27,2258502530.7051,1496596376.0154002,44438995.832,,3799537902.5525,3,26091.85,0.0,9198.296845014582,0.0,0.0,0,0,0,False,0.0,-100.0,0.0,9198.296845014582,-100.0,estimated,99.35647950146813
2023-08-28,2252021798.4005,1493767395.792,44275792.2971,,3790064986.4896,3,26111.4,57054.714304117886,42695.389883360025,0.0,0.0,0,0,0,False,0.0,14.395297666827354,57054.714304117886,42695.389883360025,14.395297666827354,estimated,99.37966577481043
2023-08-29,2555162872.1814,1573533997.4699998,52650317.3648,,4181347187.0161996,3,27711.5,0.0,35334979.75135516,0.0,0.0,0,0,0,False,0.0,-100.0,0.0,35334979.75135516,-100.0,estimated,90.9204073069375
2023-08-30,2434740408.2712,1664966654.8074,47204164.2072,,4146911227.2858,3,27293.7,4148012.724641588,0.0,0.0,0.0,0,0,0,False,0.0,100.0,4148012.724641588,0.0,100.0,estimated,90.72183933066349
2023-08-31,2137857744.568,1585717804.8869,40951033.781,,3764526583.2359,3,25929.0,43295069.51100503,56798.310071668966,0.0,0.0,0,0,0,False,0.0,99.73796603040917,43295069.51100503,56798.310071668966,99.73796603040917,estimated,14.096609929305265
2023-09-01,2158031288.6796,1487458762.2114,41763827.4,,3687253878.291,3,25797.8,6261880.559125603,0.0,0.0,0.0,0,0,0,False,0.0,100.0,6261880.559125603,0.0,100.0,estimated,19.78922325902301
2023-09-02,2085465248.5878,1488554947.8591,43493857.6273,,3617514054.0742,3,25862.35,0.0,3088.8215986419277,0.0,0.0,0,0,0,False,0.0,-100.0,0.0,3088.8215986419277,-100.0,estimated,19.785307707156722
2023-09-03,2087664411.1621,1484308319.6634002,44056983.6465,,3616029714.4720006,3,25966.55,0.0,11990.995688803747,0.0,0.0,0,0,0,False,0.0,-100.0,0.0,11990.995688803747,-100.0,estimated,19.770109719024315
2023-09-04,2091752019.846,1493835035.4791002,42418867.7736,,3628005923.0987,3,25813.0,7428.977145239735,333.4558270295783,0.0,0.0,0,0,0,False,0.0,91.4084713331291,7428.977145239735,333.4558270295783,91.4084713331291,estimated,19.69746003439521
2023-09-05,2160714160.8726,1497366189.8886,43815294.3724,,3701895645.1335998,3,25785.45,28588.56550000272,0.0,0.0,0.0,0,0,0,False,0.0,100.0,28588.56550000272,0.0,100.0,estimated,17.545828900252573
2023-09-06,2143290380.4942,1550575614.651,44012402.6391,,3737878397.7843,3,25749.25,353282.67502956546,58298.19326442423,0.0,0.0,0,0,0,False,0.0,71.67108689669114,353282.67502956546,58298.19326442423,71.67108689669114,estimated,20.984327187111695
2023-09-07,2172430553.613,1521366793.836,43356109.389800005,,3737153456.8388,3,26248.65,14178.539283362992,1706503.616593095,0.0,0.0,0,0,0,False,0.0,-98.35198624743792,14178.539283362992,1706503.616593095,-98.35198624743792,estimated,18.74386441628022
2023-09-08,2162005825.5454,1501871344.6188002,44838270.854,,3708715441.0182004,3,25904.4,146566.65393791193,6301.956899999776,0.0,0.0,0,0,0,False,0.0,91.7550674851336,146566.65393791193,6301.956899999776,91.7550674851336,estimated,18.660098275092377
2023-09-09,2162012628.7648,1530180531.1098,43828752.7482,,3736021912.6228004,3,25898.35,0.0,0.0,0.0,0.0,0,0,0,False,0.0,0.0,0.0,0.0,0.0,none,18.660098275092377
2023-09-10,2112165683.2796004,1534780901.5272,42769282.3616,,3689715867.1684003,3,25831.2,350686.0476146251,6630.53353260001,0.0,0.0,0,0,0,False,0.0,96.28870649589695,350686.0476146251,6630.53353260001,96.28870649589695,estimated,18.973835826684375
2023-09-11,2249145620.1808004,1465451545.1508,43497523.8628,,3758094689.1944003,3,25155.35,42326382.55762459,0.0,0.0,0.0,0,0,0,False,0.0,100.0,42326382.55762459,0.0,100.0,estimated,44.54852858812477
2023-09-12,2254546860.7662,1559631018.375,44991803.8615,,3859169683.0027,3,25833.4,0.0,10129092.617609717,0.0,0.0,0,0,0,False,0.0,-100.0,0.0,10129092.617609717,-100.0,estimated,78.00217458655135
2023-09-13,2355796135.008,1612067435.4362,48396238.2684,,4016259808.7125998,3,26216.45,0.0,330159.3791953817,0.0,0.0,0,0,0,False,0.0,-100.0,0.0,330159.3791953817,-100.0,estimated,76.57471535292223
2023-09-14,2430167097.0267,1624003050.67,47111501.1942,,4101281648.8909,3,26518.449999999997,0.0,15905587.730491532,0.0,0.0,0,0,0,False,0.0,-100.0,0.0,15905587.730491532,-100.0,estimated,27.47177901729009
2023-09-15,2304566555.9418,1677901308.837,48735644.2634,,4031203509.0422,3,26595.9,68840.446767396,82439.90672548686,0.0,0.0,0,0,0,False,0.0,-8.989574418683953,68840.446767396,82439.90672548686,-8.989574418683953,estimated,21.045972558212817
2023-09-16,2296678559.6938,1585181794.95,47748474.54,,3929608829.1837997,3,26555.3,11745.668948583121,9490.207830133586,0.0,0.0,0,0,0,False,0.0,10.620993622971255,11745.668948583121,9490.207830133586,10.620993622971255,estimated,21.048103881681694
2023-09-17,2247576068.5056,1577854202.6771998,47945039.5818,,3873375310.7646,3,26521.3,0.0,0.0,0.0,0.0,0,0,0,False,0.0,0.0,0.0,0.0,0.0,none,21.06839233297014
2023-09-18,2393750004.3684,1575625359.6032,48541778.3574,,4017917142.329,3,26755.050000000003,35255.88615292978,22790069.40338801,0.0,0.0,0,0,0,False,0.0,-99.69108097513873,35255.88615292978,22790069.40338801,-99.69108097513873,estimated,-8.148620504735394
2023-09-19,2521340072.1600003,1624361754.115,47843235.195,,4193545061.4700007,3,27201.55,0.0,10401518.573367579,0.0,0.0,0,0,0,False,0.0,-100.0,0.0,10401518.573367579,-100.0,estimated,-17.300324015003355
2023-09-20,2449257789.2988,1663938098.0838,46842502.8714,,4160038390.2539997,3,27115.3,1074877.2752950196,59412.97567447542,0.0,0.0,0,0,0,False,0.0,89.52420235937069,1074877.2752950196,59412.97567447542,89.52420235937069,estimated,-16.49855553570574
2023-09-21,2454893629.0058,1616204431.233,47329815.2236,,4118427875.4624,3,26559.05,3564604.621572361,0.0,0.0,0.0,0,0,0,False,0.0,100.0,3564604.621572361,0.0,100.0,estimated,-11.315733759454814
2023-09-22,2460557649.2038,1608774188.1897,47767231.7776,,4117099069.1711,3,26573.7,0.0,3571.23275166623,0.0,0.0,0,0,0,False,0.0,-100.0,0.0,3571.23275166623,-100.0,estimated,-11.465737936768482
2023-09-23,2426895263.3554997,1573755867.0096,47681238.6162,,4048332368.9813,3,26571.449999999997,0.0,0.0,0.0,0.0,0,0,0,False,0.0,0.0,0.0,0.0,0.0,none,-11.465737936768482
2023-09-24,2371600167.9636,1546275362.9454,47721533.4216,,3965597064.3306003,3,26237.2,8553603.586420206,3606.7411072158866,0.0,0.0,0,0,0,False,0.0,99.91570287583995,8553603.586420206,3606.7411072158866,99.91570287583995,estimated,-3.536739984300646
2023-09-25,2359209829.005,1497201513.15,45412651.333799995,,3901823993.4888,3,26294.25,4898940.213787075,24.114786272064045,0.0,0.0,0,0,0,False,0.0,99.99901551492705,4898940.213787075,24.114786272064045,99.99901551492705,estimated,-53.26693030443847
2023-09-26,2390430791.6016,1579448687.6646,45572495.1228,,4015451974.389,3,26210.4,0.0,0.0,0.0,0.0,0,0,0,False,0.0,0.0,0.0,0.0,0.0,none,-46.284522553489296
2023-09-27,2327366739.3816,1632653340.306,46424987.6618,,4006445067.3494,3,26359.55,20019.124947213924,2729876.4796851412,0.0,0.0,0,0,0,False,0.0,-98.54400836791835,20019.124947213924,2729876.4796851412,-98.54400836791835,estimated,-48.07867168464729
2023-09-28,2533357820.5322,1595291566.6969,42614099.5216,,4171263486.7506995,3,27016.75,0.0,7489989.538468996,0.0,0.0,0,0,0,False,0.0,-100.0,0.0,7489989.538468996,-100.0,estimated,-41.008057056915135
2023-09-29,2378304850.1751003,1652239102.5504,41455887.9968,,4071999840.7223,3,26902.2,466782.36671843333,125303.99281309462,0.0,0.0,0,0,0,False,0.0,57.67374444760458,466782.36671843333,125303.99281309462,57.67374444760458,estimated,-40.14710738866361
2023-09-30,2430483692.1208,1605996670.1625,41128103.775,,4077608466.0583,3,26958.3,0.0,32643.097750348963,0.0,0.0,0,0,0,False,0.0,-100.0,0.0,32643.097750348963,-100.0,estimated,-40.19581235458795
2023-10-01,2448181722.8148003,1688093239.805,43565678.8,,4179840641.4198008,3,27990.7,0.0,115857274.65472168,0.0,0.0,0,0,0,False,0.0,-100.0,0.0,115857274.65472168,-100.0,estimated,-79.09790855992702
2023-10-02,2425721071.6872,1607274070.7422,45871661.8823,,4078866804.3117,3,27490.4,2767156.7965145553,29043515.61755558,0.0,0.0,0,0,0,False,0.0,-82.60233697360879,2767156.7965145553,29043515.61755558,-82.60233697360879,estimated,-77.18138485483283
2023-10-03,2405543322.0280004,1645440897.8572,47547005.904,,4098531225.7892003,3,27419.300000000003,4857.109922865088,1299.902740836324,0.0,0.0,0,0,0,False,0.0,57.774888185633145,4857.109922865088,1299.902740836324,57.774888185633145,estimated,-75.83343501854986
2023-10-04,2499806799.4948,1744202720.3478005,51239551.308,,4295249071.1506,3,27769.25,98256.58553530823,305567.4691561819,0.0,0.0,0,0,0,False,0.0,-51.33693280833733,98256.58553530823,305567.4691561819,-51.33693280833733,estimated,-76.84312085134735
2023-10-05,2509972520.1024003,1755205038.1943,51023227.5205,,4316200785.817201,3,27405.15,1780870.6960240568,1029129.4773853633,0.0,0.0,0,0,0,False,0.0,26.75235488425587,1780870.6960240568,1029129.4773853633,26.75235488425587,estimated,-78.77947191110735
2023-10-06,2625393039.6895,1791284547.9375,53535356.385400005,,4470212944.0124,3,27921.65,43678.266797487726,3591275.204885737,0.0,0.0,0,0,0,False,0.0,-97.59676336229626,43678.266797487726,3591275.204885737,-97.59676336229626,estimated,-79.16150497409924
2023-10-07,2539958371.063,1808958683.3148,51523875.748799995,,4400440930.1266,3,27949.85,0.0,0.0,0.0,0.0,0,0,0,False,0.0,0.0,0.0,0.0,0.0,none,-79.16150497409924
2023-10-08,2569793989.0200005,1797180456.721,50736336.5936,,4417710782.3346,3,27908.6,328319.58359958784,73959.42611905462,0.0,0.0,0,0,0,False,0.0,63.22978612740322,328319.58359958784,73959.42611905462,63.22978612740322,estimated,-87.80367028202726
2023-10-09,2504336802.4571,1786743127.8048,44805046.972799994,,4335884977.2347,3,27585.050000000003,3633507.660353012,0.0,0.0,0.0,0,0,0,False,0.0,100.0,3633507.660353012,0.0,100.0,estimated,-89.20638530228143
2023-10-10,2546550199.7012,1789347286.1160002,45837531.9493,,4381735017.7664995,3,27385.6,0.0,0.0,0.0,0.0,0,0,0,False,0.0,0.0,0.0,0.0,0.0,none,-89.20638530228143
2023-10-11,2635248170.3795,1809087200.078,47425958.0718,,4491761328.529301,3,26870.75,37372154.35747543,0.0,0.0,0.0,0,0,0,False,0.0,100.0,37372154.35747543,0.0,100.0,estimated,-54.42626875182553
2023-10-12,2594171663.928,1906066255.1453328,47530893.696,,4547768812.769333,3,26749.2,239035.4365648263,0.0,0.0,0.0,0,0,0,False,0.0,100.0,239035.4365648263,0.0,100.0,estimated,-52.5041624314141
2023-10-13,2612369575.7138,1890545097.2406,45870953.0472,,4548785626.0016,3,26852.9,0.0,378004.58465743414,0.0,0.0,0,0,0,False,0.0,-100.0,0.0,378004.58465743414,-100.0,estimated,-52.92734009974528
2023-10-14,2642267157.1374,1834659730.368,46314448.677,,4523241336.1824,3,26846.85,0.0,8845.070470121076,0.0,0.0,0,0,0,False,0.0,-100.0,0.0,8845.070470121076,-100.0,estimated,-52.92164079567968
2023-10-15,2648383781.895,1829073640.8105285,47763373.801,,4525220796.506528,3,27145.35,0.0,1396774.640868922,0.0,0.0,0,0,0,False,0.0,-100.0,0.0,1396774.640868922,-100.0,estimated,12.716135577619575
2023-10-16,2537491236.88,1929516266.3952005,48484236.9102,,4515491740.185401,3,28489.9,0.0,357688041.4113121,0.0,0.0,0,0,0,False,0.0,-100.0,0.0,357688041.4113121,-100.0,estimated,-78.67475632685142
2023-10-17,2588608994.1908,1638398143.1749,48233182.7718,,4275240320.1375003,3,28389.5,636952.0455807461,0.0,0.0,0.0,0,0,0,False,0.0,100.0,636952.0455807461,0.0,100.0,estimated,-78.39828564491309
2023-10-18,2447320024.6478996,1712948735.8797,51159836.3992,,4211428596.9267993,3,28316.85,64689.08015537361,1299528.678706414,0.0,0.0,0,0,0,False,0.0,-90.51631167602659,64689.08015537361,1299528.678706414,-90.51631167602659,estimated,-78.4653315771975
2023-10-19,2695169773.9531,1745669704.2731,51503269.202,,4492342747.4282,3,28703.4,27887.78724195647,440151.4907504411,0.0,0.0,0,0,0,False,0.0,-88.08314235438614,27887.78724195647,440151.4907504411,-88.08314235438614,estimated,-79.2024298608183
2023-10-20,2682245242.443,1763918762.6907,55033880.8512,,4501197885.9848995,3,29657.0,0.0,54033310.06593808,0.0,0.0,0,0,0,False,0.0,-100.0,0.0,54033310.06593808,-100.0,estimated,-81.51197998406843
2023-10-21,2881411477.217,1832444037.4016,57293715.223000005,,4771149229.841599,3,29903.95,7328.40349347473,534342.0854611453,0.0,0.0,0,0,0,False,0.0,-97.29414703480785,7328.40349347473,534342.0854611453,-97.29414703480785,estimated,-81.53063870876113
2023-10-22,2791052938.6575003,1909855229.3451,56233019.7364,,4757141187.738999,3,29990.65,433680.3014582472,372886.12700544787,0.0,0.0,0,0,0,False,0.0,7.5374045221045005,433680.3014582472,372886.12700544787,7.5374045221045005,estimated,-81.50096974079773
2023-10-23,2933677856.4500003,1995755891.1004,59911458.3432,,4989345205.8935995,3,33095.600000000006,0.0,672417378.4780867,0.0,0.0,0,0,0,False,0.0,-100.0,0.0,672417378.4780867,-100.0,estimated,-93.11984860892095
2023-10-24,2876541131.23,1759064738.185,57319676.357999995,,4692925545.773,3,33930.9,43367.978294443674,21262609.123982392,0.0,0.0,0,0,0,False,0.0,-99.59290317373139,43367.978294443674,21262609.123982392,-99.59290317373139,estimated,-93.23991470026424
2023-10-25,2893487853.2625,1915691238.18,58407268.1976,,4867586359.6401005,3,34503.95,0.0,0.0,0.0,0.0,0,0,0,False,0.0,0.0,0.0,0.0,0.0,none,-99.73851149299139
2023-10-26,2895937025.318,1984399784.9577,67046629.813,,4947383440.088699,3,34159.55,638974.4443992152,102136.60583465235,0.0,0.0,0,0,0,False,0.0,72.43689571153425,638974.4443992152,102136.60583465235,72.43689571153425,estimated,-99.66668431514177
2023-10-27,2864269174.7727,2042760388.392,65213482.8384,,4972243046.003099,3,33898.55,2443731.3930245205,0.0,0.0,0.0,0,0,0,False,0.0,100.0,2443731.3930245205,0.0,100.0,estimated,-99.2285134720755
2023-10-28,2887367558.7852,2026026863.8992,63498291.1446,,4976892713.829,3,34092.0,0.0,210045.43524352057,0.0,0.0,0,0,0,False,0.0,-100.0,0.0,210045.43524352057,-100.0,estimated,-99.22865280409759
2023-10-29,3040769376.8068,2014466928.4844,64323701.8742,,5119560007.1654,3,34532.2,0.0,611067.1317141154,0.0,0.0,0,0,0,False,0.0,-100.0,0.0,611067.1317141154,-100.0,estimated,-99.228108412967
2023-10-30,2993211875.0274005,2029834116.3688,65773265.376,,5088819256.772201,3,34492.7,124801.87611322307,90834.29068234829,0.0,0.0,0,0,0,False,0.0,15.75226731936713,124801.87611322307,90834.29068234829,15.75226731936713,estimated,-98.82999776441025
2023-10-31,3058002232.2038,2062177504.8966,66572658.3933,,5186752395.4937,3,34659.25,13205.845352093913,2349.013040745928,0.0,0.0,0,0,0,False,0.0,69.79705013801711,13205.845352093913,2349.013040745928,69.79705013801711,estimated,-98.99422766871436
2023-11-01,3076648454.5126,2110968412.0112,71513578.27600001,,5259130444.7998,3,35439.9,352835.24722770986,13702490.985744312,0.0,0.0,0,0,0,False,0.0,-94.979337492715,352835.24722770986,13702490.985744312,-94.979337492715,estimated,-98.93579963323647
2023-11-02,2845414373.0726995,2059966144.1325,68823001.2612,,4974203518.466399,3,34950.8,900510.6426033068,10745130.715358086,0.0,0.0,0,0,0,False,0.0,-84.53480379613985,900510.6426033068,10745130.715358086,-84.53480379613985,estimated,-98.72704432774054
2023-11-03,2826942691.86,2052550026.5854,68499847.10700001,,4947992565.552401,3,34717.05,1476599.755281663,0.0,0.0,0.0,0,0,0,False,0.0,100.0,1476599.755281663,0.0,100.0,estimated,-98.228449501341
2023-11-04,2930310260.6840997,2073786997.15,67120099.97,,5071217357.8041,3,35072.35,0.0,0.0,0.0,0.0,0,0,0,False,0.0,0.0,0.0,0.0,0.0,none,-98.22914664000588
2023-11-05,3014233690.7065,2067960171.4674003,68360618.7855,,5150554480.9594,3,35030.65,452258.7316778792,73663.60105446959,0.0,0.0,0,0,0,False,0.0,71.98688989997378,452258.7316778792,73663.60105446959,71.98688989997378,estimated,-98.22334138353132
2023-11-06,3020464916.9226,2096394354.0836,68243463.90609999,,5185102734.9123,3,35063.2,15369.157744884182,11768.682064498444,0.0,0.0,0,0,0,False,0.0,13.26736286187713,15369.157744884182,11768.682064498444,13.26736286187713,estimated,-75.74169270194595
2023-11-07,3142690783.007,2095443627.008,72011096.82720001,,5310145506.842199,3,35415.5,188719.5305713435,2083090.119307419,0.0,0.0,0,0,0,False,0.0,-83.38597332911102,188719.5305713435,2083090.119307419,-83.38597332911102,estimated,-61.4072018071982
2023-11-08,3220527027.0815,2189007144.3008,69350724.2596,,5478884895.641899,3,35631.35,101228.83995988418,9768459.153514823,0.0,0.0,0,0,0,False,0.0,-97.94869219722425,101228.83995988418,9768459.153514823,-97.94869219722425,estimated,-69.5835579149915
2023-11-09,2920021114.4224997,2250894686.889,72691602.399,,5243607403.7105,3,36714.25,62422.8171237013,220338877.78741705,0.0,0.0,0,0,0,False,0.0,-99.94335530965336,62422.8171237013,220338877.78741705,-99.94335530965336,estimated,-95.3507249708112
2023-11-10,2979862820.1904,2114297528.2576,72004528.7024,,5166164877.1504,3,37329.2,62159.529208669024,444053.8410109339,0.0,0.0,0,0,0,False,0.0,-75.44137201208127,62159.529208669024,444053.8410109339,-75.44137201208127,estimated,-97.13548168815633
2023-11-11,2986307707.416,2046174451.839,71418012.7779,,5103900172.0329,3,37161.55,219040.8419849268,0.0,0.0,0.0,0,0,0,False,0.0,100.0,219040.8419849268,0.0,100.0,estimated,-96.9682717736129
2023-11-12,2998433619.5615,1973219927.231,73955784.243,,5045609331.0355,3,37087.5,5326.076854186388,0.0,0.0,0.0,0,0,0,False,0.0,100.0,5326.076854186388,0.0,100.0,estimated,-96.95716432079965
2023-11-13,2934526651.5938,1983975130.5264,69343329.8409,,4987845111.961101,3,36478.1,712291.430607594,30523.23847018923,0.0,0.0,0,0,0,False,0.0,91.7817351377607,712291.430607594,30523.23847018923,91.7817351377607,estimated,-96.51442004525347
2023-11-14,2805283468.8450003,1999969033.134,70184506.2048,,4875437008.1838,3,35559.75,19900753.26901789,5158.577645712323,0.0,0.0,0,0,0,False,0.0,99.94817039595625,19900753.26901789,5158.577645712323,99.94817039595625,estimated,-82.63853814117627
2023-11-15,3147358116.0783997,2115311959.5135,66709625.902,,5329379701.4939,3,37889.75,450.8987250209078,4259264.412082005,0.0,0.0,0,0,0,False,0.0,-99.97882963099075,450.8987250209078,4259264.412082005,-99.97882963099075,estimated,-82.2722087432031
2023-11-16,2926725041.52,2048399427.5895,65307343.712,,5040431812.8215,3,36177.25,75720022.12615675,0.0,0.0,0.0,0,0,0,False,0.0,100.0,75720022.12615675,0.0,100.0,estimated,-41.109040210236124
2023-11-17,2853767307.1383004,2058649714.0929997,66463139.2516,,4978880160.482901,3,36627.95,0.0,0.0,0.0,0.0,0,0,0,False,0.0,0.0,0.0,0.0,0.0,none,-41.73202875841988
2023-11-18,2904853053.909,2020753803.985,69497685.3888,,4995104543.2828,3,36587.45,9908.09049640901,1701.7733536796204,0.0,0.0,0,0,0,False,0.0,70.68400843190544,9908.09049640901,1701.7733536796204,70.68400843190544,estimated,-41.72812661922967
2023-11-19,3022393295.4117,2082713085.1332,79218652.91999999,,5184325033.4649,3,37381.4,10740.666480054733,646535.4983395688,0.0,0.0,0,0,0,False,0.0,-96.73176449871652,10740.666480054733,646535.4983395688,-96.73176449871652,estimated,-42.01491221040952
2023-11-20,3123495203.1749997,2127230742.7283,83440371.7362,,5334166317.6395,3,37465.9,724687.3871482755,116323.12662872969,0.0,0.0,0,0,0,False,0.0,72.33729549793169,724687.3871482755,116323.12662872969,72.33729549793169,estimated,-41.7326586205253
2023-11-21,2844300539.652,2042875390.1367,65035247.9325,,4952211177.7212,3,35736.5,17045469.339508515,20628.628715555144,0.0,0.0,0,0,0,False,0.0,99.75825020161065,17045469.339508515,20628.628715555144,99.75825020161065,estimated,-34.56737328017632
2023-11-22,3025427445.0406,2078565672.944,68894517.90779999,,5172887635.8924,3,37420.25,6358334.857193494,870289.3683879721,0.0,0.0,0,0,0,False,0.0,75.92102338621797,6358334.857193494,870289.3683879721,75.92102338621797,estimated,-30.46962726908785
2023-11-23,3056789333.9026003,2105092109.1882,70995629.145,,5232877072.235801,3,37299.0,185825.47832830652,27968.402571472154,0.0,0.0,0,0,0,False,0.0,73.83610564178582,185825.47832830652,27968.402571472154,73.83610564178582,estimated,89.91588146665627
2023-11-24,3017887142.4966,2130119791.8,80812335.9438,,5228819270.2404,3,37718.95,0.0,11422864.775813198,0.0,0.0,0,0,0,False,0.0,-100.0,0.0,11422864.775813198,-100.0,estimated,74.83441916596257
2023-11-25,3005081224.1126,2139433464.168,78391818.58749999,,5222906506.868099,3,37785.2,0.0,0.0,0.0,0.0,0,0,0,False,0.0,0.0,0.0,0.0,0.0,none,74.79449675188863
2023-11-26,2962344632.5689,2139157374.3588,76566528.9056,,5178068535.8333,3,37452.7,153911.44465090625,0.0,0.0,0.0,0,0,0,False,0.0,100.0,153911.44465090625,0.0,100.0,estimated,74.82159174536491
2023-11-27,2951196575.4880004,2182870245.136,72324856.908,,5206391677.532001,3,37250.95,1182386.7283380134,0.0,0.0,0.0,0,0,0,False,0.0,100.0,1182386.7283380134,0.0,100.0,estimated,74.94543404369637
2023-11-28,3066917046.2367997,2329525698.68,77293525.3974,,5473736270.314199,3,37820.75,34465.300495539086,523724.687131419,0.0,0.0,0,0,0,False,0.0,-87.65105026621421,34465.300495539086,523724.687131419,-87.65105026621421,estimated,70.013451354362
2023-11-29,3127156516.5561,2299253330.4416,76145660.4184,,5502555507.4161,3,37856.899999999994,49388.819948365,3163196.3549401453,0.0,0.0,0,0,0,False,0.0,-96.92529117457072,49388.819948365,3163196.3549401453,-96.92529117457072,estimated,71.60148193376462
2023-11-30,3116118113.6448,2230094230.4568,77462932.4322,,5423675276.533801,3,37728.55,212726.01774751404,8274.319993764871,0.0,0.0,0,0,0,False,0.0,92.51193905101496,212726.01774751404,8274.319993764871,92.51193905101496,estimated,21.432023086507428
2023-12-01,3442477225.76,2330898658.7040005,83412624.0275,,5856788508.491501,3,38682.4,0.0,41561817.040297195,0.0,0.0,0,0,0,False,0.0,-100.0,0.0,41561817.040297195,-100.0,estimated,-38.41459874589043
2023-12-02,3220776923.9249997,2443894109.865,90911609.2864,,5755582643.076399,3,39454.0,0.0,112770392.1026033,0.0,0.0,0,0,0,False,0.0,-100.0,0.0,112770392.1026033,-100.0,estimated,-73.65879285639278
2023-12-03,3198281408.0298,2375164342.0743,92986664.7468,,5666432414.8509,3,39994.15,1234.613736345395,63501705.72631773,0.0,0.0,0,0,0,False,0.0,-99.99611163284807,1234.613736345395,63501705.72631773,-99.99611163284807,estimated,-80.0347251107068
2023-12-04,3493489639.2552,2568255574.3962,90896296.3848,,6152641510.0362,3,42000.15,0.0,224724137.16414142,0.0,0.0,0,0,0,False,0.0,-100.0,0.0,224724137.16414142,-100.0,estimated,-89.57306096125812
2023-12-05,3640893407.365499,2621935927.7364,90044413.3107,,6352873748.4126,3,44097.65,413337.14129620977,75091856.16801961,0.0,0.0,0,0,0,False,0.0,-98.9051424857548,413337.14129620977,75091856.16801961,-98.9051424857548,estimated,-96.83117151169273
2023-12-06,3732369415.3812,2675235481.4012,87996750.28889999,,6495601647.0713005,3,43778.9,765191.6312292183,25301.823957601227,0.0,0.0,0,0,0,False,0.0,93.59847351256778,765191.6312292183,25301.823957601227,93.59847351256778,estimated,-98.88079249656539
2023-12-07,3611278358.688,2669125828.536,80307047.3712,,6360711234.5952,3,43302.1,2355155.1006306014,21236.392222972478,0.0,0.0,0,0,0,False,0.0,98.21271938678152,2355155.1006306014,21236.392222972478,98.21271938678152,estimated,-98.07882275462993
2023-12-08,3629770200.784499,2781329753.5982,89816385.2736,,6500916339.656299,3,44209.6,0.0,75628025.22258133,0.0,0.0,0,0,0,False,0.0,-100.0,0.0,75628025.22258133,-100.0,estimated,-98.28365845895901
2023-12-09,3534167995.7826004,2630742474.96,86628177.2744,,6251538648.017,3,43737.15,499490.5191459421,0.0,0.0,0.0,0,0,0,False,0.0,100.0,499490.5191459421,0.0,100.0,estimated,-98.1193263678261
2023-12-10,3642645580.21,2553588328.4958,88747599.5484,,6284981508.2542,3,43816.9,0.0,0.0,0.0,0.0,0,0,0,False,0.0,0.0,0.0,0.0,0.0,none,-98.16993410145189
2023-12-11,3117164333.799,2458781684.2831,68901996.716,,5644848014.7980995,3,41265.5,86657107.61317886,0.0,0.0,0.0,0,0,0,False,0.0,100.0,86657107.61317886,0.0,100.0,estimated,-73.55027034572849
2023-12-12,3211579808.56,2461507633.8,67598625.7736,,5740686068.1336,3,41509.5,0.0,0.0,0.0,0.0,0,0,0,False,0.0,0.0,0.0,0.0,0.0,none,-73.53882090351537
2023-12-13,3370797085.25,2524792280.618,83043330.8029,,5978632696.6709,3,42885.95,373828.4729073238,4911071.254074511,0.0,0.0,0,0,0,False,0.0,-85.8529587231804,373828.4729073238,4911071.254074511,-85.8529587231804,estimated,-73.5242426221659
2023-12-14,3285664542.0128,2509402968.45,80294663.0336,,5875362173.4964,3,43041.2,8424939.086342052,165705.94886560546,0.0,0.0,0,0,0,False,0.0,96.14217679379183,8424939.086342052,165705.94886560546,96.14217679379183,estimated,-71.488324626115
2023-12-15,3181828765.056,2420783958.6245,71875161.2166,,5674487884.8971,3,41970.5,0.0,0.0,0.0,0.0,0,0,0,False,0.0,0.0,0.0,0.0,0.0,none,-69.68283417436834
2023-12-16,3185355196.9782,2361393504.4807,79280194.0488,,5626028895.507701,3,42285.350000000006,0.0,0.0,0.0,0.0,0,0,0,False,0.0,0.0,0.0,0.0,0.0,none,-63.39303556839426
2023-12-17,3160356264.333,2315152235.8272,70086459.545,,5545594959.7052,3,41387.55,123449.50930078173,0.0,0.0,0.0,0,0,0,False,0.0,100.0,123449.50930078173,0.0,100.0,estimated,-58.510336245589286
2023-12-18,3222974810.7954,2377032994.7124,77413912.6904,,5677421718.1982,3,42677.649999999994,8016900.097157436,6550.384539069208,0.0,0.0,0,0,0,False,0.0,99.83671901374571,8016900.097157436,6550.384539069208,99.83671901374571,estimated,-18.301390712792912
2023-12-19,3246355356.7742,2453929594.374,78186465.6256,,5778471416.7738,3,42298.0,502504.0837281846,794693.4545381146,0.0,0.0,0,0,0,False,0.0,-22.52466275879927,502504.0837281846,794693.4545381146,-22.52466275879927,estimated,13.824601134757053
2023-12-20,3484787687.5731997,2544848957.9700003,83214658.723,,6112851304.266199,3,43709.45,0.0,15461570.677016249,0.0,0.0,0,0,0,False,0.0,-100.0,0.0,15461570.677016249,-100.0,estimated,4.88595287756305
2023-12-21,3535146160.5705004,2511214036.9657,89645515.6116,,6136005713.1478,3,43899.2,304808.58605660236,162711.9534501715,0.0,0.0,0,0,0,False,0.0,30.39366628818925,304808.58605660236,162711.9534501715,30.39366628818925,estimated,3.8472355226108865
2023-12-22,3402482379.5592003,2449977682.59,85690218.4974,,5938150280.646601,3,44004.6,50385.10760184711,1478941.302752824,0.0,0.0,0,0,0,False,0.0,-93.41081050314666,50385.10760184711,1478941.302752824,-93.41081050314666,estimated,64.07346480554592
2023-12-23,3437900627.4059997,2421057463.835,84168160.3763,,5943126251.617299,3,43730.45,0.0,0.0,0.0,0.0,0,0,0,False,0.0,0.0,0.0,0.0,0.0,none,63.93264838835909
2023-12-24,3320888014.908,2334350460.5063,82163177.5236,,5737401652.9379,3,43015.350000000006,5211819.261187666,4607.363786079195,0.0,0.0,0,0,0,False,0.0,99.82335172648567,5211819.261187666,4607.363786079195,99.82335172648567,estimated,65.34402396716428
2023-12-25,3381418574.289,2430685007.1496,82533066.435,,5894636647.873601,3,43611.850000000006,0.0,0.0,0.0,0.0,0,0,0,False,0.0,0.0,0.0,0.0,0.0,none,0.049531730803685114
2023-12-26,3385878281.37,2369606585.328,79821507.1635,,5835306373.8615,3,42545.25,34251215.08856584,0.0,0.0,0.0,0,0,0,False,0.0,100.0,34251215.08856584,0.0,100.0,estimated,42.711318185063675
2023-12-27,3304308471.3288,2499638162.304,83456785.1041,,5887403418.7369,3,43453.9,4102.012666156228,36587.97512405471,0.0,0.0,0,0,0,False,0.0,-79.83772967784927,4102.012666156228,36587.97512405471,-79.83772967784927,estimated,51.70397653959154
2023-12-28,3220199622.9363,2473243211.098,77928109.272,,5771370943.3063,3,42603.55,1963480.0248778015,77777.08855608654,0.0,0.0,0,0,0,False,0.0,92.37949124152746,1963480.0248778015,77777.08855608654,92.37949124152746,estimated,47.339996423124006
2023-12-29,3187330598.6478,2470779887.0183,78448385.416,,5736558871.0821,3,42095.2,13499804.893208858,0.0,0.0,0.0,0,0,0,False,0.0,100.0,13499804.893208858,0.0,100.0,estimated,56.01459331558032
2023-12-30,3182664700.3143997,2434852133.9375997,81499820.7,,5699016654.951999,3,42175.7,356.2028772484035,371.23257157448546,0.0,0.0,0,0,0,False,0.0,-2.0661206915888513,356.2028772484035,371.23257157448546,-2.0661206915888513,estimated,56.01407777426075
2023-12-31,3131394931.384,2476296523.3776,81314914.36320001,1048331763.066,6737338132.190801,4,42305.85,0.0,10852.67776700575,0.0,0.0,0,0,0,False,0.0,-100.0,0.0,10852.67776700575,-100.0,estimated,55.92703955831643
2024-01-01,3388416884.2944,2536192317.914,88365640.0224,1092837881.94,7105812724.170801,4,44232.85,0.0,2817296.552728415,0.0,0.0,0,0,0,False,0.0,-100.0,0.0,2817296.552728415,-100.0,estimated,45.59740738275471
2024-01-02,3588728321.2734003,2568901502.762,93558807.727,1123820708.0,7375009339.762401,4,44984.4,0.0,118633235.79639903,0.0,0.0,0,0,0,False,0.0,-100.0,0.0,118633235.79639903,-100.0,estimated,-42.99531587706702
2024-01-03,2943009712.5125003,2551771114.5489,94514401.1815,945492978.582,6534788206.824901,4,42861.45,197553797.55521864,178530.4596881059,0.0,0.0,0,0,0,False,0.0,99.81942208289315,197553797.55521864,178530.4596881059,99.81942208289315,estimated,34.40320593162119
2024-01-04,3150266445.0930004,2558762913.8928003,104570734.3865,981905247.252,6795505340.624301,4,44151.850000000006,141.14908384533072,29789.30153935796,0.0,0.0,0,0,0,False,0.0,-99.05681952054603,141.14908384533072,29789.30153935796,-99.05681952054603,estimated,34.39756474181939
2024-01-05,2970571733.4566,2527470630.6016,102216913.491,921805026.913,6522064304.462201,4,44155.850000000006,8793406.36524101,40044.57675483681,0.0,0.0,0,0,0,False,0.0,99.09334240903615,8793406.36524101,40044.57675483681,99.09334240903615,estimated,36.39947875105433
2024-01-06,3005325073.5874996,2433479490.5784,97116049.0536,950576807.936,6486497421.155499,4,43971.95,0.0,0.0,0.0,0.0,0,0,0,False,0.0,0.0,0.0,0.0,0.0,none,36.39947875105433
2024-01-07,3098475457.5674,2474376592.0104,97490603.4689,983266777.32,6653609430.366699,4,43935.7,50620.948657263194,44248.255914742906,0.0,0.0,0,0,0,False,0.0,6.717346025267229,50620.948657263194,44248.255914742906,6.717346025267229,estimated,35.51674181972159
2024-01-08,3504036123.9829993,2652812272.4544,105446530.078,1036045382.54,7298340309.055399,4,46972.75,847606.1578399566,177202295.76090276,0.0,0.0,0,0,0,False,0.0,-99.04790044958656,847606.1578399566,177202295.76090276,-99.04790044958656,estimated,-7.572627058949333
2024-01-09,3264488361.572,2641047108.0,108593885.7846,990817497.272,7004946852.628601,4,46124.45,46497139.038488075,73512817.55990498,0.0,0.0,0,0,0,False,0.0,-22.511197643228417,46497139.038488075,73512817.55990498,-22.511197643228417,estimated,-16.106935295971716
2024-01-10,3199690498.4199004,2615638604.0673003,118633144.249,863598081.108,6797560327.8442,4,46661.4,88674.48104854417,94217.25376250412,0.0,0.0,0,0,0,False,0.0,-3.0306305091842303,88674.48104854417,94217.25376250412,-3.0306305091842303,estimated,-16.09917011470107
2024-01-11,3308749960.2708006,2628312206.9182997,116446192.2702,959716536.72,7013224896.1793,4,46342.75,109431.04958778806,55237795.58767701,0.0,0.0,0,0,0,False,0.0,-99.60456537305843,109431.04958778806,55237795.58767701,-99.60456537305843,estimated,-23.0654086070738
2024-01-12,3197897417.2068,2457438256.0421,78420253.6896,1043328784.888,6777084711.8265,4,42781.55,181687654.44697428,0.0,0.0,0.0,0,0,0,False,0.0,100.0,181687654.44697428,0.0,100.0,estimated,0.9065389732379192
2024-01-13,3219830350.6368003,2507796989.595,75337294.39220001,1047779512.731,6850744147.3550005,4,42848.7,11933.790275551348,64541.89960244375,0.0,0.0,0,0,0,False,0.0,-68.7906306053863,11933.790275551348,64541.89960244375,-68.7906306053863,estimated,0.9003688061840416
2024-01-14,3216760613.1215005,2479729090.981,66760703.370000005,1040681288.79,6803931696.262501,4,41732.95,1710566.6473706865,10623.825632494198,0.0,0.0,0,0,0,False,0.0,98.76552586141644,1710566.6473706865,10623.825632494198,98.76552586141644,estimated,1.096319337743364
2024-01-15,3141693796.8900003,2596937023.8317,75099050.7024,1064383664.256,6878113535.680101,4,42513.5,0.0,35428.98816022086,0.0,0.0,0,0,0,False,0.0,-100.0,0.0,35428.98816022086,-100.0,estimated,1.4224154741188935
2024-01-16,3197351680.021,2564915613.9149,74837768.7546,1006494392.319,6843599455.0095,4,43135.0,118737.18040629654,1752502.6799315833,0.0,0.0,0,0,0,False,0.0,-87.30925062863327,118737.18040629654,1752502.6799315833,-87.30925062863327,estimated,17.335608442941062
2024-01-17,3241267218.0284004,2463654160.4637,70725131.2134,991900319.432,6767546829.1375,4,42781.1,203138.9557854539,0.0,0.0,0.0,0,0,0,False,0.0,100.0,203138.9557854539,0.0,100.0,estimated,-12.388229237488988
2024-01-18,3211449923.591,2396561813.6245003,68500023.3368,1008123172.154,6684634932.7063,4,41323.95,29215340.844942573,0.0,0.0,0.0,0,0,0,False,0.0,100.0,29215340.844942573,0.0,100.0,estimated,-6.696403979614115
2024-01-19,3103572511.3571997,2476307149.126,63763470.099,1096470580.988,6740113711.5702,4,41662.6,8346571.78123963,53814.70507410613,0.0,0.0,0,0,0,False,0.0,98.71875644860427,8346571.78123963,53814.70507410613,98.71875644860427,estimated,-6.781272779330318
2024-01-20,3110941513.6866,2404828440.9969,64497605.2448,1000876308.428,6581143868.356299,4,41691.850000000006,14613.988749783159,24680.061395101013,0.0,0.0,0,0,0,False,0.0,-25.6172947512472,14613.988749783159,24680.061395101013,-25.6172947512472,estimated,-6.782555668385699
2024-01-21,3104146043.46,2395190250.1856,70836066.3573,1018815905.041,6588988265.0439,4,41582.8,0.0,116.80249642791223,0.0,0.0,0,0,0,False,0.0,-100.0,0.0,116.80249642791223,-100.0,estimated,-6.784794785680773
2024-01-22,3016366029.9960003,2331870805.2530003,71286480.84200001,1042693652.544,6462216968.635,4,39563.15,171776710.89880043,0.0,0.0,0.0,0,0,0,False,0.0,100.0,171776710.89880043,0.0,100.0,estimated,54.15559352820109
2024-01-23,3024672613.15,2256497567.1682,81638800.2342,884528742.93,6247337723.482401,4,39901.55,59007721.89893389,82204.08015232536,0.0,0.0,0,0,0,False,0.0,99.72176617658509,59007721.89893389,82204.08015232536,99.72176617658509,estimated,77.49190187518037
2024-01-24,3058267966.7442,2308279653.4178,78500945.8584,907654618.737,6352703184.7574005,4,40085.35,14033.046195669995,220828.71310132253,0.0,0.0,0,0,0,False,0.0,-88.04995224622785,14033.046195669995,220828.71310132253,-88.04995224622785,estimated,77.44451597518406
2024-01-25,3113810257.2651005,2413646311.02,75425205.0112,893925015.635,6496806788.931301,4,39953.65,84603.0576938281,15293.338752540829,0.0,0.0,0,0,0,False,0.0,69.38160074522544,84603.0576938281,15293.338752540829,69.38160074522544,estimated,99.00537932409172
2024-01-26,3316724289.2735996,2580038723.317,87324534.0765,1005202600.608,6989290147.275099,4,41814.2,0.0,17068125.9177128,0.0,0.0,0,0,0,False,0.0,-100.0,0.0,17068125.9177128,-100.0,estimated,86.66251336239358
2024-01-27,3295293302.602,2568171136.9408,88697012.5632,1017492309.6,6969653761.706001,4,42110.35,403524.3703831309,285051.9884334084,0.0,0.0,0,0,0,False,0.0,17.205409455727146,403524.3703831309,285051.9884334084,17.205409455727146,estimated,86.5387783072792
2024-01-28,3158487906.0436,2536104568.8943996,85914063.0348,1030345535.895,6810852073.8678,4,42028.899999999994,9664.599306154765,18432704.29274429,0.0,0.0,0,0,0,False,0.0,-99.89519134594124,9664.599306154765,18432704.29274429,-99.89519134594124,estimated,75.27667500244546
2024-01-29,3335147727.0790997,2501051486.7178,97463328.2775,1014484981.72,6948147523.7944,4,43296.6,2041.171272498412,12307501.158412974,0.0,0.0,0,0,0,False,0.0,-99.96683595185216,2041.171272498412,12307501.158412974,-99.96683595185216,estimated,68.54313901540839
2024-01-30,3168854869.4055004,2505758217.5750003,81268736.1304,1117481412.195,6873363235.305901,4,42930.65,184380.09941379578,38994696.93538503,0.0,0.0,0,0,0,False,0.0,-99.05878283324525,184380.09941379578,38994696.93538503,-99.05878283324525,estimated,50.954077232707995
2024-01-31,3062506576.033,2472251189.8497996,84583134.6064,1102804006.524,6722144907.013199,4,42556.6,2382795.594329971,341396.81614200777,0.0,0.0,0,0,0,False,0.0,74.93592487596284,2382795.594329971,341396.81614200777,74.93592487596284,estimated,51.10819050098247
2024-02-01,3182423530.5504003,2503127506.447,80637383.0556,1071342873.93,6837531293.983001,4,43079.35,799590.2181935535,10587.597409306394,0.0,0.0,0,0,0,False,0.0,97.38635217963156,799590.2181935535,10587.597409306394,97.38635217963156,estimated,46.90434699181184
2024-02-02,3208091523.606,2432407952.4738,82907720.2791,1080709456.838,6804116653.1969,4,43186.5,150810.6395910827,109941.05869090588,0.0,0.0,0,0,0,False,0.0,15.673754445111465,150810.6395910827,109941.05869090588,15.673754445111465,estimated,45.53040201276833
2024-02-03,3253997894.1228004,2421708962.649,82531676.30759999,1060777363.344,6819015896.423401,4,43004.7,8207.97791346339,0.0,0.0,0.0,0,0,0,False,0.0,100.0,8207.97791346339,0.0,100.0,estimated,45.540451103147795
2024-02-04,3290035631.4795003,2420551544.0016,77661876.8064,1057133930.293,6845382982.580501,4,42573.15,948827.4861472475,0.0,0.0,0.0,0,0,0,False,0.0,100.0,948827.4861472475,0.0,100.0,estimated,45.70016411096027
2024-02-05,3405800780.6103005,2455077325.5772,80210182.14,1004406825.55,6945495113.877501,4,42692.75,9412.672979781168,526833.3812078654,0.0,0.0,0,0,0,False,0.0,-96.48942014350472,9412.672979781168,526833.3812078654,-96.48942014350472,estimated,-16.003561627557467
2024-02-06,3460025387.5569,2576632079.4093003,83333516.9781,1074593625.189,7194584609.1333,4,43095.45,0.0,572999.9419215807,0.0,0.0,0,0,0,False,0.0,-100.0,0.0,572999.9419215807,-100.0,estimated,-89.35303393917786
2024-02-07,3671081123.3754,2602830619.404,84538943.0459,1077644584.28,7436095270.1053,4,44339.85,66459.52321863436,36380177.964992255,0.0,0.0,0,0,0,False,0.0,-99.63530504979984,66459.52321863436,36380177.964992255,-99.63530504979984,estimated,-92.23599209941187
2024-02-08,3853207376.9766,2757535882.2609997,91860495.8739,1365659366.232,8068263121.343501,4,45277.55,0.0,90478245.51678832,0.0,0.0,0,0,0,False,0.0,-100.0,0.0,90478245.51678832,-100.0,estimated,-95.49541907660803
2024-02-09,3920337269.4095,2875776638.3320003,96442930.3578,1323641294.785,8216198132.8843,4,47135.15,0.0,291558550.34146357,0.0,0.0,0,0,0,False,0.0,-100.0,0.0,291558550.34146357,-100.0,estimated,-97.99350646662985
2024-02-10,4143162567.8832,2765332179.3209,100793472.406,1265645529.058,8274933748.6681,4,47746.3,47252.32234676327,593131.1826700598,0.0,0.0,0,0,0,False,0.0,-85.24249235760003,47252.32234676327,593131.1826700598,-85.24249235760003,estimated,-98.13728375607144
2024-02-11,4315568444.2436,2841580866.828,105315367.416,1336475247.69,8598939926.1776,4,48321.15,0.0,24208070.73438327,0.0,0.0,0,0,0,False,0.0,-100.0,0.0,24208070.73438327,-100.0,estimated,-98.16259480901546
2024-02-12,4612647557.868,2982136094.4990997,113167100.3856,1387569520.921,9095520273.673698,4,49953.9,593949.4472325209,222555141.47952807,0.0,0.0,0,0,0,False,0.0,-99.46766581502457,593949.4472325209,222555141.47952807,-99.46766581502457,estimated,-98.54068042047248
2024-02-13,4382683522.542,3094009248.2032,121177542.4,1334591884.658,8932462197.803198,4,49703.4,10658304.534553967,602142.1692651655,0.0,0.0,0,0,0,False,0.0,89.30518148874252,10658304.534553967,602142.1692651655,89.30518148874252,estimated,-95.416750849739
2024-02-14,4691680174.5528,3107355820.9722,128896037.4,1451222299.336,9379154332.261,4,51822.5,188457.03378460207,255594089.83218834,0.0,0.0,0,0,0,False,0.0,-99.85264277325118,188457.03378460207,255594089.83218834,-99.85264277325118,estimated,-97.12355500587678
2024-02-15,4526138663.163,3154613795.9082,127234991.036,1405913456.22,9213900906.327198,4,51901.35,656270.1124239719,110927712.3746492,0.0,0.0,0,0,0,False,0.0,-98.82371986050956,656270.1124239719,110927712.3746492,-98.82371986050956,estimated,-97.4551257297405
2024-02-16,4565712819.187799,3075144029.2536,128861128.63,1364045092.872,9133763069.9434,4,52150.2,19976.466353277767,60530.527001860944,0.0,0.0,0,0,0,False,0.0,-50.37333895912366,19976.466353277767,60530.527001860944,-50.37333895912366,estimated,-97.47967384919941
2024-02-17,4520993549.9554,3065725255.8956,122398618.3695,1373282926.4,9082400350.620499,4,51686.25,3864277.589510761,0.0,0.0,0.0,0,0,0,False,0.0,100.0,3864277.589510761,0.0,100.0,estimated,-96.75520659029134
2024-02-18,4463063718.392301,3222041801.3117003,127321193.8196,1347648565.28,9160075278.8036,4,52175.4,13058.017145837232,67224.49609117601,0.0,0.0,0,0,0,False,0.0,-67.46983466427655,13058.017145837232,67224.49609117601,-67.46983466427655,estimated,-96.93072384994854
2024-02-19,4543351239.897401,3104083193.7946,129308260.2093,1349259609.726,9126002303.6273,4,51814.350000000006,287790.5265079131,52234.61479803203,0.0,0.0,0,0,0,False,0.0,69.27602788581284,287790.5265079131,52234.61479803203,69.27602788581284,estimated,-96.87712826997571
2024-02-20,4560625308.681601,3176023864.7936,122744867.0448,1296275618.935,9155669659.455,4,52292.25,3746005.249487991,84712575.00579673,0.0,0.0,0,0,0,False,0.0,-91.53048751477289,3746005.249487991,84712575.00579673,-91.53048751477289,estimated,-96.45992775953214
2024-02-21,4474638917.143201,3036626519.3055997,118053938.0394,1296896838.908,8926216213.3962,4,51876.5,10866887.865701642,0.0,0.0,0.0,0,0,0,False,0.0,100.0,10866887.865701642,0.0,100.0,estimated,-94.43661132909314
2024-02-22,4355696621.5445,3036974790.3654995,113091061.39959998,1239207004.65,8744969477.959599,4,51294.85,3854.624412856521,0.0,0.0,0.0,0,0,0,False,0.0,100.0,3854.624412856521,0.0,100.0,estimated,-93.9432888586239
2024-02-23,4480225372.7056,2950776679.1685,109891757.1092,1191606124.114,8732499933.0973,4,50763.8,29514.42353154011,109.91954729246825,0.0,0.0,0,0,0,False,0.0,99.25791065138581,29514.42353154011,109.91954729246825,99.25791065138581,estimated,-91.51758492144818
2024-02-24,4491929934.462299,3113828827.0056,115089126.2862,1211495921.865,8932343809.619099,4,51594.95,0.0,602811.9332494272,0.0,0.0,0,0,0,False,0.0,-100.0,0.0,602811.9332494272,-100.0,estimated,-91.53008886420719
2024-02-25,4473440403.5739,3140560380.5275,113140111.4151,1197443571.416,8924584466.9325,4,51749.25,84569.99131490038,1336681.0319357915,0.0,0.0,0,0,0,False,0.0,-88.09921823359937,84569.99131490038,1336681.0319357915,-88.09921823359937,estimated,-91.23339746424926
2024-02-26,4630274340.062799,3283430000.175,126238425.854,1244578076.845,9284520842.9368,4,54513.3,444625.818950099,192596663.82321832,0.0,0.0,0,0,0,False,0.0,-99.53934640638356,444625.818950099,192596663.82321832,-99.53934640638356,estimated,-90.88785163380467
2024-02-27,4605735104.901,3515093384.506,141428979.4125,1465419699.156,9727677167.9755,4,57076.2,0.0,361014997.7938769,0.0,0.0,0,0,0,False,0.0,-100.0,0.0,361014997.7938769,-100.0,estimated,-96.0658372732378
2024-02-28,4708408900.527,3543383208.9277997,170270095.9413,1439176251.132,9861238456.5281,4,62486.0,127918.26558753956,528054720.42292845,0.0,0.0,0,0,0,False,0.0,-99.95156286624444,127918.26558753956,528054720.42292845,-99.95156286624444,estimated,-96.89978480867006
2024-02-29,4403678481.6483,3327931440.8736,170578498.7655,1284983231.478,9187171652.7654,4,61193.7,2388198.659780785,302451.41565618163,0.0,0.0,0,0,0,False,0.0,77.51833890127368,2388198.659780785,302451.41565618163,77.51833890127368,estimated,-96.32534011619859
2024-03-01,4612444960.204201,3359675131.8816,167775976.848,1332145401.246,9472041470.1798,4,62424.1,47.40599938859437,3412.778305578259,0.0,0.0,0,0,0,False,0.0,-97.25991477849625,47.40599938859437,3412.778305578259,-97.25991477849625,estimated,-96.32845005176712
2024-03-02,4523405542.1568,3374216088.3144,178874832.084,1288671512.751,9365167975.3062,4,62047.9,265041.2561671882,0.0,0.0,0.0,0,0,0,False,0.0,100.0,265041.2561671882,0.0,100.0,estimated,-96.92375894817575
2024-03-03,4777923215.373,3466343055.1103997,189398871.447,1420074179.542,9853739321.4724,4,63178.8,923955.3939032644,311323.601162273,0.0,0.0,0,0,0,False,0.0,49.594609411171,923955.3939032644,311323.601162273,49.594609411171,estimated,-96.77341979333984
2024-03-04,5539232998.0812,3735833325.8,205403594.6756,1606701212.042,11087171130.598799,4,68333.1,461083.7334793117,279762828.89991343,0.0,0.0,0,0,0,False,0.0,-99.6709176392933,461083.7334793117,279762828.89991343,-99.6709176392933,estimated,-97.36496294265767
2024-03-05,4572469491.1138,3827133595.8374,157820460.4101,1696183237.404,10253606784.7653,4,63748.75,440157505.2930967,78382766.17613599,0.0,0.0,0,0,0,False,0.0,69.76791563206996,440157505.2930967,78382766.17613599,69.76791563206996,estimated,-51.97851246564694
2024-03-06,4844881528.6695,3863529286.848,178711903.2132,1498010199.125,10385132917.8557,4,66123.3,137224.6856352557,18282474.889343817,0.0,0.0,0,0,0,False,0.0,-98.51002254323777,137224.6856352557,18282474.889343817,-98.51002254323777,estimated,-53.294912258907935
2024-03-07,4913722817.01,3601801122.1492996,178258276.389,1581063204.528,10274845420.0763,4,66864.35,112080.73284133851,2177589.940035643,0.0,0.0,0,0,0,False,0.0,-90.20988178177532,112080.73284133851,2177589.940035643,-90.20988178177532,estimated,-53.3395222039426
2024-03-08,5044582636.033599,3675730482.475,188293652.811,1629810553.14,10538417324.459599,4,68172.6,125067.73352297253,58999170.24540618,0.0,0.0,0,0,0,False,0.0,-99.5769324466641,125067.73352297253,58999170.24540618,-99.5769324466641,estimated,-54.73158899943896
2024-03-09,5034684587.2662,3659294300.784,190549419.4296,1616591653.6,10501119961.0798,4,68367.25,0.0,29030.665644864806,0.0,0.0,0,0,0,False,0.0,-100.0,0.0,29030.665644864806,-100.0,estimated,-54.71838055218823
2024-03-10,5341075220.762401,3709600516.9448,197953129.198,1743869010.52,10992497877.425201,4,69000.70000000001,0.0,1920171.7080947263,0.0,0.0,0,0,0,False,0.0,-100.0,0.0,1920171.7080947263,-100.0,estimated,-54.73846511216964
2024-03-11,5728956089.4202,4049564705.7744,212045365.666,1926160719.648,11916726880.508602,4,72153.1,7745695.675416842,158090641.01682127,0.0,0.0,0,0,0,False,0.0,-90.6586266557595,7745695.675416842,158090641.01682127,-90.6586266557595,estimated,-53.350906583180105
2024-03-12,5585886900.5472,4066763009.12,211235440.0464,1859081594.601,11722966944.3146,4,71507.6,73921735.37921819,30396042.679105304,0.0,0.0,0,0,0,False,0.0,41.72413706489982,73921735.37921819,30396042.679105304,41.72413706489982,estimated,-37.45203747625723
2024-03-13,5879124773.7404,4205401344.643,212918542.6698,1771095807.384,12068540468.4372,4,73130.3,0.0,521498.6839528587,0.0,0.0,0,0,0,False,0.0,-100.0,0.0,521498.6839528587,-100.0,estimated,-8.909490106785713
2024-03-14,6001122856.419001,4002530694.538901,219802280.0112,1612373791.424,11835829622.3931,4,71463.75,66773841.288109906,4508619.692772844,0.0,0.0,0,0,0,False,0.0,87.34998867678823,66773841.288109906,4508619.692772844,87.34998867678823,estimated,-3.4936260807986073
2024-03-15,5518309662.605599,4279308358.5552,200593963.02,1348841226.876,11347053211.056799,4,69538.0,166809706.28621712,65563.77665529525,0.0,0.0,0,0,0,False,0.0,99.92142181806737,166809706.28621712,65563.77665529525,99.92142181806737,estimated,8.914151954139452
2024-03-16,5003795694.755,3607033026.1504,176496632.322,1453813780.95,10241139134.1774,4,65327.85,144462132.66334844,40042.926187759935,0.0,0.0,0,0,0,False,0.0,99.94457809922322,144462132.66334844,40042.926187759935,99.94457809922322,estimated,17.46721098878921
2024-03-17,5375579167.233899,3797399472.6986,213030311.07239997,1413139928.291,10799148879.295898,4,68440.04999999999,35613868.92287941,6770381.115827425,0.0,0.0,0,0,0,False,0.0,68.05237271087978,35613868.92287941,6770381.115827425,68.05237271087978,estimated,18.802218418508335
2024-03-18,5352791195.78,3766327323.617699,203546939.5296,1477754025.088,10800419484.015299,4,67651.95,8413468.437384937,286823.78993644554,0.0,0.0,0,0,0,False,0.0,93.4065711256057,8413468.437384937,286823.78993644554,93.4065711256057,estimated,44.74455468847173
2024-03-19,4831651433.063,3429177335.682,164031009.7072,1421226308.76,9846086087.212198,4,61955.25,302060897.2684662,10491.990576724618,0.0,0.0,0,0,0,False,0.0,99.9930533039872,302060897.2684662,10491.990576724618,99.9930533039872,estimated,48.15671877568886
2024-03-20,5223125429.6268,3613393440.311,206670052.5382,1294759926.687,10337948849.163,4,67864.79999999999,15227624.255654844,0.0,0.0,0.0,0,0,0,False,0.0,100.0,15227624.255654844,0.0,100.0,estimated,51.37399333943118
2024-03-21,4938121723.4326,3575293018.112,186855613.2145,1493864701.409,10194135056.1681,4,65525.5,45388687.58966893,105638.53933286741,0.0,0.0,0,0,0,False,0.0,99.53559686087745,45388687.58966893,105638.53933286741,99.53559686087745,estimated,53.603267004382374
2024-03-22,4663885685.228,3410858020.5104,162008293.4756,1252939755.342,9489691754.555998,4,63820.9,48479031.98858921,660946.7808222349,0.0,0.0,0,0,0,False,0.0,97.30994274977726,48479031.98858921,660946.7808222349,97.30994274977726,estimated,63.622386921772936
2024-03-23,4733584861.8633,3455991996.9111004,178360897.8752,1334638477.021,9702576233.6706,4,63999.65,0.0,0.0,0.0,0.0,0,0,0,False,0.0,0.0,0.0,0.0,0.0,none,63.62663460052408
2024-03-24,5181218847.354899,3641810297.5483,197440278.9282,1348699475.07,10369168898.901398,4,67254.5,0.0,12890763.267771337,0.0,0.0,0,0,0,False,0.0,-100.0,0.0,12890763.267771337,-100.0,estimated,62.03700406225546
2024-03-25,5510976279.113501,3708361389.32,176068121.0884,1553758206.0,10949163995.5219,4,69911.95,581788.8182577976,115472915.93122686,0.0,0.0,0,0,0,False,0.0,-98.99738865474926,581788.8182577976,115472915.93122686,-98.99738865474926,estimated,68.18236349041094
2024-03-26,5579480739.7644005,3908175102.768,184003707.888,1443605500.072,11115265050.492401,4,70045.05,478771.7340447225,46238876.88639347,0.0,0.0,0,0,0,False,0.0,-97.9503603105775,478771.7340447225,46238876.88639347,-97.9503603105775,estimated,63.28809699444141
2024-03-27,5780726273.1246,4157401306.9578,189421560.00719997,1401682489.328,11529231629.4176,4,69527.3,3691333.2734156577,18144758.58617269,0.0,0.0,0,0,0,False,0.0,-66.19053173844591,3691333.2734156577,18144758.58617269,-66.19053173844591,estimated,60.659441678263036
2024-03-28,5886587799.3050995,4201513520.6196,173774401.831,1490247042.12,11752122763.8757,4,70848.75,421110.9172756132,3307368.2585779647,0.0,0.0,0,0,0,False,0.0,-77.41111603879583,421110.9172756132,3307368.2585779647,-77.41111603879583,estimated,58.181680197565775
2024-03-29,5668986928.956001,4208405057.584,173702332.6762,1495748622.852,11546842942.068201,4,69901.4,3127186.3370180526,0.0,0.0,0.0,0,0,0,False,0.0,100.0,3127186.3370180526,0.0,100.0,estimated,49.763441266391965
2024-03-30,5588329820.9497,4020923913.873,174988209.0762,1488723176.214,11272965120.112902,4,69640.4,0.0,1660.2064563189947,0.0,0.0,0,0,0,False,0.0,-100.0,0.0,1660.2064563189947,-100.0,estimated,38.89767815112412
2024-03-31,5901756709.219001,4114111288.348,184964361.1272,1547311966.713,11748144325.4072,4,71370.5,0.0,167415.98612326186,0.0,0.0,0,0,0,False,0.0,-100.0,0.0,167415.98612326186,-100.0,estimated,36.88386014005708
2024-04-01,5866256031.4,4041685166.8824,190886702.7753,1478100093.39,11576927994.447699,4,69703.4,50837401.84324075,0.0,0.0,0.0,0,0,0,False,0.0,100.0,50837401.84324075,0.0,100.0,estimated,40.95536944782695
2024-04-02,5112219647.052,3708422832.384,148159650.25100002,1321812807.441,10290614937.128,4,65490.5,245257931.5660114,0.0,0.0,0.0,0,0,0,False,0.0,100.0,245257931.5660114,0.0,100.0,estimated,35.46391262383798
2024-04-03,5284055746.988799,3754083864.0165,157774801.87440002,1304593716.625,10500508129.504698,4,65971.7,36870282.58558239,0.0,0.0,0.0,0,0,0,False,0.0,100.0,36870282.58558239,0.0,100.0,estimated,37.67349930913584
2024-04-04,5373384282.1466,3900887374.223999,169684561.59170002,1422314900.6,10866271118.562298,4,68494.4,181476.31472252138,11531282.831934188,0.0,0.0,0,0,0,False,0.0,-96.90122007205584,181476.31472252138,11531282.831934188,-96.90122007205584,estimated,30.335532920668673
2024-04-05,5098584703.058999,3720027298.248,159829015.2195,1326444466.411,10304885482.937498,4,67829.0,12193239.805581009,0.0,0.0,0.0,0,0,0,False,0.0,100.0,12193239.805581009,0.0,100.0,estimated,25.986219039967796
2024-04-06,5270661171.4728,3748379022.5078,175249470.27519998,1356355307.469,10550644971.7248,4,68907.65,0.0,919180.792405315,0.0,0.0,0,0,0,False,0.0,-100.0,0.0,919180.792405315,-100.0,estimated,25.78027723693848
2024-04-07,5552325155.6916,3790324543.72,196333035.1472,1443523998.392,10982506732.9508,4,69362.7,0.0,12135145.891267166,0.0,0.0,0,0,0,False,0.0,-100.0,0.0,12135145.891267166,-100.0,estimated,25.94952346278917
2024-04-08,5751539183.203199,4002104831.7712,190658531.7984,1711096584.824,11655399131.5968,4,71669.2,0.0,133102016.03625904,0.0,0.0,0,0,0,False,0.0,-100.0,0.0,133102016.03625904,-100.0,estimated,22.03760969784784
2024-04-09,5548483904.607901,3919588635.139,165337972.639,1567630642.874,11201041155.259901,4,69177.0,50893440.714842215,0.0,0.0,0.0,0,0,0,False,0.0,100.0,50893440.714842215,0.0,100.0,estimated,38.46455201965111
2024-04-10,5616368023.3633995,4056811708.2436,177438713.569,1491741809.16,11342360254.335999,4,70655.4,4038541.6388354828,0.0,0.0,0.0,0,0,0,False,0.0,100.0,4038541.6388354828,0.0,100.0,estimated,42.94922492035101
2024-04-11,5723432085.6999,3948131598.726,184002745.1409,1513033615.35,11368600044.9168,4,70033.75,794895.915826777,126957.2953975062,0.0,0.0,0,0,0,False,0.0,72.45607134591452,794895.915826777,126957.2953975062,72.45607134591452,estimated,43.79586416768094
2024-04-12,5376175158.078,3653375527.05,170213344.305,1560435551.955,10760199581.388,4,67130.75,181022706.82062632,350738.3280745377,0.0,0.0,0,0,0,False,0.0,99.61324180859333,181022706.82062632,350738.3280745377,99.61324180859333,estimated,57.231443038391184
2024-04-13,4277792724.1159,3506019877.6512,136998512.182,1438485035.532,9359296149.481098,4,63942.35,506604646.47099495,35300.05703758323,0.0,0.0,0,0,0,False,0.0,99.98606503206882,506604646.47099495,35300.05703758323,99.98606503206882,estimated,74.60142945432406
2024-04-14,4396542461.5616,3194148846.7840996,152109507.46739998,1220963025.068,8963763840.8811,4,65640.15,0.0,0.0,0.0,0.0,0,0,0,False,0.0,0.0,0.0,0.0,0.0,none,74.6248725398732
2024-04-15,4182136357.988401,3185024676.5673,135371158.1902,1284566009.67,8787098202.415901,4,63423.45,9229097.342060417,351983.077986063,0.0,0.0,0,0,0,False,0.0,92.65253890887692,9229097.342060417,351983.077986063,92.65253890887692,estimated,73.69815968738874
2024-04-16,4091957677.08,3170241116.2409,131726183.7346,1227880572.48,8621805549.5355,4,63782.55,8147373.581599104,46904.79201799243,0.0,0.0,0,0,0,False,0.0,98.85518187497728,8147373.581599104,46904.79201799243,98.85518187497728,estimated,67.25096669480237
2024-04-17,4107012787.548,3100029406.965,127738154.5531,1280417693.184,8615198042.250101,4,61262.75,5823975.325858801,155612.933402133,0.0,0.0,0,0,0,False,0.0,94.79519570060275,5823975.325858801,155612.933402133,94.79519570060275,estimated,66.13890507254264
2024-04-18,4291044015.265,3304185913.1949997,144914962.72930002,1334217673.516,9074362564.7053,4,63465.75,10314.591462484743,4173647.4627625183,0.0,0.0,0,0,0,False,0.0,-99.50694622327806,10314.591462484743,4173647.4627625183,-99.50694622327806,estimated,67.44685140465818
2024-04-19,4201342557.4728,3151628168.3840003,139448253.4176,1323484537.155,8815903516.429401,4,63800.850000000006,42090317.719375506,8957727.004581328,0.0,0.0,0,0,0,False,0.0,64.90472043338627,42090317.719375506,8957727.004581328,64.90472043338627,estimated,66.90330812021182
2024-04-20,4364994043.7388,3304835398.7000003,143517138.1965,1294992821.83,9108339402.465302,4,64914.25,0.0,0.0,0.0,0.0,0,0,0,False,0.0,0.0,0.0,0.0,0.0,none,67.061779029101
2024-04-21,4341713914.3284,3358027151.2830005,139123320.4023,1375172763.9,9214037149.9137,4,64925.25,227168.82847403944,9319686.104062459,0.0,0.0,0,0,0,False,0.0,-95.24097034930679,227168.82847403944,9319686.104062459,-95.24097034930679,estimated,67.55669021233851
2024-04-22,4611694556.464001,3439028472.3486004,156000129.95549998,1383620023.56,9590343182.3281,4,66797.8,21860.09623167472,34776227.77691534,0.0,0.0,0,0,0,False,0.0,-99.8743603596188,21860.09623167472,34776227.77691534,-99.8743603596188,estimated,86.55561722167742
2024-04-23,4519164057.6935,3505064168.5080004,151899519.2548,1408666452.336,9584794197.792301,4,66408.35,1222106.1639658222,57983.832661993496,0.0,0.0,0,0,0,False,0.0,90.94066310732177,1222106.1639658222,57983.832661993496,90.94066310732177,estimated,85.72559098249745
2024-04-24,4502575171.75,3401598576.3561,156773582.5518,1360888986.66,9421836317.3179,4,64273.05,25285822.594273467,59398.04941023042,0.0,0.0,0,0,0,False,0.0,99.53128796750062,25285822.594273467,59398.04941023042,99.53128796750062,estimated,86.0739796708013
2024-04-25,4339359663.9032,3552242749.4003997,144025422.5745,1335279960.2052004,9370907796.0833,4,64481.9,7028475.632884313,16127.719589822942,0.0,0.0,0,0,0,False,0.0,99.54212554538906,7028475.632884313,16127.719589822942,99.54212554538906,estimated,86.201115203755
2024-04-26,4289745426.580801,3418010861.8659997,141061059.375,1353087485.4415,9201904833.2633,4,63749.4,493187.5023614265,23012.156950788944,0.0,0.0,0,0,0,False,0.0,91.0840092450079,493187.5023614265,23012.156950788944,91.0840092450079,estimated,82.5422219602018
2024-04-27,4259567454.56,3399363155.0232,145591904.9399,1282412752.7891,9086935267.3122,4,63421.0,25971097.400446773,0.0,0.0,0.0,0,0,0,False,0.0,100.0,25971097.400446773,0.0,100.0,estimated,36.84822860609673
2024-04-28,4147787095.0186,3593909045.5632,136638580.05760002,1321670617.3755004,9200005338.0149,4,63098.4,3139.952371703234,15125.042338787342,0.0,0.0,0,0,0,False,0.0,-65.61781241688738,3139.952371703234,15125.042338787342,-65.61781241688738,estimated,36.83802987854745
2024-04-29,4250238638.6808,3469704813.6164,141190111.7572,1362475733.5888002,9223609297.6432,4,63854.2,20103743.62852658,674035.9787728705,0.0,0.0,0,0,0,False,0.0,93.51195371678622,20103743.62852658,674035.9787728705,93.51195371678622,estimated,40.13942462180529
2024-04-30,4398345025.0672,3285841042.6411,147322324.8098,1320615178.8557007,9152123571.3738,4,60653.55,137951559.1088919,1705674.4940627748,0.0,0.0,0,0,0,False,0.0,97.5573417143404,137951559.1088919,1705674.4940627748,97.5573417143404,estimated,63.249345534232035
2024-05-01,3988382693.62,3274923834.1559997,149475859.54680002,1352407741.6482,8765190128.970999,4,58303.05,328700961.3422622,0.0,0.0,0.0,0,0,0,False,0.0,100.0,328700961.3422622,0.0,100.0,estimated,81.57506110289795
2024-05-02,3986397732.0387,3305440305.024,149239619.1522,1357619536.9879997,8798697193.2029,4,59047.05,340411.25442804646,130597.89394271096,0.0,0.0,0,0,0,False,0.0,44.54549581703237,340411.25442804646,130597.89394271096,44.54549581703237,estimated,82.7223443519257
2024-05-03,4532786467.6094,3408702932.1705,168712736.7084,1482259390.485599,9592461526.9739,4,62858.3,0.0,12172016.884294692,0.0,0.0,0,0,0,False,0.0,-100.0,0.0,12172016.884294692,-100.0,estimated,80.5542001054088
2024-05-04,4711599492.432799,3558424736.94,169651584.405,1484138896.223999,9923814710.001799,4,63880.149999999994,145557.3323372671,20762325.27689025,0.0,0.0,0,0,0,False,0.0,-98.60763201078021,145557.3323372671,20762325.27689025,-98.60763201078021,estimated,74.58186122843469
2024-05-05,4646415929.632,3473238235.3314004,171409089.3964,1505111711.6279993,9796174965.9878,4,64003.9,1103529.1276229718,217930.6315341033,0.0,0.0,0,0,0,False,0.0,67.01668287301982,1103529.1276229718,217930.6315341033,67.01668287301982,estimated,77.1849693979047
2024-05-06,4470536444.262,3430843687.3905,168522789.40210003,1466409896.0108,9536312817.0654,4,63153.15,71683.41436829188,23630593.936541937,0.0,0.0,0,0,0,False,0.0,-99.3951347939523,71683.41436829188,23630593.936541937,-99.3951347939523,estimated,80.43553808719327
2024-05-07,4421571355.76,3438183593.892,156916129.61429998,1479103260.8069985,9495774340.0733,4,62322.55,3118406.907776609,0.0,0.0,0.0,0,0,0,False,0.0,100.0,3118406.907776609,0.0,100.0,estimated,80.51354455485253
2024-05-08,4262660862.4172,3462280944.624,153759243.5385,1333036831.8399997,9211737882.4197,4,61170.5,25305651.367780074,13613.956836973353,0.0,0.0,0,0,0,False,0.0,99.89246167562582,25305651.367780074,13613.956836973353,99.89246167562582,estimated,80.52773360393633
2024-05-09,4397776315.3005,3547724865.9545,161189106.72390002,1342173679.245299,9448863967.2242,4,63057.75,14808010.719998278,670081.0810055443,0.0,0.0,0,0,0,False,0.0,91.3415543773673,14808010.719998278,670081.0810055443,91.3415543773673,estimated,80.58181341914383
2024-05-10,4361730135.7792,3361798746.6387,149085454.10189998,1305998941.4603996,9178613277.9802,4,60789.05,16389865.669152128,32056.662725443693,0.0,0.0,0,0,0,False,0.0,99.60958696457581,16389865.669152128,32056.662725443693,99.60958696457581,estimated,81.0660928308973
2024-05-11,4315190976.1416,3646056086.483799,152204557.0744,1299742029.3739996,9413193649.073797,4,60809.7,0.0,0.0,0.0,0.0,0,0,0,False,0.0,0.0,0.0,0.0,0.0,none,80.25740777867719
2024-05-12,4285915446.6632,3698741198.941099,156230739.7812,1312718587.7669,9453605973.152401,4,61458.4,0.0,780801.9614819264,0.0,0.0,0,0,0,False,0.0,-100.0,0.0,780801.9614819264,-100.0,estimated,80.03061026607074
2024-05-13,4473659550.7764,3763143427.524,154313337.1681,1540853900.7455993,9931970216.2141,4,62923.8,54611.80515735994,7039779.782589871,0.0,0.0,0,0,0,False,0.0,-98.4604231530811,54611.80515735994,7039779.782589871,-98.4604231530811,estimated,77.43225894562931
2024-05-14,4170492123.721,3573405073.12,148863298.122,1366963400.9093995,9259723895.872398,4,61548.25,5594004.012073625,0.0,0.0,0.0,0,0,0,False,0.0,100.0,5594004.012073625,0.0,100.0,estimated,71.61037369996728
2024-05-15,4871378918.580599,3818091243.2718,180862571.1215,1627870084.9574995,10498202817.931398,4,66203.85,0.0,97178563.4478342,0.0,0.0,0,0,0,False,0.0,-100.0,0.0,97178563.4478342,-100.0,estimated,-41.68696248624638
2024-05-16,4720284886.054299,3769676596.854,168025856.458,1624407376.9479997,10282394716.314299,4,65233.85,14546507.350046236,66239198.22748773,0.0,0.0,0,0,0,False,0.0,-63.98742266084378,14546507.350046236,66239198.22748773,-63.98742266084378,estimated,-47.63186264833503
2024-05-17,4963530863.58,3898582180.196,192604235.1402,1606280163.4385011,10660997442.354702,4,66993.65,0.0,55094103.14648231,0.0,0.0,0,0,0,False,0.0,-100.0,0.0,55094103.14648231,-100.0,estimated,-54.00309171205152
2024-05-18,5025931238.0812,3748686521.689,202602072.3809,1601707711.8959992,10578927544.047098,4,66897.5,82449.99553937034,57829.86746766167,0.0,0.0,0,0,0,False,0.0,17.550721496266718,82449.99553937034,57829.86746766167,17.550721496266718,estimated,-51.164112959368225
2024-05-19,4976672105.04,3705806775.0652,188131988.784,1653696531.712499,10524307400.6017,4,66255.79999999999,1468879.7168162675,6831395.017208709,0.0,0.0,0,0,0,False,0.0,-64.60647957121348,1468879.7168162675,6831395.017208709,-64.60647957121348,estimated,-51.95390680615938
2024-05-20,5036487169.6335,3970191870.4014,203266852.1884,1653393355.2750003,10863339247.4983,4,71474.15,0.0,418950916.85894054,0.0,0.0,0,0,0,False,0.0,-100.0,0.0,418950916.85894054,-100.0,estimated,-77.83652924356453
2024-05-21,5504984231.8536005,3907181183.3454,201891114.1198,1616305018.6079986,11230361547.9268,4,70168.3,4261679.56927942,4784187.17974444,0.0,0.0,0,0,0,False,0.0,-5.776202822370822,4261679.56927942,4784187.17974444,-5.776202822370822,estimated,-77.70510053824265
2024-05-22,5383149679.5565,3638989265.8476,206264694.2619,1626216486.594899,10854620126.260899,4,69196.1,8802823.709722409,66695.95311417428,0.0,0.0,0,0,0,False,0.0,98.49606392116968,8802823.709722409,66695.95311417428,98.49606392116968,estimated,-81.75882513214484
2024-05-23,4817180847.9001,3602928643.2033,192740853.4881,1481409405.8561995,10094259750.447699,4,67994.45,58542414.57775908,10219.328942798647,0.0,0.0,0,0,0,False,0.0,99.9650935294932,58542414.57775908,10219.328942798647,99.9650935294932,estimated,-71.37664301843739
2024-05-24,4815394457.504801,3747176498.52,203357852.5284,1543736004.2695997,10309664812.822802,4,68582.05,0.0,0.0,0.0,0.0,0,0,0,False,0.0,0.0,0.0,0.0,0.0,none,-75.11860864209815
2024-05-25,5014679608.6704,3734349252.636599,210305063.1809,1543185741.1923003,10502519665.6802,4,69310.29999999999,0.0,611035.2964042956,0.0,0.0,0,0,0,False,0.0,-100.0,0.0,611035.2964042956,-100.0,estimated,-75.13885291223414
2024-05-26,4870419510.464301,3719330282.1752,198812750.3575,1489309380.0964,10277871923.093401,4,68519.70000000001,783493.9689251735,0.0,0.0,0.0,0,0,0,False,0.0,100.0,783493.9689251735,0.0,100.0,estimated,-74.93028872731513
2024-05-27,4972079457.4776,3800629859.4,202144459.3438,1631588458.438799,10606442234.660198,4,69434.0,0.0,1978032.8325917677,0.0,0.0,0,0,0,False,0.0,-100.0,0.0,1978032.8325917677,-100.0,estimated,-74.77296773896994
2024-05-28,4919624690.328,3752583197.3244,196331271.4404,1599761834.1902995,10468300993.2831,4,68422.55,6255569.951677868,0.0,0.0,0.0,0,0,0,False,0.0,100.0,6255569.951677868,0.0,100.0,estimated,-74.61808934803385
2024-05-29,5159914106.4573,3877102342.652,181801024.504,1610794031.968999,10829611505.5823,4,67661.9,0.0,0.0,0.0,0.0,0,0,0,False,0.0,0.0,0.0,0.0,0.0,none,-70.81965799609435
2024-05-30,5079000062.3825,3910604549.0316,194728428.3332,1559007015.134999,10743340054.8823,4,68368.9,67875.02024323863,3481234.873013275,0.0,0.0,0,0,0,False,0.0,-96.17509616300106,67875.02024323863,3481234.873013275,-96.17509616300106,estimated,-71.94166741651776
2024-05-31,5170916899.4951,3618213728.6178,199150422.6864,1562613177.1942992,10550894227.993599,4,67557.3,12985039.52572449,28685.96186157927,0.0,0.0,0,0,0,False,0.0,99.55914296964474,12985039.52572449,28685.96186157927,99.55914296964474,estimated,-64.81458532247913
2024-06-01,5117028886.7656,3810984658.0824,205250967.42279997,1535508884.304999,10668773396.575798,4,67780.95000000001,0.0,14243.141476125358,0.0,0.0,0,0,0,False,0.0,-100.0,0.0,14243.141476125358,-100.0,estimated,-64.83733450006885
2024-06-02,5159554552.1177,3802473617.3559,198102995.7504,1573355724.5313,10733486889.755299,4,67772.15,36073.29140077077,167170.65999631648,0.0,0.0,0,0,0,False,0.0,-64.50246991085832,36073.29140077077,167170.65999631648,-64.50246991085832,estimated,-64.8408760928643
2024-06-03,5407534838.7996,3869002721.686,209457766.377,1613727525.7707,11099722852.6333,4,68835.5,0.0,15542207.118916214,0.0,0.0,0,0,0,False,0.0,-100.0,0.0,15542207.118916214,-100.0,estimated,54.93327251371428
2024-06-04,5729019677.559999,4059741655.9056,217996634.68,1791049856.212599,11797807824.358198,4,70569.65,0.0,29993135.72681936,0.0,0.0,0,0,0,False,0.0,-100.0,0.0,29993135.72681936,-100.0,estimated,25.53036011500072
2024-06-05,5865534121.2552,4170525690.2042,226307421.369,1935006921.747999,12197374154.576399,4,71136.95000000001,0.0,24155093.43172821,0.0,0.0,0,0,0,False,0.0,-100.0,0.0,24155093.43172821,-100.0,estimated,1.7390116062984189
2024-06-06,5802353651.88,4254775065.291801,223333980.66,1876077406.6516984,12156540104.4835,4,70817.5,491199.644168403,65105.807827357756,0.0,0.0,0,0,0,False,0.0,76.5935035891563,491199.644168403,65105.807827357756,76.5935035891563,estimated,-57.33441718287742
2024-06-07,5714736605.039,4224328671.2950993,220937949.0416,1890645902.494199,12050649127.869898,4,69366.5,25184545.95566979,41268513.42852782,0.0,0.0,0,0,0,False,0.0,-24.2035018732076,25184545.95566979,41268513.42852782,-24.2035018732076,estimated,-43.83632247314982
2024-06-08,5789174041.6785,4268321609.818,213171326.165,1658662374.2839997,11929329351.945501,4,69318.0,0.0,0.0,0.0,0.0,0,0,0,False,0.0,0.0,0.0,0.0,0.0,none,-43.62513123386062
2024-06-09,5822716931.297901,4183753442.204701,223887376.2928,1695715206.0101986,11926072955.805601,4,69654.70000000001,0.0,21396.73536694568,0.0,0.0,0,0,0,False,0.0,-100.0,0.0,21396.73536694568,-100.0,estimated,-44.32835302063912
2024-06-10,5952327923.8097,4319500467.996,218173023.585,1743458492.646,12233459908.0367,4,69532.05,50739.01078882178,114911.9373002797,0.0,0.0,0,0,0,False,0.0,-38.7398486104288,50739.01078882178,114911.9373002797,-38.7398486104288,estimated,-43.63397968902468
2024-06-11,5565699153.287,4222450778.1001,185077154.3886,1555880200.8840983,11529107286.659798,4,67310.2,210871033.52273884,0.0,0.0,0.0,0,0,0,False,0.0,100.0,210871033.52273884,0.0,100.0,estimated,36.987839786026136
2024-06-12,5542535092.2074,4327516463.361,182933963.568,1742707819.1717997,11795693338.3082,4,68263.15,0.0,169169.32800402553,0.0,0.0,0,0,0,False,0.0,-100.0,0.0,169169.32800402553,-100.0,estimated,36.92429804696166
2024-06-13,5485956310.640699,4110746661.45,178196367.375,1515467480.4941995,11290366819.959898,4,66761.35,7053380.822406316,0.0,0.0,0.0,0,0,0,False,0.0,100.0,7053380.822406316,0.0,100.0,estimated,39.41547760529977
2024-06-14,5248158383.035299,4182038310.044,147776769.19799998,1533166022.3020003,11111139484.5793,4,66030.45,116956792.88087052,0.0,0.0,0.0,0,0,0,False,0.0,100.0,116956792.88087052,0.0,100.0,estimated,52.765081285009074
2024-06-15,5330452210.7942,4189634765.456,148715696.0254,1463340254.8956983,11132142927.171299,4,66206.35,0.0,40875.390274025,0.0,0.0,0,0,0,False,0.0,-100.0,0.0,40875.390274025,-100.0,estimated,52.75646493940764
2024-06-16,5390981360.512801,4267371853.8204,153101361.666,1489277032.9264991,11300731608.925701,4,66656.8,0.0,273919.9692501253,0.0,0.0,0,0,0,False,0.0,-100.0,0.0,273919.9692501253,-100.0,estimated,52.71832666549137
2024-06-17,5297376021.522501,4272725055.6888,152697282.933,1511939596.1935987,11234737956.3379,4,66478.1,3520666.8314405163,1220457.012891489,0.0,0.0,0,0,0,False,0.0,48.51613022720169,3520666.8314405163,1220457.012891489,48.51613022720169,estimated,57.818883494424654
2024-06-18,5067364459.15,4139386525.3365,137483204.46,1415299740.400999,10759533929.347498,4,65150.0,143973227.06688392,0.0,0.0,0.0,0,0,0,False,0.0,100.0,143973227.06688392,0.0,100.0,estimated,76.59860533264228
2024-06-19,4898560395.0752,4157235546.373,146308362.40559998,1462507448.3711984,10664611752.224998,4,64948.1,0.0,0.0,0.0,0.0,0,0,0,False,0.0,0.0,0.0,0.0,0.0,none,84.33657381308724
2024-06-20,4823440954.5060005,4243920209.0935,152172846.5215,1427690140.1624997,10647224150.2835,4,64853.95,37936.96859617373,720139.8330105371,0.0,0.0,0,0,0,False,0.0,-89.99125985236115,37936.96859617373,720139.8330105371,-89.99125985236115,estimated,84.10474871328081
2024-06-21,4920504482.04,4182491395.3324,152535431.5392,1474164561.0735986,10729695869.985199,4,64126.0,134303061.10422644,0.0,0.0,0.0,0,0,0,False,0.0,100.0,134303061.10422644,0.0,100.0,estimated,99.17301610397656
2024-06-22,5012824438.160001,4181094964.5615,156785146.144,1442473666.4484005,10793178215.3139,4,64240.0,0.0,69863.42077217816,0.0,0.0,0,0,0,False,0.0,-100.0,0.0,69863.42077217816,-100.0,estimated,99.15055087507795
2024-06-23,4903144414.934,4117266719.4449,153014441.364,1445422384.91,10618847960.6529,4,63187.4,25933206.74975386,0.0,0.0,0.0,0,0,0,False,0.0,100.0,25933206.74975386,0.0,100.0,estimated,99.19129119616225
2024-06-24,4551935805.792,3964733516.3592,149553219.792,1367559692.0495996,10033782233.992798,4,60266.8,503489114.29263794,0.0,0.0,0.0,0,0,0,False,0.0,100.0,503489114.29263794,0.0,100.0,estimated,99.56567062057474
2024-06-25,4669410640.5324,3965218830.2756,146218618.35750002,1401154073.8205,10182002162.986,4,61785.8,0.0,0.0,0.0,0.0,0,0,0,False,0.0,0.0,0.0,0.0,0.0,none,99.46800457788792
2024-06-26,4556974845.422999,3909379740.4815,145619848.3998,1369621997.7760007,9981596432.0803,4,60849.3,1045088.8377983299,202983.36718551297,0.0,0.0,0,0,0,False,0.0,67.47249616248915,1045088.8377983299,202983.36718551297,67.47249616248915,estimated,99.46141257953407
2024-06-27,4620342207.926,3999947645.5225,146463645.6947,1381607866.8720002,10148361366.0152,4,61670.75,0.0,0.0,0.0,0.0,0,0,0,False,0.0,0.0,0.0,0.0,0.0,none,99.45733561685685
2024-06-28,4745030926.5452,3887981603.1416,144193996.9107,1475409487.0725,10252616013.67,4,60417.95,5516575.213153154,208784.14630412724,0.0,0.0,0,0,0,False,0.0,92.70668849949996,5516575.213153154,208784.14630412724,92.70668849949996,estimated,99.3328856354559
2024-06-29,4911167639.4144,4007144258.932501,145123156.5528,1473392905.8079004,10536827960.7076,4,60961.15,0.0,292536.54364182916,0.0,0.0,0,0,0,False,0.0,-100.0,0.0,292536.54364182916,-100.0,estimated,99.27176979507526
2024-06-30,5377421627.622,4134192011.217872,154173233.529,1495376981.6160002,11161163853.98487,4,62757.75,0.0,14439068.212992828,0.0,0.0,0,0,0,False,0.0,-100.0,0.0,14439068.212992828,-100.0,estimated,95.8911633064056
2024-07-01,5147358206.8896,4232766865.929871,155900315.3697,1486278529.5859995,11022303917.775171,4,62871.85,0.0,34718422.83549121,0.0,0.0,0,0,0,False,0.0,-100.0,0.0,34718422.83549121,-100.0,estimated,88.28792465316576
2024-07-02,5247716107.8188,4054810518.1862,165797070.16840002,1542827983.132399,11011151679.3058,4,62108.1,3523125.9464522544,31876.75743287905,0.0,0.0,0,0,0,False,0.0,98.20665354779943,3523125.9464522544,31876.75743287905,98.20665354779943,estimated,86.00926109246289
2024-07-03,5299765368.576,4058184508.934401,151509831.3344,1533095330.5524983,11042555039.397299,4,60196.4,80942212.30683826,0.0,0.0,0.0,0,0,0,False,0.0,100.0,80942212.30683826,0.0,100.0,estimated,87.41519271018507
2024-07-04,5051481245.7489,3755931681.3144,136796118.9118,1451842654.9067988,10396051700.8819,4,57040.25,424478769.61266917,0.0,0.0,0.0,0,0,0,False,0.0,100.0,424478769.61266917,0.0,100.0,estimated,91.87052535829794
2024-07-05,4704752773.660501,3447447080.2488003,132625537.0546,1352614479.873799,9637439870.8377,4,56612.45,466063099.37680113,0.0,0.0,0.0,0,0,0,False,0.0,100.0,466063099.37680113,0.0,100.0,estimated,93.59833640274721
2024-07-06,4667493531.472,3196568880.9795003,138577996.5608,1310823502.9187996,9313463911.9311,4,58224.55,0.0,0.0,0.0,0.0,0,0,0,False,0.0,0.0,0.0,0.0,0.0,none,93.60700164279604
2024-07-07,4538378793.5151005,3189554555.2,132333103.756,1297687432.6401985,9157953885.1113,4,55846.0,189163.12348756034,0.0,0.0,0.0,0,0,0,False,0.0,100.0,189163.12348756034,0.0,100.0,estimated,93.49979217614327
2024-07-08,4469596342.7008,3283983460.9575,127655467.5103,1203524811.1879983,9084760082.356598,4,56704.75,494943.764777052,0.0,0.0,0.0,0,0,0,False,0.0,100.0,494943.764777052,0.0,100.0,estimated,90.33205758874051
2024-07-09,4767982480.42,3132586658.3514,143762199.232,1189405687.1024,9233737025.1058,4,58037.0,17483.493208683572,845794.976265081,0.0,0.0,0,0,0,False,0.0,-95.94951250913482,17483.493208683572,845794.976265081,-95.94951250913482,estimated,90.1763835102188
2024-07-10,4770712478.272,3331339457.4532003,144783674.54000002,1251922199.2144003,9498757809.479603,4,57717.100000000006,1154903.9068370794,6451079.567048611,0.0,0.0,0,0,0,False,0.0,-69.63170086281897,1154903.9068370794,6451079.567048611,-69.63170086281897,estimated,89.03418773260242
2024-07-11,4877103479.3029995,3245938411.778,139061115.648,1300137799.8216014,9562240806.550602,4,57322.75,202718.4693856447,2672049.0651030135,0.0,0.0,0,0,0,False,0.0,-85.89670524982445,202718.4693856447,2672049.0651030135,-85.89670524982445,estimated,88.55168428437061
2024-07-12,4819843053.27,3415063320.3377004,138946172.64249998,1378012326.319801,9751864872.570002,4,57886.0,3530746.0420288253,445832.4702810619,0.0,0.0,0,0,0,False,0.0,77.57708196124162,3530746.0420288253,445832.4702810619,77.57708196124162,estimated,88.48687826790467
2024-07-13,5056598544.004,3319564864.255,156109855.1283,1415400613.0484002,9947673876.4357,4,59193.5,0.0,10500639.117528994,0.0,0.0,0,0,0,False,0.0,-100.0,0.0,10500639.117528994,-100.0,estimated,86.65563257014519
2024-07-14,5163231783.706,3478318458.419,161518027.6416,1474999445.8441007,10278067715.6107,4,60777.9,0.0,68820564.2360089,0.0,0.0,0,0,0,False,0.0,-100.0,0.0,68820564.2360089,-100.0,estimated,77.47025134911608
2024-07-15,5512943894.607,3947938465.002,169127546.0518,1626399894.6977007,11256409800.358501,4,64723.05,0.0,225403823.5019057,0.0,0.0,0,0,0,False,0.0,-100.0,0.0,225403823.5019057,-100.0,estimated,51.35372090572902
2024-07-16,5406566271.4800005,3776229346.278,157196684.99400002,1713591078.2912016,11053583381.043201,4,65037.05,32751034.785724506,14470098.985921508,0.0,0.0,0,0,0,False,0.0,38.713462256553875,32751034.785724506,14470098.985921508,38.713462256553875,estimated,50.78374201804095
2024-07-17,5085120483.5769,3698177884.8938,155122179.48000002,1762996842.3101988,10701417390.260899,4,64074.55,276255.2985119383,42542529.34923355,0.0,0.0,0,0,0,False,0.0,-98.70965371490766,276255.2985119383,42542529.34923355,-98.70965371490766,estimated,42.8034866463588
2024-07-18,5026451647.3653,3644537534.894,147482551.9152,1722489893.2227008,10540961627.3972,4,63973.9,691534.1114910179,159157.80164516703,0.0,0.0,0,0,0,False,0.0,62.581564679882426,691534.1114910179,159157.80164516703,62.581564679882426,estimated,15.160399012026215
2024-07-19,5614951139.488799,3909033641.9581,164002879.0556,1857912807.63,11545900468.1325,4,66650.0,0.0,112433714.39473206,0.0,0.0,0,0,0,False,0.0,-100.0,0.0,112433714.39473206,-100.0,estimated,-84.9981956018776
2024-07-20,5556131483.4168005,4153699688.8536,167359800.88799998,1953121464.2449992,11830312437.4034,4,67119.5,182223.15025356156,25501732.570088077,0.0,0.0,0,0,0,False,0.0,-98.58103516266974,182223.15025356156,25501732.570088077,-98.58103516266974,estimated,-85.63279069219269
2024-07-21,5495506041.144,4137047998.95,177628634.3276,1959400894.319999,11769583568.7416,4,68160.1,1743598.946347839,60935600.55561466,0.0,0.0,0,0,0,False,0.0,-94.43643518040383,1743598.946347839,60935600.55561466,-94.43643518040383,estimated,-86.5914534968843
2024-07-22,5459758245.9872,4118371527.839201,157397031.72,1868374910.3248005,11603901715.8712,4,67511.15,132820.1372922349,11148.059451647197,0.0,0.0,0,0,0,False,0.0,84.51316373507203,132820.1372922349,11148.059451647197,84.51316373507203,estimated,-86.70212711933868
2024-07-23,5423284993.28,4003221438.0666,149467244.4732,1735673815.2172017,11311647491.037,4,65931.55,5618249.961852286,0.0,0.0,0.0,0,0,0,False,0.0,100.0,5618249.961852286,0.0,100.0,estimated,-84.98810288140665
2024-07-24,5297348526.055201,3850027493.1384,153634624.822,1668426027.0156004,10969436671.0312,4,65371.0,8409837.710034916,0.0,0.0,0.0,0,0,0,False,0.0,100.0,8409837.710034916,0.0,100.0,estimated,-82.65762717821966
2024-07-25,5480667560.276,4018793321.41,163875511.94,1624790458.7993002,11288126852.425303,4,65786.45,65624284.5480032,2955.5431421317508,0.0,0.0,0,0,0,False,0.0,99.99099293787754,65624284.5480032,2955.5431421317508,99.99099293787754,estimated,-65.02128293688733
2024-07-26,5746319538.9075,4089065806.9532,175765291.38210002,1738728469.7244022,11749879106.967201,4,67896.35,0.0,9135781.607127847,0.0,0.0,0,0,0,False,0.0,-100.0,0.0,9135781.607127847,-100.0,estimated,-66.3149498789589
2024-07-27,5842864896.1548,4260667775.718,178953269.93280002,1867782511.5540016,12150268453.359602,4,67899.0,1583874.653785769,191094088.65350744,0.0,0.0,0,0,0,False,0.0,-98.35593585628709,1583874.653785769,191094088.65350744,-98.35593585628709,estimated,-73.02354960682301
2024-07-28,5857190546.1975,4481610011.3148,180041815.5225,1690803819.8550034,12209646192.889803,4,68240.0,393149.56784377235,78745.03304947363,0.0,0.0,0,0,0,False,0.0,66.62600805331626,393149.56784377235,78745.03304947363,66.62600805331626,estimated,-70.61802962789785
2024-07-29,5664747093.75,4560207004.6749325,170479082.9352,1858091159.4920008,12253524340.852133,4,66756.85,4733028.44610532,65612343.38928849,0.0,0.0,0,0,0,False,0.0,-86.54345460798622,4733028.44610532,65612343.38928849,-86.54345460798622,estimated,-62.07529314263912
2024-07-30,5490823621.014,4509037132.08,172894561.2328,1804049895.836,11976805210.1628,4,66177.0,31220495.976044998,0.0,0.0,0.0,0,0,0,False,0.0,100.0,31220495.976044998,0.0,100.0,estimated,-61.59654210670662
2024-07-31,5334987515.761001,4322753244.9821,163788503.7096,1707662268.810001,11529191533.262701,4,64614.95,39412984.89866229,1934.898813987103,0.0,0.0,0,0,0,False,0.0,99.99018189648018,39412984.89866229,1934.898813987103,99.99018189648018,estimated,-48.857792513128295
2024-08-01,5696661199.9479,4333818503.1592,177159868.76999998,1634422407.2114005,11842061979.088501,4,65335.55,163243424.29437774,0.0,0.0,0.0,0,0,0,False,0.0,100.0,163243424.29437774,0.0,100.0,estimated,-18.105575276658225
2024-08-02,5398008476.530499,3934965637.035,142340810.60300002,1562273859.1586015,11037588783.3271,4,61471.35,190520581.13065812,0.0,0.0,0.0,0,0,0,False,0.0,100.0,190520581.13065812,0.0,100.0,estimated,18.54432995556148
2024-08-03,5175364438.377,3807098809.958,132653702.4548,1442445446.9496012,10557562397.739399,4,60687.8,152791038.35366958,0.0,0.0,0.0,0,0,0,False,0.0,100.0,152791038.35366958,0.0,100.0,estimated,34.11818828584563
2024-08-04,5122621039.1310005,3538922639.5848,124752464.6188,1390168442.3172004,10176464585.6518,4,58138.75,146355312.38954973,0.0,0.0,0.0,0,0,0,False,0.0,100.0,146355312.38954973,0.0,100.0,estimated,50.56823245193491
2024-08-05,4061758165.6206,3237808404.2639995,94048568.2764,1174704141.1113007,8568319279.2723,4,54006.35,808849893.6066694,0.0,0.0,0.0,0,0,0,False,0.0,100.0,808849893.6066694,0.0,100.0,estimated,71.78029519387337
2024-08-06,4302713193.088,2721778677.1410003,107712455.0355,1177836725.0882015,8310041050.352701,4,56002.7,0.0,0.0,0.0,0.0,0,0,0,False,0.0,0.0,0.0,0.0,0.0,none,71.69592053917955
2024-08-07,4241529417.0416,2813857453.205,106839835.3089,1239672832.3252022,8401899537.880702,4,55124.75,3077497.655579628,2432934.2846907233,0.0,0.0,0,0,0,False,0.0,11.697147843863602,3077497.655579628,2432934.2846907233,11.697147843863602,estimated,71.39282775918994
2024-08-08,4622135823.2798,3285828279.9598,122220018.35,1331297889.045002,9361482010.634604,4,61683.649999999994,25886.226191931597,70800414.3322886,0.0,0.0,0,0,0,False,0.0,-99.92690222138437,25886.226191931597,70800414.3322886,-99.92690222138437,estimated,63.945695924073775
2024-08-09,4373157917.796201,3105005489.7893,113333537.1726,1205517301.356001,8797014246.114101,4,60828.45,30901822.30431889,0.0,0.0,0.0,0,0,0,False,0.0,100.0,30901822.30431889,0.0,100.0,estimated,65.31812793132403
2024-08-10,4327572757.3405,3101764135.9509,111479780.2034,1213419773.324201,8754236446.819,4,60906.6,0.0,0.0,0.0,0.0,0,0,0,False,0.0,0.0,0.0,0.0,0.0,none,83.7555904962809
2024-08-11,4113924160.5306,3021310312.4988,99888406.856,1219454341.7778018,8454577221.663201,4,58715.55,29845207.512211706,72939.91761658982,0.0,0.0,0,0,0,False,0.0,99.51240351503937,29845207.512211706,72939.91761658982,99.51240351503937,estimated,84.03118026312283
2024-08-12,4063115127.8144,3179570140.663,106888077.5775,1145943945.8334005,8495517291.888301,4,59336.1,48547066.14544478,68239.41118596667,0.0,0.0,0,0,0,False,0.0,99.71926778859192,48547066.14544478,68239.41118596667,99.71926778859192,estimated,91.45875411541836
2024-08-13,4367367996.097501,3044848683.106801,110832603.651,1169065691.8360014,8692114974.691303,4,60575.350000000006,544183.0610726436,4863602.921873497,0.0,0.0,0,0,0,False,0.0,-79.87409032869401,544183.0610726436,4863602.921873497,-79.87409032869401,estimated,90.75370504875279
2024-08-14,4577424853.1228,3164943305.3087997,106330240.2313,1208463980.0241003,9057162378.687,4,58666.649999999994,9458589.48101785,1059904.9904057288,0.0,0.0,0,0,0,False,0.0,79.84683086946984,9458589.48101785,1059904.9904057288,79.84683086946984,estimated,90.46588369404083
2024-08-15,4817546711.356,3084608372.9747005,109303551.8036,1256765338.842701,9268223974.977001,4,57521.95,50919730.17246289,1302658.8000716516,0.0,0.0,0,0,0,False,0.0,95.01110988715295,50919730.17246289,1302658.8000716516,95.01110988715295,estimated,89.61623968525512
2024-08-16,4833935975.739,3232262275.55,108596439.3761,1236766054.1579015,9411560744.823002,4,58873.55,41586.02690490341,9349336.343181398,0.0,0.0,0,0,0,False,0.0,-99.11433562612825,41586.02690490341,9349336.343181398,-99.11433562612825,estimated,86.88113228564228
2024-08-17,4913186789.8295,3118543384.0186996,109894173.0645,1330551259.3428009,9472175606.2555,4,59487.05,0.0,104659.79430974688,0.0,0.0,0,0,0,False,0.0,-100.0,0.0,104659.79430974688,-100.0,estimated,85.22023559337836
2024-08-18,4828442576.690001,3162460435.4304,109910646.5775,1357322974.7648995,9458136633.4628,4,58415.7,593386.164308827,14092619.7685196,0.0,0.0,0,0,0,False,0.0,-91.91902594860868,593386.164308827,14092619.7685196,-91.91902594860868,estimated,80.83681793914582
2024-08-19,4736766645.66,3212534873.3592,111373461.6588,1253517137.644601,9314192118.322601,4,59418.45,1862549.5935071888,226332.8092209684,0.0,0.0,0,0,0,False,0.0,78.32977012728249,1862549.5935071888,226332.8092209684,78.32977012728249,estimated,25.49825772581985
2024-08-20,4879004558.6643,3291957214.6439996,101635469.7732,1258283595.189601,9530880838.271101,4,58993.45,167660.79554129663,42337011.36533937,0.0,0.0,0,0,0,False,0.0,-99.2110947478588,167660.79554129663,42337011.36533937,-99.2110947478588,estimated,9.071859192657893
2024-08-21,5232327344.0,3375256720.6193995,107615780.1136,1224544158.357,9939744003.09,4,61139.649999999994,0.0,21360601.95856814,0.0,0.0,0,0,0,False,0.0,-100.0,0.0,21360601.95856814,-100.0,estimated,2.147225277323175
2024-08-22,5049862372.36,3434451774.6041,113094740.861,1356571925.1798992,9953980813.005,4,60367.65,5020951.499018125,0.0,0.0,0.0,0,0,0,False,0.0,100.0,5020951.499018125,0.0,100.0,estimated,30.455609556711604
2024-08-23,5548297501.4999,3769851552.645,115118100.9827,1448379046.2113,10881646201.3389,4,64034.95,0.0,308480621.7793518,0.0,0.0,0,0,0,False,0.0,-100.0,0.0,308480621.7793518,-100.0,estimated,-46.57615207328305
2024-08-24,5581396336.957,3638415832.4917,118016013.3592,1666091132.9784005,11003919315.7863,4,64145.600000000006,211218.6614697693,138167.59860773294,0.0,0.0,0,0,0,False,0.0,20.908396010144152,211218.6614697693,138167.59860773294,20.908396010144152,estimated,-46.533334734203414
2024-08-25,5646025307.2892,3735272799.3406,118045050.6752,1681675060.2839985,11181018217.588997,4,64206.1,41013.5314465606,8854091.469682474,0.0,0.0,0,0,0,False,0.0,-99.07784042029058,41013.5314465606,8854091.469682474,-99.07784042029058,estimated,-55.66548865397799
2024-08-26,5294330276.3996,3757265101.184,121452566.9737,1536945372.5639985,10709993317.121298,4,62826.05,4183799.7674521087,0.0,0.0,0.0,0,0,0,False,0.0,100.0,4183799.7674521087,0.0,100.0,estimated,-69.8917892515064
2024-08-27,4837027625.6119995,3473378855.9396996,120449880.8832,1517115528.4026024,9947971890.837502,4,59394.9,289980454.14951074,3883.015373764164,0.0,0.0,0,0,0,False,0.0,99.99732191372009,289980454.14951074,3883.015373764164,99.99732191372009,estimated,-5.823523498851722
2024-08-28,4669955567.76,3335736250.1112,117859353.5359,1269362699.384202,9392913870.791302,4,59026.649999999994,0.0,0.0,0.0,0.0,0,0,0,False,0.0,0.0,0.0,0.0,0.0,none,-7.010348182398646
2024-08-29,4831307569.5312,3277286152.5946,121893751.5192,1383413485.0250015,9613900958.670002,4,59336.649999999994,0.0,0.0,0.0,0.0,0,0,0,False,0.0,0.0,0.0,0.0,0.0,none,-14.545606895458747
2024-08-30,4719141596.189301,3338429465.0532,114357246.5252,1363786753.940601,9535715061.708302,4,59104.45,6772463.567812756,192715.62869501152,0.0,0.0,0,0,0,False,0.0,94.46631240179332,6772463.567812756,192715.62869501152,94.46631240179332,estimated,-12.340933947134577
2024-08-31,4774103399.7792,3238010408.5200005,109403145.0894,1354094899.1279995,9475611852.5166,4,58959.2,9936.583307184545,9546.98270353183,0.0,0.0,0,0,0,False,0.0,1.9996370450790457,9936.583307184545,9546.98270353183,1.9996370450790457,estimated,-12.327515548826023
2024-09-01,4704285497.4355,3166846654.5567,103371190.0146,1387426149.5478,9361929491.554602,4,57279.45,32068401.01815096,0.0,0.0,0.0,0,0,0,False,0.0,100.0,32068401.01815096,0.0,100.0,estimated,-5.718700428480573
2024-09-02,4876772072.1763,3201067860.7428,113742494.727,1432417660.3750002,9624000088.0211,4,59130.85,0.0,1021950.0204738739,0.0,0.0,0,0,0,False,0.0,-100.0,0.0,1021950.0204738739,-100.0,estimated,-6.095916844759985
2024-09-03,4778825888.8843,3090650649.9577994,104480871.7972,1422370073.2474997,9396327483.886799,4,57460.45,2954598.9807002535,230518.16446375847,0.0,0.0,0,0,0,False,0.0,85.5252944266897,2954598.9807002535,230518.16446375847,85.5252944266897,estimated,0.1394999864266203
2024-09-04,4699601183.2608,3258322624.5486,105940895.6408,1382653603.2761996,9446518306.7264,4,57959.4,131990524.16811475,0.0,0.0,0.0,0,0,0,False,0.0,100.0,131990524.16811475,0.0,100.0,estimated,19.478504503792557
2024-09-05,4699737410.332899,3062170942.6805,101689937.955,1447443061.1977987,9311041352.166197,4,56153.75,4790059.386614361,27627.501222008854,0.0,0.0,0,0,0,False,0.0,98.85308024928882,4790059.386614361,27627.501222008854,98.85308024928882,estimated,19.450860902208795
2024-09-06,4610207133.448199,2973545595.096,97688084.1185,1446114971.3984995,9127555784.0612,4,53943.5,272657376.7893375,214422.58692938156,0.0,0.0,0,0,0,False,0.0,99.84284005351999,272657376.7893375,214422.58692938156,99.84284005351999,estimated,97.1725037843911
2024-09-07,4511817860.4973,3174998417.1359997,96168304.5209,1469122128.8394992,9252106710.9937,4,54144.25,0.0,0.0,0.0,0.0,0,0,0,False,0.0,0.0,0.0,0.0,0.0,none,97.20774917082927
2024-09-08,4644921962.062799,3234897884.2,97585792.78,1410043082.3309977,9387448721.373798,4,54864.85,164699.90148767567,670747.9107462051,0.0,0.0,0,0,0,False,0.0,-60.572067081655476,164699.90148767567,670747.9107462051,-60.572067081655476,estimated,99.3658849649292
2024-09-09,4993467817.32,3384549311.8765,104597082.3296,1436044137.7079997,9918658349.234098,4,57024.85,30513.099337084852,36071351.93111803,0.0,0.0,0,0,0,False,0.0,-99.83096109128243,30513.099337084852,36071351.93111803,-99.83096109128243,estimated,90.14113419420156
2024-09-10,4967424263.276199,3451331049.1896005,113694817.376,1388162074.680199,9920612204.521997,4,57632.45,375155.9713056955,1653176.5866246703,0.0,0.0,0,0,0,False,0.0,-63.00843568882113,375155.9713056955,1653176.5866246703,-63.00843568882113,estimated,83.69929429963096
2024-09-11,4917923327.676,3491598868.24,109684804.7658,1383499875.816999,9902706876.498798,4,57326.600000000006,7564125.434167657,11724.264567813358,0.0,0.0,0,0,0,False,0.0,99.69048317920642,7564125.434167657,11724.264567813358,99.69048317920642,estimated,83.94183943964859
2024-09-12,4967288387.464,3500947376.2016,111079207.239,1457533173.3179994,10036848144.222599,4,58116.350000000006,0.0,13998908.577367174,0.0,0.0,0,0,0,False,0.0,-100.0,0.0,13998908.577367174,-100.0,estimated,78.9270730212026
2024-09-13,5405115700.8884,3668377893.2157,121770535.4838,1607798102.6799989,10803062232.267899,4,60481.100000000006,94686.50995391363,113156924.85833551,0.0,0.0,0,0,0,False,0.0,-99.83278558457592,94686.50995391363,113156924.85833551,-99.83278558457592,estimated,46.087189049005055
2024-09-14,5243543285.219999,3701348494.08,120807431.8224,1619581841.9542978,10685281053.076696,4,59980.4,2522642.0111951656,0.0,0.0,0.0,0,0,0,False,0.0,100.0,2522642.0111951656,0.0,100.0,estimated,46.307128423772696
2024-09-15,5099738647.032,3622566210.3504,121250729.9098,1688321289.9795964,10531876877.271797,4,59115.6,6041040.440666548,7408.737394835544,0.0,0.0,0,0,0,False,0.0,99.7550202646421,6041040.440666548,7408.737394835544,99.7550202646421,estimated,43.961522974966186
2024-09-16,4918353929.16,3490189230.195,119709100.8936,1496540065.3439991,10024792325.5926,4,58198.75,38768342.16888106,0.0,0.0,0.0,0,0,0,False,0.0,100.0,38768342.16888106,0.0,100.0,estimated,47.62028143070971
2024-09-17,5148557892.738,3646848907.2657,125174029.8543,1699270962.7519965,10619851792.609997,4,60299.7,0.0,18449150.548035122,0.0,0.0,0,0,0,False,0.0,-100.0,0.0,18449150.548035122,-100.0,estimated,43.239604916943144
2024-09-18,5173840100.7755,3634841925.2391,129008328.336,1604636851.482301,10542327205.832903,4,61755.75,2046691.731236191,32884776.08507799,0.0,0.0,0,0,0,False,0.0,-88.2816734641748,2046691.731236191,32884776.08507799,-88.2816734641748,estimated,21.35255020733639
2024-09-19,5486001877.6488,3921510985.1328,144029409.85480002,1810719413.723799,11362261686.360199,4,62947.25,0.0,172810639.04602543,0.0,0.0,0,0,0,False,0.0,-100.0,0.0,172810639.04602543,-100.0,estimated,-8.284422700355195
2024-09-20,5470720399.9539,3943785368.6686,148856957.543,1770584894.4482007,11333947620.6137,4,63191.899999999994,618566.6208540006,29567204.654268865,0.0,0.0,0,0,0,False,0.0,-95.90160135239756,618566.6208540006,29567204.654268865,-95.90160135239756,estimated,-75.61238525268084
2024-09-21,5481983667.7858,3924100268.2175,143572022.54999998,1636274371.1111996,11185930329.6645,4,63335.25,7455.280941928684,3803.8318681877117,0.0,0.0,0,0,0,False,0.0,32.43105505133689,7455.280941928684,3803.8318681877117,32.43105505133689,estimated,-75.60983776994755
2024-09-22,5448856865.12,3945415405.0761,140790962.511,1662263529.57,11197326762.2771,4,63571.7,53178.16249580246,19587.76755475102,0.0,0.0,0,0,0,False,0.0,46.16225604168712,53178.16249580246,19587.76755475102,46.16225604168712,estimated,-75.61760359727712
2024-09-23,5633071595.822,3778386432.8574,138308090.2434,1674312024.016802,11224078142.939602,4,63325.55,162250.51449484949,72880971.65706941,0.0,0.0,0,0,0,False,0.0,-99.55574108131825,162250.51449484949,72880971.65706941,-99.55574108131825,estimated,-77.31971384510092
2024-09-24,5855308734.8138,3844196956.3218,153338920.789,1718848091.6404989,11571692703.5651,4,64263.35,176891.8978530069,681096.8201212153,0.0,0.0,0,0,0,False,0.0,-58.76591518110812,176891.8978530069,681096.8201212153,-58.76591518110812,estimated,-77.34529113994367
2024-09-25,5579700454.5808,3929758701.4774,137072885.007,1814851832.135999,11461383873.2012,4,63138.05,1312893.5877020226,14079339.005475147,0.0,0.0,0,0,0,False,0.0,-82.94082967166203,1312893.5877020226,14079339.005475147,-82.94082967166203,estimated,-80.08832846203508
2024-09-26,5748010029.44,4128503740.8278,140409610.926,1978264236.242096,11995187617.435896,4,65155.95,2963579.8515609074,110500514.16333422,0.0,0.0,0,0,0,False,0.0,-94.77618029335014,2963579.8515609074,110500514.16333422,-94.77618029335014,estimated,-82.32740648064343
2024-09-27,5644635180.0552,4174981645.8,147335625.153,1921759035.2776957,11888711486.285896,4,65764.45000000001,184129.7911274662,143206654.356447,0.0,0.0,0,0,0,False,0.0,-99.74317764949528,184129.7911274662,143206654.356447,-99.74317764949528,estimated,-83.11938992055114
2024-09-28,5612783937.188001,4145021885.166,139743535.79880002,1827977882.2672975,11725527240.420097,4,65840.1,17229.63324525495,56886.16171326866,0.0,0.0,0,0,0,False,0.0,-53.5061770439164,17229.63324525495,56886.16171326866,-53.5061770439164,estimated,-83.82942800343558
2024-09-29,5613383852.1267,4105323288.3569,141286467.934,1803530132.295998,11663523740.713598,4,65587.95,0.0,0.0,0.0,0.0,0,0,0,False,0.0,0.0,0.0,0.0,0.0,none,-85.56050296109008
2024-09-30,5495661964.6075,3985826956.2816,132027712.6419,1773056559.9137983,11386573193.444798,4,63319.8,25924792.273532696,0.0,0.0,0.0,0,0,0,False,0.0,100.0,25924792.273532696,0.0,100.0,estimated,-89.35182363115321
2024-10-01,5123975924.312,3908571165.15,120033413.052,1718976248.8780005,10871556751.392,4,60785.0,143729589.30393153,0.0,0.0,0.0,0,0,0,False,0.0,100.0,143729589.30393153,0.0,100.0,estimated,-52.99113955906797
2024-10-02,5001447128.6038,3825157437.9725,123007074.038,1609040181.850001,10558651822.4643,4,60636.35,20536859.307688776,0.0,0.0,0.0,0,0,0,False,0.0,100.0,20536859.307688776,0.0,100.0,estimated,-47.07532822698163
2024-10-03,5128797900.6288,3720828497.1867,114969927.913,1563499651.528,10528095977.2565,4,60740.6,2378.882124464148,2395.656511236743,0.0,0.0,0,0,0,False,0.0,-0.35133000384931307,2378.882124464148,2395.656511236743,-0.35133000384931307,estimated,-30.93564393118972
2024-10-04,5257366050.816,3953414944.8734,133916740.3796,1565579649.018401,10910277385.0874,4,62078.850000000006,0.0,1701138.4467034463,0.0,0.0,0,0,0,False,0.0,-100.0,0.0,1701138.4467034463,-100.0,estimated,-27.51024981646564
2024-10-05,5227083274.7245,3888916457.45,133922625.18019998,1635996666.3019998,10885919023.6567,4,62050.55,95709.91267951825,0.0,0.0,0.0,0,0,0,False,0.0,100.0,95709.91267951825,0.0,100.0,estimated,-27.48883171402998
2024-10-06,5411447786.6855,3939037988.1483,129766340.6895,1650028366.4952004,11130280482.018503,4,62807.95,0.0,3304200.970872699,0.0,0.0,0,0,0,False,0.0,-100.0,0.0,3304200.970872699,-100.0,estimated,-27.94117140181016
2024-10-07,5177048962.871499,3983957512.922399,122737896.65340006,1721015513.0740006,11004759885.5213,4,62200.1,284286.56963654724,21590061.729115035,0.0,0.0,0,0,0,False,0.0,-97.4007310686118,284286.56963654724,21590061.729115035,-97.4007310686118,estimated,-20.371942142947717
2024-10-08,5338517952.0004,3938371560.9693,130024977.7862,1564463406.4655998,10971377897.221498,4,62128.85,918691.3836950863,580744.7281206632,0.0,0.0,0,0,0,False,0.0,22.53824974010963,918691.3836950863,580744.7281206632,22.53824974010963,estimated,-20.173807199857976
2024-10-09,5266740160.2464,3790595078.2779,126827390.4755,1629879199.310699,10814041828.3105,4,60607.05,19509659.585389927,49754.09743471744,0.0,0.0,0,0,0,False,0.0,99.49125164750303,19509659.585389927,49754.09743471744,99.49125164750303,estimated,-13.49574766042902
2024-10-10,5175903035.846399,3901546243.5836,120909757.7792,1609776395.5370994,10808135432.7463,4,60294.399999999994,166062869.97782192,90446.07854201244,0.0,0.0,0,0,0,False,0.0,99.89112937293247,166062869.97782192,90446.07854201244,99.89112937293247,estimated,37.726474084705075
2024-10-11,5471588982.871,4114255293.596975,130352842.141,1657146546.0399995,11373343664.648975,4,62521.5,0.0,14651317.541831931,0.0,0.0,0,0,0,False,0.0,-100.0,0.0,14651317.541831931,-100.0,estimated,79.94462338752122
2024-10-12,5645058565.304001,4345478911.5375,148021619.3148,1710895799.952498,11849454896.108799,4,63193.9,0.0,2231117.409139768,0.0,0.0,0,0,0,False,0.0,-100.0,0.0,2231117.409139768,-100.0,estimated,79.01507588812537
2024-10-13,5390019245.6856,4359988232.9309,144554486.0278,1675730032.4910972,11570291997.135397,4,62848.9,2351179.989630207,0.0,0.0,0.0,0,0,0,False,0.0,100.0,2351179.989630207,0.0,100.0,estimated,79.13154739677208
2024-10-14,5710970502.894799,4478897415.742201,154814569.31010002,1987052396.778598,12331734884.7257,4,66076.55,3831.955382071964,253612328.79947907,0.0,0.0,0,0,0,False,0.0,-99.9969781457375,3831.955382071964,253612328.79947907,-99.9969781457375,estimated,8.549181544826991
2024-10-15,5549841341.444701,4624418789.252999,147534450.648,1862286407.823598,12184080989.169298,4,67068.7,2901048.0955390558,156266840.2037452,0.0,0.0,0,0,0,False,0.0,-96.35473194180449,2901048.0955390558,156266840.2037452,-96.35473194180449,estimated,-36.20771900201737
2024-10-16,5844041428.008,4517039042.554801,159638127.7218,2062575354.2606983,12583293952.5453,4,67598.55,0.0,124704618.5733081,0.0,0.0,0,0,0,False,0.0,-100.0,0.0,124704618.5733081,-100.0,estimated,-50.15539951605044
2024-10-17,5505635516.853499,4798054488.427199,154941553.2537,1930271130.5249996,12388902689.059399,4,67412.25,501291.0443343286,0.0,0.0,0.0,0,0,0,False,0.0,100.0,501291.0443343286,0.0,100.0,estimated,-50.0581313253622
2024-10-18,5909740538.539201,4707521570.4,162595915.7931,2136955233.2939951,12916813258.026297,4,68417.4,0.0,103243654.91161576,0.0,0.0,0,0,0,False,0.0,-100.0,0.0,103243654.91161576,-100.0,estimated,-55.86740081122494
2024-10-19,5929831593.949201,4924463103.443999,154217265.849,2057513929.514994,13066025892.757195,4,68369.75,133593.30522463916,0.0,0.0,0.0,0,0,0,False,0.0,100.0,133593.30522463916,0.0,100.0,estimated,-55.8606369587934
2024-10-20,5977890149.265901,5029952960.844,165190856.0751,1994755548.324199,13167789514.509201,4,69042.05,0.0,110006870.62793837,0.0,0.0,0,0,0,False,0.0,-100.0,0.0,110006870.62793837,-100.0,estimated,-60.668043026622506
2024-10-21,5858129120.212001,4840422843.828901,176851400.767,1984111618.6961975,12859514983.504099,4,67368.45000000001,6051615.645008224,7957839.062594978,0.0,0.0,0,0,0,False,0.0,-13.606692461428993,6051615.645008224,7957839.062594978,-13.606692461428993,estimated,-59.162832747605286
2024-10-22,5859611928.691199,4813082857.678825,166075915.1539,2015164443.406399,12853935144.930325,4,67407.95,13440058.067950238,3675.4298312277215,0.0,0.0,0,0,0,False,0.0,99.94532129290076,13440058.067950238,3675.4298312277215,99.94532129290076,estimated,-57.113070439014265
2024-10-23,5614962018.8632,4823791037.5689,165371487.904,1970115253.307697,12574239797.643797,4,66653.15,73563603.62760462,0.0,0.0,0.0,0,0,0,False,0.0,100.0,73563603.62760462,0.0,100.0,estimated,-48.9275851497292
2024-10-24,5826870588.516001,5089181253.2112,166512500.20949998,1980166601.1198976,13062730943.056597,4,68182.4,0.0,374047.12024817767,0.0,0.0,0,0,0,False,0.0,-100.0,0.0,374047.12024817767,-100.0,estimated,-77.30587422650042
2024-10-25,5339422295.544,4930937595.1888,155521296.2765,1936746213.2255983,12362627400.234898,4,66664.8,23472464.409723196,498067.93052641157,0.0,0.0,0,0,0,False,0.0,95.84433150289206,23472464.409723196,498067.93052641157,95.84433150289206,estimated,-72.21917142437975
2024-10-26,5430728391.4404,4650674747.4831,155654442.82669997,1772109489.412398,12009167071.162598,4,67070.45000000001,0.0,0.0,0.0,0.0,0,0,0,False,0.0,0.0,0.0,0.0,0.0,none,-72.14866382223363
2024-10-27,5589397091.881201,4678432635.3037,160437378.81919998,1858717839.387,12286984945.391104,4,67996.85,0.0,363359.12253430346,0.0,0.0,0,0,0,False,0.0,-100.0,0.0,363359.12253430346,-100.0,estimated,-72.6216692885998
2024-10-28,6232695196.78,4957990949.2945,167766040.24980003,2051867386.2034988,13410319572.5278,4,69950.8,82480.47503101331,118042211.05085754,0.0,0.0,0,0,0,False,0.0,-99.86035015378145,82480.47503101331,118042211.05085754,-99.86035015378145,estimated,-67.59844505302775
2024-10-29,6564230843.978999,5416945027.875,178330880.42249998,2386937861.035195,14546444613.311695,4,72752.15,0.0,589532715.8491842,0.0,0.0,0,0,0,False,0.0,-100.0,0.0,589532715.8491842,-100.0,estimated,-79.99182745957563
2024-10-30,6461875750.707,5406409473.131101,176858832.9885,2268509553.594592,14313653610.421194,4,72358.0,5807431.752284979,0.0,0.0,0.0,0,0,0,False,0.0,100.0,5807431.752284979,0.0,100.0,estimated,-76.62986193186835
2024-10-31,6297100060.091499,5260045952.568601,173136606.4404,2147512181.221095,13877794800.321594,4,70313.1,41722063.59912126,0.0,0.0,0.0,0,0,0,False,0.0,100.0,41722063.59912126,0.0,100.0,estimated,-69.97643268127064
2024-11-01,5844108223.5015,5037620521.011,169941469.2649,1912467306.3519983,12964137520.129398,4,69495.5,49611494.2806327,0.0,0.0,0.0,0,0,0,False,0.0,100.0,49611494.2806327,0.0,100.0,estimated,-58.89453480661797
2024-11-02,5955490669.179601,4775610820.1292,165167274.7244,1960260160.8719995,12856528924.9052,4,69365.3,0.0,0.0,0.0,0.0,0,0,0,False,0.0,0.0,0.0,0.0,0.0,none,-58.914935223834874
2024-11-03,5706265207.9125,4708109477.004112,162547750.0097,1978949469.210998,12555871904.137312,4,68755.75,102246863.27256876,0.0,0.0,0.0,0,0,0,False,0.0,100.0,102246863.27256876,0.0,100.0,estimated,-38.805720929776406
2024-11-04,5707428020.3627,4674069470.325,156434442.8634,1961575156.721698,12499507090.272799,4,67836.5,10812855.21370983,24859.92950759652,0.0,0.0,0,0,0,False,0.0,99.54123301490989,10812855.21370983,24859.92950759652,99.54123301490989,estimated,-37.692334977030455
2024-11-05,5750297021.6478,4889033217.4439,159470230.6995,1960783929.467998,12759584399.2592,4,69367.5,405.9742372805379,890591.2449190146,0.0,0.0,0,0,0,False,0.0,-99.9088719406633,405.9742372805379,890591.2449190146,-99.9088719406633,estimated,-39.56619283662523
2024-11-06,6760133355.366599,5265590037.324599,213268652.103,2259369464.8999953,14498361509.694195,4,75599.04999999999,0.0,560862966.567446,0.0,0.0,0,0,0,False,0.0,-100.0,0.0,560862966.567446,-100.0,estimated,-68.92254396873125
2024-11-07,6722390044.3954,5745026951.3112,212812894.2888,2325221948.865001,15005451838.860401,4,75867.1,2435093.092500231,124992939.41176042,0.0,0.0,0,0,0,False,0.0,-96.17808884804244,2435093.092500231,124992939.41176042,-96.17808884804244,estimated,-71.04434024063073
2024-11-08,6881480897.174799,5742958521.8782,209417287.0446,2340588305.8461986,15174445011.943796,4,76507.9,0.0,11121228.132810336,0.0,0.0,0,0,0,False,0.0,-100.0,0.0,11121228.132810336,-100.0,estimated,-73.71489967899755
2024-11-09,6706713797.375401,5641255020.864301,211867329.8988,2321443359.7428,14881279507.8813,4,76694.85,138848.45315876705,23946.874692052595,0.0,0.0,0,0,0,False,0.0,70.58039071735924,138848.45315876705,23946.874692052595,70.58039071735924,estimated,-73.70038777449207
2024-11-10,6910378389.309999,5698550725.257695,219938744.6448,2575227380.853198,15404095240.065695,4,80419.25,0.0,658084841.6366608,0.0,0.0,0,0,0,False,0.0,-100.0,0.0,658084841.6366608,-100.0,estimated,-81.29903600348658
2024-11-11,7537627505.697899,5801775070.8888,250358102.696,2750826862.2680955,16340587541.550793,4,88747.15,0.0,890025542.7458663,0.0,0.0,0,0,0,False,0.0,-100.0,0.0,890025542.7458663,-100.0,estimated,-86.03991507404677
2024-11-12,7417342553.292,5983197444.384,244548096.9096,2807084881.127997,16452172975.713594,4,87970.0,33267099.7994368,12603807.172758903,0.0,0.0,0,0,0,False,0.0,45.04661884972712,33267099.7994368,12603807.172758903,45.04661884972712,estimated,-80.35335013323184
2024-11-13,7507052012.253501,6131689301.812799,270145844.75430006,3018782249.384993,16927669408.205591,4,90412.25,934352.8732116867,553981955.6107681,0.0,0.0,0,0,0,False,0.0,-99.66324548083138,934352.8732116867,553981955.6107681,-99.66324548083138,estimated,-84.2052185888035
2024-11-14,7511384560.401,5628715185.724,254153152.224,2779203356.0895987,16173456254.4386,4,87375.0,16466619.771355165,1148408.0048933574,0.0,0.0,0,0,0,False,0.0,86.96104236132027,16466619.771355165,1148408.0048933574,86.96104236132027,estimated,-85.74674493594951
2024-11-15,7726748572.215,6299189465.850288,266638242.6966,2793373341.926696,17085949622.688585,4,91099.9,0.0,291301.89245485433,0.0,0.0,0,0,0,False,0.0,-100.0,0.0,291301.89245485433,-100.0,estimated,-88.84011033546884
2024-11-16,7677998556.925401,5965165922.641999,262393330.9504,2901915826.666193,16807473637.183992,4,90634.35,765891.9945455167,221162.89782980343,0.0,0.0,0,0,0,False,0.0,55.18731540905875,765891.9945455167,221162.89782980343,55.18731540905875,estimated,-88.79242610631219
2024-11-17,7556321233.738999,5952213283.1,262145627.765,2797808287.409293,16568488432.013294,4,89899.95,10757239.518599655,76545.87648266756,0.0,0.0,0,0,0,False,0.0,98.58690432399717,10757239.518599655,76545.87648266756,98.58690432399717,estimated,-94.7695310407776
2024-11-18,7690502113.222399,6168130990.325,239861860.34519997,3053367609.9755898,17151862573.868187,4,90521.2,0.0,4729221.876825222,0.0,0.0,0,0,0,False,0.0,-100.0,0.0,4729221.876825222,-100.0,estimated,-95.50834995107186
2024-11-19,7882845145.5959,6319139004.29,246529266.98920003,3046182900.277992,17494696317.15309,4,92338.65,0.0,51866125.43968445,0.0,0.0,0,0,0,False,0.0,-100.0,0.0,51866125.43968445,-100.0,estimated,-95.58639411467271
2024-11-20,8444662494.127999,6669905393.219,261992312.9085,3430951637.162984,18807511837.418484,4,94307.15,310978.7897339844,108900505.68453637,0.0,0.0,0,0,0,False,0.0,-99.43050167071532,310978.7897339844,108900505.68453637,-99.43050167071532,estimated,-94.75856951774311
2024-11-21,8784919746.7696,7165531987.5216,279898543.869,3651155485.6483855,19881505763.808582,4,98374.85,0.0,466739367.46521306,0.0,0.0,0,0,0,False,0.0,-100.0,0.0,466739367.46521306,-100.0,estimated,-95.5612379034394
2024-11-22,8969336189.440199,6932522671.530001,284266002.7856,3644059235.609088,19830184099.364887,4,98934.2,907505.1617560459,33887692.93850703,0.0,0.0,0,0,0,False,0.0,-94.7837333235405,907505.1617560459,33887692.93850703,-94.7837333235405,estimated,-95.53438813212124
2024-11-23,8822911249.045,6641240651.3986,260367099.6619,3546652626.1726937,19271171626.278194,4,97732.85,678500.0821781876,0.0,0.0,0.0,0,0,0,False,0.0,100.0,678500.0821781876,0.0,100.0,estimated,-95.49728220536177
2024-11-24,8572162730.243199,6752986995.08332,268394977.1646,3561824158.7165914,19155368861.20771,4,97994.04999999999,13752743.422834635,0.0,0.0,0.0,0,0,0,False,0.0,100.0,13752743.422834635,0.0,100.0,estimated,-92.9309824128817
2024-11-25,8411026975.056,6370101362.045401,236066939.6645,3636744964.2358904,18653940241.001793,4,93044.55,92775997.84850468,70763.6984712618,0.0,0.0,0,0,0,False,0.0,99.84756883860626,92775997.84850468,70763.6984712618,99.84756883860626,estimated,-75.71520509420104
2024-11-26,8059691742.400799,6660553599.8592005,237978432.2552,3495023479.7673917,18453247254.28259,4,92007.7,103560529.11336248,253579.64440665513,0.0,0.0,0,0,0,False,0.0,99.5114736379458,103560529.11336248,253579.64440665513,99.5114736379458,estimated,-67.06798612957031
2024-11-27,8261716050.972,6725648227.2936,238764990.8592,3452131219.769096,18678260488.893894,4,95906.95,0.0,17266781.848950997,0.0,0.0,0,0,0,False,0.0,-100.0,0.0,17266781.848950997,-100.0,estimated,-48.137262982791384
2024-11-28,8228539444.991999,6466928175.484,231681169.963,3254487020.3732967,18181635810.812298,4,95698.6,231660.02922019723,32572.082174004587,0.0,0.0,0,0,0,False,0.0,75.34585633658202,231660.02922019723,32572.082174004587,75.34585633658202,estimated,-50.72199209248639
2024-11-29,8583544360.183101,6493858036.1936245,263847845.52279997,3451530519.044988,18792780760.94451,4,97521.5,0.0,16782570.54817112,0.0,0.0,0,0,0,False,0.0,-100.0,0.0,16782570.54817112,-100.0,estimated,-51.6009506152863
2024-11-30,8382368918.984601,6457652700.552001,250610123.1942,3088082463.633999,18178714206.3648,4,96479.55,1087436.4366218906,0.0,0.0,0.0,0,0,0,False,0.0,100.0,1087436.4366218906,0.0,100.0,estimated,-51.53665673176889
2024-12-01,8424308500.6632,6428113591.440599,259538323.135,3173381255.1960006,18285341670.4348,4,97265.25,1168607.3262165824,118518.56833534883,0.0,0.0,0,0,0,False,0.0,81.5839975192781,1168607.3262165824,118518.56833534883,81.5839975192781,estimated,-53.12667854942368
2024-12-02,8281324319.931,6209609791.5978,222899511.6347,3278291155.1109986,17992124778.2745,4,95888.55,7458085.235154207,136149.9345444694,0.0,0.0,0,0,0,False,0.0,96.41438718970112,7458085.235154207,136149.9345444694,96.41438718970112,estimated,-51.648090242609015
2024-12-03,8390369837.577001,6104642372.589601,244805981.1231,3211001373.4257994,17950819564.7155,4,95916.45000000001,17409635.95899084,17108.141918537334,0.0,0.0,0,0,0,False,0.0,99.8036564739865,17409635.95899084,17108.141918537334,99.8036564739865,estimated,-45.82255367101794
2024-12-04,9142640360.7194,6191505468.864,248818521.425,3265407674.944798,18848372025.953197,4,98670.8,103810.9147426248,6890562.205091594,0.0,0.0,0,0,0,False,0.0,-97.03158773591178,103810.9147426248,6890562.205091594,-97.03158773591178,estimated,-38.78784716688533
2024-12-05,8943400945.876,6355299948.9373,255483020.674,3814334484.2119904,19368518399.69929,4,96989.7,258506820.32639104,634038468.7446942,0.0,0.0,0,0,0,False,0.0,-42.07424015526843,258506820.32639104,634038468.7446942,-42.07424015526843,estimated,-17.5500870583043
2024-12-06,8925438275.7225,6434051097.652499,257931768.4495,2979962580.966001,18597383722.7905,4,99796.2,137410.3332304312,43126343.6559893,0.0,0.0,0,0,0,False,0.0,-99.36477850135395,137410.3332304312,43126343.6559893,-99.36477850135395,estimated,-18.251179026992208
2024-12-07,8851589494.9328,6155297727.974999,261455764.0013,2796853779.635204,18065196766.544304,4,99906.1,69386.05915974459,11045.829641543463,0.0,0.0,0,0,0,False,0.0,72.5337057076134,69386.05915974459,11045.829641543463,72.5337057076134,estimated,-18.311204573898358
2024-12-08,9044764471.6,6389134699.4904,274011718.1696,2800090997.7854047,18508001887.045406,4,101193.4,2523.0067060157326,206345.71914712008,0.0,0.0,0,0,0,False,0.0,-97.5841220884454,2523.0067060157326,206345.71914712008,-97.5841220884454,estimated,-19.679254747870072
2024-12-09,8754505948.3617,6072296355.3359995,260303224.6062,2709805857.003306,17796911385.30721,4,97339.05,76379128.88690136,0.0,0.0,0.0,0,0,0,False,0.0,100.0,76379128.88690136,0.0,100.0,estimated,-21.330469420944826
2024-12-10,8476180905.5136,6262767701.589601,242984299.2871,2429414209.6752095,17411347116.06551,4,96601.95,0.0,0.0,0.0,0.0,0,0,0,False,0.0,0.0,0.0,0.0,0.0,none,-32.9336135258795
2024-12-11,9396917334.7335,6479832026.4314,261534507.906,2645658779.430409,18783942648.50131,4,101129.85,149583.4224689036,9943096.823180538,0.0,0.0,0,0,0,False,0.0,-97.03580379387559,149583.4224689036,9943096.823180538,-97.03580379387559,estimated,-32.45777136005088
2024-12-12,9165280626.656,6465565428.0075,245081639.4356,2712739889.1606073,18588667583.25971,4,99996.55,5107267.671353444,9938659.597597778,0.0,0.0,0,0,0,False,0.0,-32.11096159034608,5107267.671353444,9938659.597597778,-32.11096159034608,estimated,-32.47914107895832
2024-12-13,9326115354.1661,6645379012.7376,243520291.0848,2536604498.0411086,18751619156.02961,4,101419.25,10488.913718121848,214843.89571447717,0.0,0.0,0,0,0,False,0.0,-90.69029162283687,10488.913718121848,214843.89571447717,-90.69029162283687,estimated,-31.43453748700552
2024-12-14,9388466683.561,6461180388.777499,235295609.976,2653371996.5181055,18738314678.832607,4,101418.04999999999,62965.53189828597,3637715.962124259,0.0,0.0,0,0,0,False,0.0,-96.59708450997525,62965.53189828597,3637715.962124259,-96.59708450997525,estimated,-31.79186592939877
2024-12-15,10329166675.1284,6660864995.307601,272561229.421,2821359651.292004,20083952551.149006,4,104510.45,0.0,145487324.65832412,0.0,0.0,0,0,0,False,0.0,-100.0,0.0,145487324.65832412,-100.0,estimated,-40.05189721908559
2024-12-16,9874435108.2048,7164569440.962999,268230701.431,2972542000.9075985,20279777251.506397,4,106086.2,1273087.5766154018,359728982.82149833,0.0,0.0,0,0,0,False,0.0,-99.29469236826735,1273087.5766154018,359728982.82149833,-99.29469236826735,estimated,-54.31186834103306
2024-12-17,9798840064.875,7229548266.517001,268234953.74050003,2930028608.5320034,20226651893.664505,4,106102.75,142793.08222026244,127058589.6979222,0.0,0.0,0,0,0,False,0.0,-99.77548501580826,142793.08222026244,127058589.6979222,-99.77548501580826,estimated,-59.34612678835316
2024-12-18,9261772548.9678,6535703044.0244,235648852.5531,2725692303.509607,18758816749.054905,4,100172.05,107177578.86605029,0.0,0.0,0.0,0,0,0,False,0.0,100.0,107177578.86605029,0.0,100.0,estimated,-49.616651607490134
2024-12-19,8921728254.2472,6457637783.0454,220401731.282,2569554146.6986046,18169321915.273205,4,97416.9,324432450.5881723,0.0,0.0,0.0,0,0,0,False,0.0,100.0,324432450.5881723,0.0,100.0,estimated,-15.18641581842971
2024-12-20,8711322867.3304,6347554323.9064,220148821.8524,2339286154.706007,17618312167.79521,4,97779.6,243592872.35281542,0.0,0.0,0.0,0,0,0,False,0.0,100.0,243592872.35281542,0.0,100.0,estimated,7.2226488243551294
2024-12-21,8541263417.0028,6046692068.4078,213678666.7053,2361778905.0038047,17163413057.119703,4,97255.75,0.0,0.0,0.0,0.0,0,0,0,False,0.0,0.0,0.0,0.0,0.0,none,7.218935201359431
2024-12-22,8265050803.7045,6000887072.5755,184714194.7332,2273538057.9392076,16724190128.952406,4,95149.1,238331.17408366763,0.0,0.0,0.0,0,0,0,False,0.0,100.0,238331.17408366763,0.0,100.0,estimated,7.2500418429015205
2024-12-23,8562194000.4408,5989703960.397,184326211.4966,2312679130.9155073,17048903303.249907,4,94849.05,1034173.2405841121,0.0,0.0,0.0,0,0,0,False,0.0,100.0,1034173.2405841121,0.0,100.0,estimated,2.031940935364883
2024-12-24,9048364184.6752,6346593025.38,195612575.1516,2446402571.8489056,18036972357.055706,4,98627.75,259637.36683952244,17910945.625467002,0.0,0.0,0,0,0,False,0.0,-97.1422230431522,259637.36683952244,17910945.625467002,-97.1422230431522,estimated,0.7043657670749722
2024-12-25,9130641218.0837,5949130340.83,188305327.6560001,2445092982.526999,17713169869.0967,4,99397.6,807545.515741328,734981.5035308892,0.0,0.0,0,0,0,False,0.0,4.704229572891075,807545.515741328,734981.5035308892,4.704229572891075,estimated,1.4402735901904458
2024-12-26,8552826321.624,5771485881.9072,189605214.0708,2409255234.5349007,16923172652.136902,4,95747.1,34498688.07164666,11148.962139407326,0.0,0.0,0,0,0,False,0.0,99.93538675868861,34498688.07164666,11148.962139407326,99.93538675868861,estimated,4.293314983090847
2024-12-27,8450765184.192499,5942333560.713,197692103.769,2376134754.3982043,16966925603.072702,4,94254.95,34707907.78369921,4330.25082230355,0.0,0.0,0,0,0,False,0.0,99.97505058119273,34707907.78369921,4330.25082230355,99.97505058119273,estimated,6.676210063018598
2024-12-28,8639468728.9629,6108750453.2564,201360086.00180003,2450095084.867504,17399674353.088604,4,95257.45000000001,0.0,554468.2684190191,0.0,0.0,0,0,0,False,0.0,-100.0,0.0,554468.2684190191,-100.0,estimated,6.907004654049216
2024-12-29,8426647608.5,6030682210.71,187911704.19120008,2397466403.671504,17042707927.072704,4,93699.5,10199214.310438477,0.0,0.0,0.0,0,0,0,False,0.0,100.0,10199214.310438477,0.0,100.0,estimated,19.959449090508947
2024-12-30,8431628914.8048,5951730334.3179,190612692.24479997,2516986934.552996,17090958875.920496,4,92749.3,150910262.2391778,0.0,0.0,0.0,0,0,0,False,0.0,100.0,150910262.2391778,0.0,100.0,estimated,72.25119882071267
2024-12-31,8534979730.461,5916734923.7,191474822.48399997,2497018708.6152043,17140208185.260202,4,93539.45,21467.15647078617,4032123.3027988095,0.0,0.0,0,0,0,False,0.0,-98.94083249472348,21467.15647078617,4032123.3027988095,-98.94083249472348,estimated,95.00648788290952
2025-01-01,8728749440.8008,5674532845.7116,209217754.1082,2487164967.323403,17099665007.944004,4,94572.75,21085.890717764752,295793.41327840183,0.0,0.0,0,0,0,False,0.0,-86.69153179027444,21085.890717764752,295793.41327840183,-86.69153179027444,estimated,94.28734157028026
2025-01-02,8914385956.14,5860399955.2735,201913301.1888,2566712031.304503,17543411243.906803,4,96964.0,0.0,19250862.345652528,0.0,0.0,0,0,0,False,0.0,-100.0,0.0,19250862.345652528,-100.0,estimated,83.51153105114328
2025-01-03,8888458341.687,6053248505.92,201134018.4711,2549209524.0243993,17692050390.1025,4,98149.35,363708.7794669894,27994388.651437476,0.0,0.0,0,0,0,False,0.0,-97.43488588856725,363708.7794669894,27994388.651437476,-97.43488588856725,estimated,53.405433947777915
2025-01-04,8585650322.718,6127318575.532,205668158.0092,2535425923.490803,17454062979.750004,4,98199.0,35548.54748872058,25903.43009486542,0.0,0.0,0,0,0,False,0.0,15.69537348205926,35548.54748872058,25903.43009486542,15.69537348205926,estimated,53.39780886598724
2025-01-05,8859755181.3428,6097958400.0885,212373433.348,2523337072.4716024,17693424087.250904,4,98350.25,183392.38499093565,12715.925388123129,0.0,0.0,0,0,0,False,0.0,87.03173224679315,183392.38499093565,12715.925388123129,87.03173224679315,estimated,53.38296416696063
2025-01-06,9594678864.8424,6371952927.446099,213448366.3818,3014652786.495799,19194732945.1661,4,102204.6,0.0,135920182.877508,0.0,0.0,0,0,0,False,0.0,-100.0,0.0,135920182.877508,-100.0,estimated,5.757322080678005
2025-01-07,8929040154.7371,6256312316.7630005,199267190.73600003,2624416243.709101,18009035905.9452,4,96932.15,104329960.21595693,7429439.4055624725,0.0,0.0,0,0,0,False,0.0,86.70458246783221,104329960.21595693,7429439.4055624725,86.70458246783221,estimated,26.263496650585356
2025-01-08,8618313894.3971,6365649684.28385,191514100.4197,2520607651.4973035,17696085330.597954,4,95036.15,210969301.78606194,0.0,0.0,0.0,0,0,0,False,0.0,100.0,210969301.78606194,0.0,100.0,estimated,47.2799230019606
2025-01-09,8084136206.4087,6050973985.773,181634669.952,2460862834.0800037,16777607696.213703,4,92531.29999999999,166122522.05106542,0.0,0.0,0.0,0,0,0,False,0.0,100.0,166122522.05106542,0.0,100.0,estimated,55.22700707834025
2025-01-10,8375755352.967,6128970662.8878,201602366.9104,2343819226.3688054,17050147609.134007,4,94706.4,0.0,65903.97034582807,0.0,0.0,0,0,0,False,0.0,-100.0,0.0,65903.97034582807,-100.0,estimated,53.36285598813881
2025-01-11,8289521231.999999,6184314088.9688,206707451.72000003,2313426874.8500056,16993969647.538805,4,94584.7,311009.43490833516,0.0,0.0,0.0,0,0,0,False,0.0,100.0,311009.43490833516,0.0,100.0,estimated,53.48156803101883
2025-01-12,8273200889.280799,6163952029.04,197852621.1024,2371254907.7666044,17006260447.189802,4,94511.0,44910.17392642986,92056.25668923014,0.0,0.0,0,0,0,False,0.0,-34.421633498719395,44910.17392642986,92056.25668923014,-34.421633498719395,estimated,52.894324987880346
2025-01-13,7921761879.213001,6170330559.471601,190756523.307,2245798130.4702015,16528647092.461802,4,94521.6,320254855.57592744,357543.50563930545,0.0,0.0,0,0,0,False,0.0,99.77696214702641,320254855.57592744,357543.50563930545,99.77696214702641,estimated,60.83155550758558
2025-01-14,8154536758.8974,6228346527.5943,194415605.7684,2252922204.463005,16830221096.723104,4,96531.15,0.0,5058509.280545887,0.0,0.0,0,0,0,False,0.0,-100.0,0.0,5058509.280545887,-100.0,estimated,60.665496540959296
2025-01-15,8702828000.18,6452949431.765,199836902.2687,2463246418.569004,17818860752.782703,4,100487.9,0.0,54515677.24326154,0.0,0.0,0,0,0,False,0.0,-100.0,0.0,54515677.24326154,-100.0,estimated,52.394560981737584
2025-01-16,8617360853.053799,6416739541.1394005,197793555.792,2397742964.057707,17629636914.042908,4,99972.70000000001,12560760.698998576,108375.90319191464,0.0,0.0,0,0,0,False,0.0,98.28913513848802,12560760.698998576,108375.90319191464,98.28913513848802,estimated,55.752716185161134
2025-01-17,9421580864.515,6609900001.7936,224821292.1382,2772964781.797698,19029266940.244495,4,104074.45000000001,0.0,315335154.4060688,0.0,0.0,0,0,0,False,0.0,-100.0,0.0,315335154.4060688,-100.0,estimated,22.185147870681522
2025-01-18,9178239377.338902,6715479923.88,227403518.3894,2543541956.9448,18664664776.553104,4,104522.15,4884390.739870026,857268.2867248836,0.0,0.0,0,0,0,False,0.0,70.13865564799008,4884390.739870026,857268.2867248836,70.13865564799008,estimated,22.391007682988736
2025-01-19,8524804802.5695,6190574822.9629,197074994.3584,2513710605.000002,17426165224.8908,4,101311.1,45811854.64626947,26789242.815998897,0.0,0.0,0,0,0,False,0.0,26.201548592508324,45811854.64626947,26789242.815998897,26.201548592508324,estimated,22.577981284968622
2025-01-20,8594304433.26,6289073868.4374,208048788.9856,2541534434.4950047,17632961525.178005,4,102253.15,740573.9605671945,299699358.9639009,0.0,0.0,0,0,0,False,0.0,-99.50700697250298,740573.9605671945,299699358.9639009,-99.50700697250298,estimated,9.878689920907085
2025-01-21,9188928568.4715,6948341146.2647,220525383.045,2443444098.7840037,18801239196.5652,4,106141.65,732528.9482772195,10700837.934846967,0.0,0.0,0,0,0,False,0.0,-87.18612013826927,732528.9482772195,10700837.934846967,-87.18612013826927,estimated,3.3097805694773794
2025-01-22,8690418377.4319,6685176828.345599,216438345.4464,2587078859.9902396,18179112411.214138,4,103676.7,16163413.965651894,0.0,0.0,0.0,0,0,0,False,0.0,100.0,16163413.965651894,0.0,100.0,estimated,-11.391846672108642
2025-01-23,8356023575.926901,6615032607.839999,224086368.766,2519829040.890914,17714971593.423813,4,103894.9,71027676.1643324,1747984.1303653806,0.0,0.0,0,0,0,False,0.0,95.19623972276693,71027676.1643324,1747984.1303653806,95.19623972276693,estimated,-20.439779223520596
2025-01-24,8629981542.7828,6482907357.1744,208517274.5788,2586712273.3367023,17908118447.872704,4,104830.05,5369.5465730124515,587191.3354993173,0.0,0.0,0,0,0,False,0.0,-98.18768105169755,5369.5465730124515,587191.3354993173,-98.18768105169755,estimated,-20.474134232894233
2025-01-25,8538666927.179999,6357641477.4752,203762359.8402,2584661649.251364,17684732413.74676,4,104718.2,60848.42659705637,0.0,0.0,0.0,0,0,0,False,0.0,100.0,60848.42659705637,0.0,100.0,estimated,-20.499499949598675
2025-01-26,8373519261.9399,6108909674.3207,186591046.656,2521081842.083734,17190101825.000336,4,102576.05,1121213.6076350107,46996.025544390504,0.0,0.0,0,0,0,False,0.0,91.95417941958138,1121213.6076350107,46996.025544390504,91.95417941958138,estimated,-20.387424634447324
2025-01-27,8570534159.532599,6224747217.4836,190306421.7516,2547159053.1606727,17532746851.92847,4,102049.95,157145291.64729792,0.0,0.0,0.0,0,0,0,False,0.0,100.0,157145291.64729792,0.0,100.0,estimated,-39.50399425517641
2025-01-28,8135933882.472801,6152133933.004,182855487.3548,2341881919.6705017,16812805222.502102,4,101283.3,1239026.2827501732,1242501.892121487,0.0,0.0,0,0,0,False,0.0,-0.14005923472916348,1239026.2827501732,1242501.892121487,-0.14005923472916348,estimated,-39.10941598041487
2025-01-29,8441171191.2096,6438424388.8,196338526.0488,2365267585.800002,17441201691.858406,4,103723.75,0.0,2757513.781527632,0.0,0.0,0,0,0,False,0.0,-100.0,0.0,2757513.781527632,-100.0,estimated,-35.864926435117106
2025-01-30,8685176902.8165,6347303351.2902,195146776.589,2563043426.081601,17790670456.7773,4,104703.3,0.0,14509529.36007597,0.0,0.0,0,0,0,False,0.0,-100.0,0.0,14509529.36007597,-100.0,estimated,-38.56752639316933
2025-01-31,8536849892.6385,6285153436.2656,187586587.1385,2407401570.0845633,17416991486.127163,4,102395.35,9599778.831593763,403847.3003949932,0.0,0.0,0,0,0,False,0.0,91.92598173769001,9599778.831593763,403847.3003949932,91.92598173769001,estimated,-7.607765373091679
2025-02-01,8475178954.069201,6525987267.158999,178930058.58699998,2361981353.402945,17542077633.218147,4,100608.3,16730292.375026748,0.0,0.0,0.0,0,0,0,False,0.0,100.0,16730292.375026748,0.0,100.0,estimated,-5.61337741577245
2025-02-02,8161353280.071,6142624414.238999,172855979.1856,2340968952.9053125,16817802626.400913,4,97668.25,332231517.2633896,50334.988903154386,0.0,0.0,0,0,0,False,0.0,99.9697034378724,332231517.2633896,50334.988903154386,99.9697034378724,estimated,29.30619605441066
2025-02-03,7933395312.876599,6413158347.1256,170793876.352,2291596468.911862,16808944005.26606,4,101326.5,378292959.00874525,840606.2529133456,0.0,0.0,0,0,0,False,0.0,99.55656458307341,378292959.00874525,840606.2529133456,99.55656458307341,estimated,93.53398772824
2025-02-04,7315464976.376999,5799749506.67,164138444.16,2144127651.8881016,15423480579.0951,4,97734.9,15793516.494518086,0.0,0.0,0.0,0,0,0,False,0.0,100.0,15793516.494518086,0.0,100.0,estimated,95.65650717615249
2025-02-05,7380843495.602401,5470959545.120999,164733005.61900002,2089084341.68172,15105620388.02412,4,96593.4,0.0,0.0,0.0,0.0,0,0,0,False,0.0,0.0,0.0,0.0,0.0,none,95.58668093898758
2025-02-06,7258482857.132101,5553761052.0,156294942.939,2076903224.0347612,15045442076.105862,4,96535.5,46262.52242790718,703048.237029324,0.0,0.0,0,0,0,False,0.0,-87.65197967758589,46262.52242790718,703048.237029324,-87.65197967758589,estimated,95.47002442434038
2025-02-07,7329838750.2405,5690640394.7328005,159348123.291,2277498297.2730618,15457325565.537363,4,96472.65,78169.82303851319,3657819.373037343,0.0,0.0,0,0,0,False,0.0,-95.81530786434715,78169.82303851319,3657819.373037343,-95.81530786434715,estimated,94.82949773978598
2025-02-08,7352516593.9095,5748489429.3036,162299505.3785,2200447009.615541,15463752538.207142,4,96430.7,376252.1344283712,0.0,0.0,0.0,0,0,0,False,0.0,100.0,376252.1344283712,0.0,100.0,estimated,94.83123843136147
2025-02-09,7182100564.438801,5725969225.154401,164723328.7569,2182763765.298,15255556883.648102,4,96446.8,13242823.681726089,413003.89216130576,0.0,0.0,0,0,0,False,0.0,93.95124330727418,13242823.681726089,413003.89216130576,93.95124330727418,estimated,94.8221205967496
2025-02-10,7399880074.9952,5767646537.4822,180701092.7728,2169355699.907703,15517583405.157904,4,97400.95,2345.2293075426946,1368180.9522279347,0.0,0.0,0,0,0,False,0.0,-99.65776220270155,2345.2293075426946,1368180.9522279347,-99.65776220270155,estimated,93.46092191162745
2025-02-11,7577610351.174,5813437623.852601,178748188.8596,2152185799.19044,15721981963.076641,4,95756.3,5131875.693692988,312423.3827405782,0.0,0.0,0,0,0,False,0.0,88.52291623386569,5131875.693692988,312423.3827405782,88.52291623386569,estimated,93.71877330706553
2025-02-12,7666261445.5247,6289454539.8999,181069100.589,2227402832.107401,16364187918.121002,4,97856.95000000001,7107440.6892711185,4059369.303260317,0.0,0.0,0,0,0,False,0.0,27.29581131987924,7107440.6892711185,4059369.303260317,27.29581131987924,estimated,93.46093114498608
2025-02-13,7577069629.9874,5997351910.5075,176017792.0215,2220343864.3008513,15970783196.817251,4,96590.85,10660274.734609662,0.0,0.0,0.0,0,0,0,False,0.0,100.0,10660274.734609662,0.0,100.0,estimated,97.05190310669664
2025-02-14,7500821760.8448,5939941724.1175,168487857.7888,2179365532.384541,15788616875.13564,4,97475.05,0.0,4538685.915432205,0.0,0.0,0,0,0,False,0.0,-100.0,0.0,4538685.915432205,-100.0,estimated,95.99227581146971
2025-02-15,7498226239.573999,6035110982.334,175459023.84,2319215063.409421,16028011309.157421,4,97564.3,0.0,0.0,0.0,0.0,0,0,0,False,0.0,0.0,0.0,0.0,0.0,none,95.90619312737932
2025-02-16,7310790924.320001,5888111993.1726,178605005.54,2320579891.818369,15698087814.85097,4,96090.25,1278807.1489887005,0.0,0.0,0.0,0,0,0,False,0.0,100.0,1278807.1489887005,0.0,100.0,estimated,92.90332655306544
2025-02-17,7370275536.556799,5924261303.125,182962291.4682,2219902162.911861,15697401294.061861,4,95763.6,2715253.606657111,5475.763388098818,0.0,0.0,0,0,0,False,0.0,99.59747827561345,2715253.606657111,5475.763388098818,99.59747827561345,estimated,57.87441552093464
2025-02-18,7838989913.814,5993791138.380401,188403786.494,2226767217.8116326,16247952056.500032,4,95621.0,54354609.13930428,120032.32230910826,0.0,0.0,0,0,0,False,0.0,99.55930936271076,54354609.13930428,120032.32230910826,99.55930936271076,estimated,72.4466870199076
2025-02-19,7506548085.308,6310276305.801199,193879509.9061,2215368129.4535813,16226072030.46888,4,96628.85,209712.1398314242,665616.225461253,0.0,0.0,0,0,0,False,0.0,-52.08377835184073,209712.1398314242,665616.225461253,-52.08377835184073,estimated,71.46507945161524
2025-02-20,8097927577.243799,6451361302.7772,187633153.1466,2285891019.1299615,17022813052.297562,4,98276.2,0.0,10688655.549227037,0.0,0.0,0,0,0,False,0.0,-100.0,0.0,10688655.549227037,-100.0,estimated,57.3023553328329
2025-02-21,7813731262.118099,6674001898.643199,196710682.293,2393343718.3656025,17077787561.4199,4,96160.7,19723319.82327994,27553707.08104272,0.0,0.0,0,0,0,False,0.0,-16.56277429122098,19723319.82327994,27553707.08104272,-16.56277429122098,estimated,39.554128942151856
2025-02-22,7687588561.6398,5343595676.04,188831476.353,2243250112.296961,15463265826.329762,4,96547.25,0.0,455717.29257182666,0.0,0.0,0,0,0,False,0.0,-100.0,0.0,455717.29257182666,-100.0,estimated,39.0296072331914
2025-02-23,7737756238.62,4980856895.3514,194437714.5648,2183201598.5841627,15096252447.120365,4,96265.35,379689.0786360279,0.0,0.0,0.0,0,0,0,False,0.0,100.0,379689.0786360279,0.0,100.0,estimated,34.226561708309525
2025-02-24,8268384035.257501,4892045565.7039995,187396062.6538,2332481108.170072,15680306771.785374,4,91530.25,320752632.5549879,0.0,0.0,0.0,0,0,0,False,0.0,100.0,320752632.5549879,0.0,100.0,estimated,79.43559992964933
2025-02-25,7547859222.404601,4921674967.7604,194115462.4062,2352677842.32453,15016327494.895731,4,88652.20000000001,671865719.5103558,1187603.7233196124,0.0,0.0,0,0,0,False,0.0,99.64709966288738,671865719.5103558,1187603.7233196124,99.64709966288738,estimated,91.3425464403318
2025-02-26,6932019720.577499,4682693217.7844,165851458.766,2269901891.4066205,14050466288.534521,4,84208.55,560503246.1535705,19133.169125285232,0.0,0.0,0,0,0,False,0.0,99.99317309358872,560503246.1535705,19133.169125285232,99.99317309358872,estimated,94.63942411227606
2025-02-27,6986281335.6897,4476332926.744,166386441.0208,2059713885.9628808,13688714589.417381,4,84677.05,0.0,0.0,0.0,0.0,0,0,0,False,0.0,0.0,0.0,0.0,0.0,none,94.60534861351746
2025-02-28,6655372155.1856,4280637876.242,163361695.266,1936190915.3082912,13035562642.001892,4,84311.3,411495597.70857936,118.03078403811429,0.0,0.0,0,0,0,False,0.0,99.99994263328658,411495597.70857936,118.03078403811429,99.99994263328658,estimated,96.0943805880822
2025-03-01,6749523235.6754,4170529494.8856,157788509.109,1973171271.9308724,13051012511.600872,4,86027.2,0.0,187791.17828367234,0.0,0.0,0,0,0,False,0.0,-100.0,0.0,187791.17828367234,-100.0,estimated,96.07671171826276
2025-03-02,7448523681.7404,4315459136.984099,216750394.4706,1946294395.032052,13927027608.22715,4,94271.4,119971.1809556469,70154180.99397217,0.0,0.0,0,0,0,False,0.0,-99.65856242375713,119971.1809556469,70154180.99397217,-99.65856242375713,estimated,89.68602930578467
2025-03-03,6134436338.7713995,4237016119.7442,165447000.6839,2035898894.1846695,12572798353.38417,4,86179.0,196660859.22073153,0.0,0.0,0.0,0,0,0,False,0.0,100.0,196660859.22073153,0.0,100.0,estimated,90.5387367953582
2025-03-04,5908047187.021,4159084865.3277,159951910.7604,1715585160.1318796,11942669123.24098,4,87256.05,12385412.914764183,1063769.9067697974,0.0,0.0,0,0,0,False,0.0,84.18089900500786,12385412.914764183,1063769.9067697974,84.18089900500786,estimated,90.28857111720812
2025-03-05,6322786777.1016,4261174959.0324,198675690.3954,1892402404.2502396,12675039830.779638,4,90588.4,0.0,4040668.566871687,0.0,0.0,0,0,0,False,0.0,-100.0,0.0,4040668.566871687,-100.0,estimated,90.00957408459433
2025-03-06,6179224091.6988,4351446028.9412,194384887.3616,1915494119.675251,12640549127.676851,4,89910.3,8755654.899169084,11143891.380325502,0.0,0.0,0,0,0,False,0.0,-12.00146198115767,8755654.899169084,11143891.380325502,-12.00146198115767,estimated,90.0099940012578
2025-03-07,5995492134.7412,4257789123.339,174929193.4077,1878485806.9950008,12306696258.4829,4,86763.75,86793802.32973208,356632.8075797368,0.0,0.0,0,0,0,False,0.0,99.18156964559537,86793802.32973208,356632.8075797368,99.18156964559537,estimated,92.48537701210503
2025-03-08,5896992975.3392,4410407424.6496,182735197.7814,1743946093.313222,12234081691.083422,4,86199.1,0.0,0.0,0.0,0.0,0,0,0,False,0.0,0.0,0.0,0.0,0.0,none,92.52257967795168
2025-03-09,5660084354.2144,4054374688.3471,166841002.2918,1808306791.3909616,11689606836.24426,4,80695.65,106962837.2930501,0.0,0.0,0.0,0,0,0,False,0.0,100.0,106962837.2930501,0.0,100.0,estimated,92.84596507937272
2025-03-10,5475412373.823001,4154918535.424,173535641.00530002,1659191418.6042104,11463057968.856512,4,78568.4,123941360.21849905,2042588.8304099613,0.0,0.0,0,0,0,False,0.0,96.75738243509578,123941360.21849905,2042588.8304099613,96.75738243509578,estimated,92.05206503071402
2025-03-11,5799933285.168,4163425629.1844,183347949.836,1626298184.83468,11773005049.02308,4,82908.5,70375346.43829626,13647211.93324907,0.0,0.0,0,0,0,False,0.0,67.5153620700253,70375346.43829626,13647211.93324907,67.5153620700253,estimated,87.78377625242179
2025-03-12,5767902986.8174,3978716984.3081994,181283724.4,1630651384.3879988,11558555079.913597,4,83664.95,4384489.419482405,2745939.1380558047,0.0,0.0,0,0,0,False,0.0,22.97968864289852,4384489.419482405,2745939.1380558047,22.97968864289852,estimated,81.30281068972222
2025-03-13,5840417569.492,3887146652.0964,172823041.371,1678119621.7521007,11578506884.7115,4,81091.7,7554066.596252816,683.1630899447155,0.0,0.0,0,0,0,False,0.0,99.98191434232218,7554066.596252816,683.1630899447155,99.98191434232218,estimated,81.4271624282677
2025-03-14,6125472657.561601,4141923746.5789,184572896.42,1934426447.1000023,12386395747.660503,4,83968.15,0.0,9308964.416317165,0.0,0.0,0,0,0,False,0.0,-100.0,0.0,9308964.416317165,-100.0,estimated,68.69008113646355
2025-03-15,5953467088.6724,4209112129.8203993,183956996.6675,1846210970.3674004,12192747185.5277,4,84326.2,0.0,226923.47805902798,0.0,0.0,0,0,0,False,0.0,-100.0,0.0,226923.47805902798,-100.0,estimated,68.68107124991852
2025-03-16,5655975192.7768,4253231113.1205,181175372.5491,1827686542.4147685,11918068220.86117,4,82558.8,9955422.86133459,314141.7975961721,0.0,0.0,0,0,0,False,0.0,93.88208150921017,9955422.86133459,314141.7975961721,93.88208150921017,estimated,86.65258202836512
2025-03-17,5969911224.147499,4008153740.588501,190456062.2092,1804233714.5783389,11972754741.523539,4,83978.5,0.0,531574.0974593902,0.0,0.0,0,0,0,False,0.0,-100.0,0.0,531574.0974593902,-100.0,estimated,80.93599238783268
2025-03-18,5823898664.507,4014617486.155499,162507727.8576,1819415537.7658,11820439416.285898,4,82689.85,4901637.942696774,0.0,0.0,0.0,0,0,0,False,0.0,100.0,4901637.942696774,0.0,100.0,estimated,81.04241384241342
2025-03-19,6616906250.1234,4384021412.372,169788291.7674,1886010224.5599988,13056726178.8228,4,86828.6,0.0,60076076.453289405,0.0,0.0,0,0,0,False,0.0,-100.0,0.0,60076076.453289405,-100.0,estimated,61.68284720123268
2025-03-20,5954275300.986,4364661636.7109995,166769309.17540002,1934494156.9211628,12420200403.793562,4,84188.3,41372443.6299543,1360692.7475390492,0.0,0.0,0,0,0,False,0.0,93.6316738583424,41372443.6299543,1360692.7475390492,93.6316738583424,estimated,66.86076290906968
2025-03-21,5945258214.7081,4189861576.9584,170208330.5885,1858245459.204961,12163573581.45996,4,84059.8,32222.378495341247,8105.875767167562,0.0,0.0,0,0,0,False,0.0,59.80051249228908,32222.378495341247,8105.875767167562,59.80051249228908,estimated,60.73329873674368
2025-03-22,5876983791.9579,4250557978.9602,161684350.224,1862373116.018999,12151599237.1611,4,83823.45,0.0,549.3294954525463,0.0,0.0,0,0,0,False,0.0,-100.0,0.0,549.3294954525463,-100.0,estimated,60.73310668272981
2025-03-23,6272708224.2,4368018825.1556,170267111.2225,1945938649.07802,12756932809.656118,4,86062.7,0.0,871480.3062838684,0.0,0.0,0,0,0,False,0.0,-100.0,0.0,871480.3062838684,-100.0,estimated,48.46066081269306
2025-03-24,6753950074.4834,4519950459.033899,218699157.1664,2128891615.6297631,13621491306.313463,4,87485.15,103254.44594895843,60797389.5556739,0.0,0.0,0,0,0,False,0.0,-99.66090852521623,103254.44594895843,60797389.5556739,-99.66090852521623,estimated,-3.8849853926060574
2025-03-25,6554697937.2966,4642735754.421599,212959961.9082,2001651686.1791315,13412045339.80553,4,87395.3,608850.7987576139,599950.5374220134,0.0,0.0,0,0,0,False,0.0,0.7362881781492293,608850.7987576139,599950.5374220134,0.7362881781492293,estimated,-33.015056443148076
2025-03-26,6121177379.192201,4585584886.272,187604746.533,1999011678.3963208,12893378690.39352,4,86887.4,2438774.6296249023,85029.5589623306,0.0,0.0,0,0,0,False,0.0,93.26179429079019,2438774.6296249023,85029.5589623306,93.26179429079019,estimated,-33.41559928057297
2025-03-27,6167059471.7864,4517810792.834399,180566248.8483,1973479813.853581,12838916327.322681,4,87204.75,0.0,0.0,0.0,0.0,0,0,0,False,0.0,0.0,0.0,0.0,0.0,none,-38.62127464082009
2025-03-28,6231828129.161599,4277556506.25,182726348.8349,1979569164.835202,12671680149.0817,4,84381.9,37043146.00652765,0.0,0.0,0.0,0,0,0,False,0.0,100.0,37043146.00652765,0.0,100.0,estimated,-12.838955699684707
2025-03-29,5868311240.9736,4552187844.2609,162912332.5515,1918497577.168232,12501908994.954233,4,82619.85,131755207.10744435,0.0,0.0,0.0,0,0,0,False,0.0,100.0,131755207.10744435,0.0,100.0,estimated,29.35077884434288
2025-03-30,5758826633.591201,4362760367.4501,176902124.75,1863825835.5473812,12162314961.338682,4,82363.9,187138.7941305311,196843.00655489802,0.0,0.0,0,0,0,False,0.0,-2.527258429187098,187138.7941305311,196843.00655489802,-2.527258429187098,estimated,27.38282756941856
2025-03-31,5680484813.2825,4276966960.2396,179831295.15,1783610121.5153985,11920893190.187498,4,82533.75,54962854.734690264,698991.6340716573,0.0,0.0,0,0,0,False,0.0,97.4884353298638,54962854.734690264,698991.6340716573,97.4884353298638,estimated,37.3549818106166
2025-04-01,6089224449.7664995,4519057501.7315,178910198.2275,1824484112.652638,12611676262.378138,4,85146.55,0.0,7244356.250198304,0.0,0.0,0,0,0,False,0.0,-100.0,0.0,7244356.250198304,-100.0,estimated,34.10330690141187
2025-04-02,5761661441.0536,4359926397.1835,173581955.25000003,2008591809.6300015,12303761603.117102,4,82492.55,8052784.149743209,44484543.53267649,0.0,0.0,0,0,0,False,0.0,-69.34452319912012,8052784.149743209,44484543.53267649,-69.34452319912012,estimated,40.77548103708039
2025-04-03,5953951515.6895,4106290006.3576,162863184.64,1775983475.7010396,11999088182.38814,4,83190.75,35249190.96791351,608215.4412488654,0.0,0.0,0,0,0,False,0.0,96.60758821032047,35249190.96791351,608215.4412488654,96.60758821032047,estimated,40.11046255640964
2025-04-04,6107446814.9189,4043140528.5033,172573455.96269998,1744268918.3087194,12067429717.693619,4,83875.55,756420.1355927028,1892770.6507570243,0.0,0.0,0,0,0,False,0.0,-42.894249859976256,756420.1355927028,1892770.6507570243,-42.894249859976256,estimated,39.54260884306798
2025-04-05,5911179452.6217,4250467229.3237,180983289.6168,1831726685.4170415,12174356656.979242,4,83510.05,645319.3367589322,0.0,0.0,0.0,0,0,0,False,0.0,100.0,645319.3367589322,0.0,100.0,estimated,39.643026861528966
2025-04-06,5732827435.53,3955197139.3847,165314057.9237,1814973362.7564025,11668311995.594803,4,78383.05,463687884.0653571,0.0,0.0,0.0,0,0,0,False,0.0,100.0,463687884.0653571,0.0,100.0,estimated,72.63038643323948
2025-04-07,5609105905.32,4145189174.3374,162506049.624,1659742602.142202,11576543731.423603,4,79145.05,305001975.9362343,0.0,0.0,0.0,0,0,0,False,0.0,100.0,305001975.9362343,0.0,100.0,estimated,89.8174260130581
2025-04-08,5595467942.8564,3613685659.7575,153307146.6564,1690743893.3185918,11053204642.588892,4,76292.4,5898848.0850824015,556400.4919326169,0.0,0.0,0,0,0,False,0.0,82.76129926541411,5898848.0850824015,556400.4919326169,82.76129926541411,estimated,89.87383577542396
2025-04-09,6163641793.363999,4238994646.4382,172974989.32000002,1759115937.133113,12334727366.255314,4,82596.95,5394464.365151506,15107980.781080958,0.0,0.0,0,0,0,False,0.0,-47.37735595266017,5394464.365151506,15107980.781080958,-47.37735595266017,estimated,87.35242100651583
2025-04-10,5851530107.7318,3891463144.03,168606170.13899997,1821128049.9788404,11732727471.87964,4,79561.6,92108526.39952229,0.0,0.0,0.0,0,0,0,False,0.0,100.0,92108526.39952229,0.0,100.0,estimated,88.31397057625769
2025-04-11,6519012512.0463,3945272774.5836,173801950.8452,1956510891.9140408,12594598129.389141,4,83393.4,9298.788766335474,14164623.345698286,0.0,0.0,0,0,0,False,0.0,-99.86879018131862,9298.788766335474,14164623.345698286,-99.86879018131862,estimated,85.70585471826314
2025-04-12,6898648294.2053995,4364946119.788799,181175264.0192,2127143163.8688,13571912841.882196,4,85255.54999999999,153302.44533381454,43357898.671709895,0.0,0.0,0,0,0,False,0.0,-99.29534261800111,153302.44533381454,43357898.671709895,-99.29534261800111,estimated,76.67934968257866
2025-04-13,6489643070.9012,4421690233.9152,177598942.1232,2024053395.997501,13112985642.937101,4,83726.9,11229677.025518158,3405946.124084709,0.0,0.0,0,0,0,False,0.0,53.4567665582845,11229677.025518158,3405946.124084709,53.4567665582845,estimated,76.40172271853302
2025-04-14,6410447502.4036,4145289101.3002,174278269.76639998,2051660372.600001,12781675246.0702,4,84564.95,0.0,628033.9702552388,0.0,0.0,0,0,0,False,0.0,-100.0,0.0,628033.9702552388,-100.0,estimated,75.18950583570259
2025-04-15,6472685565.9844,4153935611.8962,165978229.1843,2145558483.0036013,12938157890.0685,4,83624.85,19612.147530236685,46758311.2326172,0.0,0.0,0,0,0,False,0.0,-99.91614784875826,19612.147530236685,46758311.2326172,-99.91614784875826,estimated,68.89208970518403
2025-04-16,6410246732.530001,4180199315.978,172206092.01599997,2034734947.37617,12797387087.900171,4,84012.05,102293.22356909371,519723.67144552537,0.0,0.0,0,0,0,False,0.0,-67.1091816351099,102293.22356909371,519723.67144552537,-67.1091816351099,estimated,75.74617526295297
2025-04-17,6620908993.469999,4167456484.6915,171726663.3594,2056717968.7681904,13016810110.28909,4,84927.0,0.0,103657.16994399985,0.0,0.0,0,0,0,False,0.0,-100.0,0.0,103657.16994399985,-100.0,estimated,74.98863570284075
2025-04-18,6449039308.030999,4193092407.238,172130004.9008,2090501727.5554216,12904763447.725222,4,84442.5,39389.29691301222,0.0,0.0,0.0,0,0,0,False,0.0,100.0,39389.29691301222,0.0,100.0,estimated,75.29915364937372
2025-04-19,6731033498.624001,4238715011.703,173751379.9896,2126844625.009883,13270344515.326483,4,85070.05,0.0,1254772.1902658879,0.0,0.0,0,0,0,False,0.0,-100.0,0.0,1254772.1902658879,-100.0,estimated,75.06547378344686
2025-04-20,6587516229.5472,4255028606.2735,175767599.2135,2091960840.5559509,13110273275.590149,4,85169.25,394936.5133614261,0.0,0.0,0.0,0,0,0,False,0.0,100.0,394936.5133614261,0.0,100.0,estimated,53.916104335258865
2025-04-21,7179120589.476001,4434372256.2924,182345480.0775,2569565607.0109525,14365403932.856853,4,87488.05,0.0,157034312.1532254,0.0,0.0,0,0,0,False,0.0,-100.0,0.0,157034312.1532254,-100.0,estimated,-42.07022566850426
2025-04-22,7895155560.681099,4872678093.4,210926667.6817,2874748966.822999,15853509288.585798,4,93433.04999999999,214405.46680550728,922266069.5429159,0.0,0.0,0,0,0,False,0.0,-99.95351544610129,214405.46680550728,922266069.5429159,-99.95351544610129,estimated,-83.31147535424225
2025-04-23,7641262497.9672,4861320571.2671995,196088375.77049997,2708642383.655608,15407313828.660507,4,93659.4,4848772.898149856,51835806.75303101,0.0,0.0,0,0,0,False,0.0,-82.89209189522906,4848772.898149856,51835806.75303101,-82.89209189522906,estimated,-83.83942164617473
2025-04-24,7781189573.8556,4841264046.5585,201490672.5528,2722643986.0061975,15546588278.973097,4,93952.8,0.0,0.0,0.0,0.0,0,0,0,False,0.0,0.0,0.0,0.0,0.0,none,-97.29617171602301
2025-04-25,8133262902.266401,4968539308.2654,210777871.8396,2892029031.1064763,16204609113.477877,4,94599.04999999999,108936.71310509258,70717229.12259293,0.0,0.0,0,0,0,False,0.0,-99.69238285930145,108936.71310509258,70717229.12259293,-99.69238285930145,estimated,-97.39750331646061
2025-04-26,7931769544.8459,5077065099.4074,210124134.428,2768247686.9532175,15987206465.634516,4,94580.15,107574.65814538664,102106.36582892665,0.0,0.0,0,0,0,False,0.0,2.6079099638171734,107574.65814538664,102106.36582892665,2.6079099638171734,estimated,-97.31607908770444
2025-04-27,7882132395.613701,4944606063.299999,202944462.083,2744242175.567865,15773925096.564566,4,93704.0,434173.9290945472,16073.235137829311,0.0,0.0,0,0,0,False,0.0,92.86026146761746,434173.9290945472,16073.235137829311,92.86026146761746,estimated,-99.00277312425666
2025-04-28,7776752429.537,4984390399.587899,211075286.4,2689623640.7685475,15661841756.293446,4,94969.35,1843103.6381340201,381196.51692166366,0.0,0.0,0,0,0,False,0.0,65.72436358867935,1843103.6381340201,381196.51692166366,65.72436358867935,estimated,-98.71127270964816
2025-04-29,7718114597.1189,4902370624.2,212022719.0128,2709583249.8546104,15542091190.186312,4,94200.05,34481.5390570837,0.0,0.0,0.0,0,0,0,False,0.0,100.0,34481.5390570837,0.0,100.0,estimated,-98.65913186135995
2025-04-30,7534045590.289599,4923896864.544,210941599.3716,2717334121.968699,15386218176.173897,4,94121.55,133595.93442011057,15981.945530718489,0.0,0.0,0,0,0,False,0.0,78.63060295282665,133595.93442011057,15981.945530718489,78.63060295282665,estimated,-98.653443193186
2025-05-01,8290724588.230501,4911309824.7448,241502901.591,2889422203.3568926,16332959517.923191,4,96437.1,0.0,171809346.5316614,0.0,0.0,0,0,0,False,0.0,-100.0,0.0,171809346.5316614,-100.0,estimated,-98.82055273162219
2025-05-02,8346117299.2968,5208304448.364,232935770.0412,2873383779.214091,16660741296.916092,4,96835.25,0.0,41989723.57454653,0.0,0.0,0,0,0,False,0.0,-100.0,0.0,41989723.57454653,-100.0,estimated,-98.8607872827224
2025-05-03,8020486632.094299,4713318612.1395,222377082.348,2692622152.4612465,15648804479.043045,4,95809.4,695063.6507646949,0.0,0.0,0.0,0,0,0,False,0.0,100.0,695063.6507646949,0.0,100.0,estimated,-98.76278585537037
2025-05-04,7706120690.7668,4569484604.1202,219597334.7271,2582191677.338004,15077394306.952106,4,94231.1,18185261.98133833,0.0,0.0,0.0,0,0,0,False,0.0,100.0,18185261.98133833,0.0,100.0,estimated,-96.31191234891331
2025-05-05,7612429550.7994995,4607551990.682,206200222.2994,2582226077.6530404,15008407841.433939,4,94697.7,5853.532700996592,0.0,0.0,0.0,0,0,0,False,0.0,100.0,5853.532700996592,0.0,100.0,estimated,-95.86057438136632
2025-05-06,7988844289.446899,4649801141.967999,212122152.1302,2498419726.801573,15349187310.34667,4,96798.95,7401883.824865235,195995.42639422778,0.0,0.0,0,0,0,False,0.0,94.840785963748,7401883.824865235,195995.42639422778,94.840785963748,estimated,-81.77290336747427
2025-05-07,7898853136.905999,4641282503.6864,200177400.8997,2670841253.3291287,15411154294.821228,4,96988.25,556570.2938350867,1324618.6708406857,0.0,0.0,0,0,0,False,0.0,-40.82781641970635,556570.2938350867,1324618.6708406857,-40.82781641970635,estimated,-81.32847280638634
2025-05-08,8207928223.917801,4975864887.36,240539701.8535,2640980834.187156,16065313647.318459,4,103237.05,0.0,1127729167.0196733,0.0,0.0,0,0,0,False,0.0,-100.0,0.0,1127729167.0196733,-100.0,estimated,-95.91262692855062
2025-05-09,8077260315.3197,4745932006.8096,233566888.1425,2344495500.2964044,15401254710.568203,4,102944.04999999999,662663.5581813153,5085653.328456118,0.0,0.0,0,0,0,False,0.0,-76.94408393796985,662663.5581813153,5085653.328456118,-76.94408393796985,estimated,-95.63936946904494
2025-05-10,8377724457.3744,4862662582.967,241488671.9322,2447602171.4726467,15929477883.746246,4,104788.3,0.0,146082734.57076806,0.0,0.0,0,0,0,False,0.0,-100.0,0.0,146082734.57076806,-100.0,estimated,-96.07070929181332
2025-05-11,8464196889.9912,4842013819.12,256295041.15,2421457876.821845,15983963627.083044,4,104076.35,460859.23281677294,0.0,0.0,0.0,0,0,0,False,0.0,100.0,460859.23281677294,0.0,100.0,estimated,-96.06723599748466
2025-05-12,8385378344.9253,5064356402.014,248034929.2956,2519759425.186686,16217529101.421587,4,102743.0,27438168.40508899,106952874.46628746,0.0,0.0,0,0,0,False,0.0,-59.16667090477209,27438168.40508899,106952874.46628746,-59.16667090477209,estimated,-93.29119664099223
2025-05-13,8562726845.772,5065276995.1476,264169737.3052,2653005485.236746,16545179063.461548,4,104085.05,440354.8643747311,1633267.1446193713,0.0,0.0,0,0,0,False,0.0,-57.52795230136047,440354.8643747311,1633267.1446193713,-57.52795230136047,estimated,-93.25050789770766
2025-05-14,8300020322.8291,5100798159.265,255924659.26,2518383599.7833858,16175126741.137487,4,103454.15,523286.6352865414,0.0,0.0,0.0,0,0,0,False,0.0,100.0,523286.6352865414,0.0,100.0,estimated,-93.20505406009029
2025-05-15,8247654061.429501,5121781198.26,255320082.504,2439768179.847604,16064523522.041105,4,103719.2,5311443.701576674,11146.355234793724,0.0,0.0,0,0,0,False,0.0,99.58116799844358,5311443.701576674,11146.355234793724,99.58116799844358,estimated,-91.73551767876349
2025-05-16,8300153450.0454,4926363378.0794,248671055.6656,2682675839.0791283,16157863722.869528,4,103411.85,6710.09185031288,41040.313951018354,0.0,0.0,0,0,0,False,0.0,-71.89514209269481,6710.09185031288,41040.313951018354,-71.89514209269481,estimated,-91.49566104924588
2025-05-17,8099502556.7508,5136776993.6832,233191453.418,2492868454.1820064,15962339458.034006,4,103087.1,163763.30186792836,0.0,0.0,0.0,0,0,0,False,0.0,100.0,163763.30186792836,0.0,100.0,estimated,-91.56581742579732
2025-05-18,8615495530.1844,5173212597.8542,239914131.9705,2747283447.758253,16775905707.767353,4,106431.55,0.0,96654664.98484236,0.0,0.0,0,0,0,False,0.0,-100.0,0.0,96654664.98484236,-100.0,estimated,-94.37796255717254
2025-05-19,8689453370.4384,5358892050.048,246296338.60260004,2719683348.172569,17014325107.26157,4,105536.25,37253115.53286758,30632566.578866526,0.0,0.0,0,0,0,False,0.0,9.75249676817593,37253115.53286758,30632566.578866526,9.75249676817593,estimated,-89.95105834996576
2025-05-20,8952524683.7059,5635173502.717199,226144296.5112,2943349410.333858,17757191893.268158,4,106804.15,320854.0738553181,6459919.198602967,0.0,0.0,0,0,0,False,0.0,-90.53635740458856,320854.0738553181,6459919.198602967,-90.53635740458856,estimated,-90.83340139952433
2025-05-21,9533751335.6085,5868660904.3562,233206992.51,3246432048.336011,18882051280.810707,4,109609.3,215452.10023330734,419103380.08054495,0.0,0.0,0,0,0,False,0.0,-99.89723709802739,215452.10023330734,419103380.08054495,-99.89723709802739,estimated,-92.76800286860362
2025-05-22,9829474081.2036,6007851343.998,255136956.624,3319449808.7919755,19411912190.617577,4,111654.6,0.0,248493256.94346982,0.0,0.0,0,0,0,False,0.0,-100.0,0.0,248493256.94346982,-100.0,estimated,-87.16048276794999
2025-05-23,9014440143.877,5898912399.0365,243768620.0376,3013534613.852223,18170655776.803326,4,107274.1,41982975.96665064,0.0,0.0,0.0,0,0,0,False,0.0,100.0,41982975.96665064,0.0,100.0,estimated,-80.4958544838509
2025-05-24,9291633315.1119,5981022350.884,242338562.781,3131375122.4169407,18646369351.19384,4,107720.0,0.0,0.0,0.0,0.0,0,0,0,False,0.0,0.0,0.0,0.0,0.0,none,-77.71368339070118
2025-05-25,9583447933.6993,6139460289.525,238380120.6908,3103866981.812392,19065155325.727493,4,108969.2,21197083.467329487,396118.4786547847,0.0,0.0,0,0,0,False,0.0,96.331081609428,21197083.467329487,396118.4786547847,96.331081609428,estimated,-74.1964884266334
2025-05-26,9863222235.9872,6304668669.767401,239632111.2072,3278255569.494095,19685778586.455894,4,109389.35,0.0,5575746.309979079,0.0,0.0,0,0,0,False,0.0,-100.0,0.0,5575746.309979079,-100.0,estimated,-76.55758463223735
2025-05-27,9452589972.6596,6324527127.744,247392726.8328,3237845101.2198615,19262354928.45626,4,108892.4,3184744.3333693193,1753682.6820661917,0.0,0.0,0,0,0,False,0.0,28.97808648037547,3184744.3333693193,1753682.6820661917,28.97808648037547,estimated,-76.03356643704082
2025-05-28,9395605550.307,6289817883.3466,255493806.529,3227178449.303658,19168095689.486256,4,107731.0,7586347.046029389,0.0,0.0,0.0,0,0,0,False,0.0,100.0,7586347.046029389,0.0,100.0,estimated,-74.69136991115853
2025-05-29,9037632188.7226,6522356911.1,253311103.2186,3188651001.606367,19001951204.64757,4,105549.2,55139145.46019101,13144.478592786929,0.0,0.0,0,0,0,False,0.0,99.9523338791286,55139145.46019101,13144.478592786929,99.9523338791286,estimated,-65.77449496553427
2025-05-30,8566929270.9,6407296993.734,223162115.2228,3081198360.1804748,18278586740.037273,4,103967.8,133223655.30175889,87434.98541784586,0.0,0.0,0,0,0,False,0.0,99.86882563899299,133223655.30175889,87434.98541784586,99.86882563899299,estimated,-45.870360786868346
2025-05-31,8734667553.485899,5953478641.3914,225097453.545,3084765480.7720127,17998009129.194313,4,104558.05,20295192.082542904,0.0,0.0,0.0,0,0,0,False,0.0,100.0,20295192.082542904,0.0,100.0,estimated,-43.27062572771641
2025-06-01,8742516642.097399,6093797739.12,227084317.3998,3023170600.7100115,18086569299.32721,4,105600.2,67281.00046528327,238018.36110794105,0.0,0.0,0,0,0,False,0.0,-55.92457179171251,67281.00046528327,238018.36110794105,-55.92457179171251,estimated,-37.967495591295624
2025-06-02,8676390822.005602,6123645316.4768,221080755.3423,3010000498.642811,18031117392.467514,4,105820.79999999999,1231961.003140398,0.0,0.0,0.0,0,0,0,False,0.0,100.0,1231961.003140398,0.0,100.0,estimated,-41.1432079419817
2025-06-03,8688101370.7607,5951108651.1006,229756554.1886,3071328236.7768164,17940294812.826717,4,105334.8,47304.75166025218,1191227.2842750452,0.0,0.0,0,0,0,False,0.0,-92.36115816341734,47304.75166025218,1191227.2842750452,-92.36115816341734,estimated,-40.86070832170073
2025-06-04,8453893404.6168,5985254729.26,224339207.1011,2993652920.9469733,17657140261.924873,4,104642.65,264915.98990698304,31287.94244625404,0.0,0.0,0,0,0,False,0.0,78.8740532931604,264915.98990698304,31287.94244625404,78.8740532931604,estimated,4.878351177280929
2025-06-05,8344524954.039001,5666287631.004,185153192.8008,2991039830.5771084,17187005608.42091,4,101458.20000000001,303155891.97453773,51337.50122913052,0.0,0.0,0,0,0,False,0.0,99.96613702033565,303155891.97453773,51337.50122913052,99.96613702033565,estimated,96.87019568651864
2025-06-06,8819275026.720001,6107393907.1275,188597897.6201,2997956434.608968,18113223266.076565,4,104237.4,0.0,0.0,0.0,0.0,0,0,0,False,0.0,0.0,0.0,0.0,0.0,none,96.63332704928987
2025-06-07,8778648667.6875,6149334072.2418,203385319.137,3018211335.344492,18149579394.410793,4,105505.2,0.0,4282781.5733884955,0.0,0.0,0,0,0,False,0.0,-100.0,0.0,4282781.5733884955,-100.0,estimated,95.12685827599435
2025-06-08,8719300487.716501,5984103906.3564,205079045.7348,3115475292.779891,18023958732.58759,4,105678.25,25470.203069434465,330531.20296535495,0.0,0.0,0,0,0,False,0.0,-85.69095366609567,25470.203069434465,330531.20296535495,-85.69095366609567,estimated,94.95880643319983
2025-06-09,9524340684.1542,6207403566.4844,218774764.6,3214272732.8787346,19164791748.117332,4,110223.95,0.0,149348640.76450676,0.0,0.0,0,0,0,False,0.0,-100.0,0.0,149348640.76450676,-100.0,estimated,53.83226829515023
2025-06-10,9313932803.197,6344973885.802501,225733512.1671,3077378340.2995267,18962018541.466125,4,110236.4,5573846.774866877,0.0,0.0,0.0,0,0,0,False,0.0,100.0,5573846.774866877,0.0,100.0,estimated,54.38940777167599
2025-06-11,8936030454.0,6008805275.288401,214838868.978,3096003430.1952024,18255678028.461605,4,108605.55,778221.8336655654,0.0,0.0,0.0,0,0,0,False,0.0,100.0,778221.8336655654,0.0,100.0,estimated,53.929631247824375
2025-06-12,8391102387.8654995,5994569518.4457,210401706.141,2887120704.251612,17483194316.70381,4,105610.25,43896779.17448221,0.0,0.0,0.0,0,0,0,False,0.0,100.0,43896779.17448221,0.0,100.0,estimated,53.15279083774818
2025-06-13,8322562550.532499,5692280577.286,212733656.1984,2731839684.310206,16959416468.327106,4,106025.20000000001,128169355.28646849,0.0,0.0,0.0,0,0,0,False,0.0,100.0,128169355.28646849,0.0,100.0,estimated,52.813798876236554
2025-06-14,8239925529.018399,5444932869.8712,226081816.064,2669956723.2089486,16580896938.162546,4,105361.65,13072.764302339696,0.0,0.0,0.0,0,0,0,False,0.0,100.0,13072.764302339696,0.0,100.0,estimated,51.315381356268006
2025-06-15,8297377519.5678,5535039251.502601,217960991.3668,2631249843.392008,16681627605.829208,4,105543.9,18260.332554236964,4470.374553374045,0.0,0.0,0,0,0,False,0.0,60.66664770074652,18260.332554236964,4470.374553374045,60.66664770074652,estimated,51.36699798763517
2025-06-16,8323533421.9637,5549122388.0736,224038741.5136,2783057641.076441,16879752192.62734,4,106757.35,55665.391612859275,2515746.601024992,0.0,0.0,0,0,0,False,0.0,-95.67044162722786,55665.391612859275,2515746.601024992,-95.67044162722786,estimated,50.68234850591068
2025-06-17,8000078307.804,5688222319.4145,226803590.2566,2767595275.3159256,16682699492.791025,4,104514.6,4456065.1892941315,258722.71735201153,0.0,0.0,0,0,0,False,0.0,89.0250538316981,4456065.1892941315,258722.71735201153,89.0250538316981,estimated,51.23882301278789
2025-06-18,8018476156.6064,5695582866.8031,223816335.846,2705818331.377384,16643693690.632885,4,104840.75,181438.78305491048,178805.40657455154,0.0,0.0,0,0,0,False,0.0,0.7309976277667567,181438.78305491048,178805.40657455154,0.7309976277667567,estimated,51.197814128454034
2025-06-19,8137560375.214401,5609858600.6044,235370677.95,2744052214.6529174,16726841868.42172,4,104605.65,37911.375365151376,0.0,0.0,0.0,0,0,0,False,0.0,100.0,37911.375365151376,0.0,100.0,estimated,7.728431530257811
2025-06-20,8001950424.2338,5593824088.388599,220632603.1098,2741486913.737015,16557894029.469213,4,103248.1,9092992.911013987,1621049.0147089413,0.0,0.0,0,0,0,False,0.0,69.73972986204156,9092992.911013987,1621049.0147089413,69.73972986204156,estimated,9.622149397463673
2025-06-21,7702917004.6884,5670674588.2723,211369229.2376,2638875916.012544,16223836738.210846,4,102081.85,39828703.456073925,0.0,0.0,0.0,0,0,0,False,0.0,100.0,39828703.456073925,0.0,100.0,estimated,20.153387510619847
2025-06-22,7939306413.3045,5675400091.7082,193711111.8,2541069033.925733,16349486650.738432,4,100904.5,479551793.0102191,103458.77866248987,0.0,0.0,0,0,0,False,0.0,99.95686119216806,479551793.0102191,103458.77866248987,99.95686119216806,estimated,64.41410127979684
2025-06-23,7644895649.8057,5662142629.227,208832027.2974,2573726047.9581013,16089596354.2882,4,105289.5,342110.2355942705,22667678.014486913,0.0,0.0,0,0,0,False,0.0,-97.02639388180322,342110.2355942705,22667678.014486913,-97.02639388180322,estimated,92.60158966065262
2025-06-24,8000111592.059,5365862682.4574995,210134396.7777,2607574457.71759,16183683129.01179,4,106044.5,11803.895020698299,43927.18756596149,0.0,0.0,0,0,0,False,0.0,-57.63981436268109,11803.895020698299,43927.18756596149,-57.63981436268109,estimated,92.53398428233605
2025-06-25,8220183455.52,5630752027.648,198671991.5551,2796220426.112406,16845827900.835505,4,107279.0,0.0,22480816.916002907,0.0,0.0,0,0,0,False,0.0,-100.0,0.0,22480816.916002907,-100.0,estimated,86.7974445401062
2025-06-26,8308368830.080799,5759767102.2999,198588257.337,2779849204.6500072,17046573394.367706,4,106914.5,187628.05670880937,4038189.1382660745,0.0,0.0,0,0,0,False,0.0,-91.11991607531313,187628.05670880937,4038189.1382660745,-91.11991607531313,estimated,84.93758852539537
2025-06-27,8061008913.289299,5776025764.2996,199119585.8275,2703107972.689155,16739262236.105553,4,107006.54999999999,661412.4347005247,67180.09162870291,0.0,0.0,0,0,0,False,0.0,81.55894023037332,661412.4347005247,67180.09162870291,81.55894023037332,estimated,81.65251182436573
2025-06-28,8099035284.138,5640854293.872,202437744.6708,2624258725.791364,16566586048.472162,4,107241.0,0.0,0.0,0.0,0.0,0,0,0,False,0.0,0.0,0.0,0.0,0.0,none,81.65210419348155
2025-06-29,8438903803.7902,5704775335.93,211614899.2041,2798298168.6613235,17153592207.585623,4,108312.3,0.0,8461473.47380302,0.0,0.0,0,0,0,False,0.0,-100.0,0.0,8461473.47380302,-100.0,estimated,79.0776191119185
2025-06-30,8184042317.4048,5665009134.6756,214608934.653,2700882130.1307435,16764542516.864143,4,107084.65,2514019.6610345086,4791412.217690102,0.0,0.0,0,0,0,False,0.0,-31.173961984204862,2514019.6610345086,4791412.217690102,-31.173961984204862,estimated,78.48569951753673
2025-07-01,7855900607.8732,5476834271.25,211456454.2908,2743730678.332806,16287922011.746805,4,105641.75,14691994.825673249,0.0,0.0,0.0,0,0,0,False,0.0,100.0,14691994.825673249,0.0,100.0,estimated,78.92130518359086
2025-07-02,8851967891.199999,5664901745.828,207406459.8815,2923231044.130006,17647507141.039505,4,108801.5,274767.56463743246,23290553.292143866,0.0,0.0,0,0,0,False,0.0,-97.66803459789631,274767.56463743246,23290553.292143866,-97.66803459789631,estimated,72.40985022936455
2025-07-03,9084943291.982,6344558881.26,232068819.02999997,3091903504.336418,18753474496.608418,4,109547.0,0.0,32930012.567995835,0.0,0.0,0,0,0,False,0.0,-100.0,0.0,32930012.567995835,-100.0,estimated,63.904676563967946
2025-07-04,8581473271.5268,6254841428.1606,226957363.128,2837142659.670886,17900414722.486286,4,107944.65,11089483.44999884,0.0,0.0,0.0,0,0,0,False,0.0,100.0,11089483.44999884,0.0,100.0,estimated,64.41028602152305
2025-07-05,8575743735.694,6142657398.0772,219559375.0656,2888754504.810359,17826715013.64716,4,108150.6,0.0,0.0,0.0,0.0,0,0,0,False,0.0,0.0,0.0,0.0,0.0,none,62.15385047926907
2025-07-06,8504981161.750201,6178530584.052,219526094.9035,2875917013.9328876,17778954854.638588,4,109153.15,0.0,87719.97865388679,0.0,0.0,0,0,0,False,0.0,-100.0,0.0,87719.97865388679,-100.0,estimated,-59.937047923131544
2025-07-07,8465187015.0701,6163760909.4,213229527.9582,2775211730.6963167,17617389183.124615,4,108206.9,285581.23707503814,0.0,0.0,0.0,0,0,0,False,0.0,100.0,285581.23707503814,0.0,100.0,estimated,-52.79617372684977
2025-07-08,8502794009.4048,6053995982.9129,216243881.8407,2774012588.564007,17547046462.722404,4,108880.15,0.0,0.0,0.0,0.0,0,0,0,False,0.0,0.0,0.0,0.0,0.0,none,-52.79402882004657
2025-07-09,9524716012.2002,5989035471.2895,217014638.2308,2764023353.8616447,18494789475.582146,4,111204.79999999999,20135.948803755935,147209599.01752582,0.0,0.0,0,0,0,False,0.0,-99.97264689933951,20135.948803755935,147209599.01752582,-99.97264689933951,estimated,-76.27702694754775
2025-07-10,9870155125.6768,6481197724.086301,234539965.5956,2981132763.736589,19567025579.095287,4,115991.55,483787.38804766827,1342971668.9679172,0.0,0.0,0,0,0,False,0.0,-99.92797864852774,483787.38804766827,1342971668.9679172,-99.92797864852774,estimated,-96.22334874000569
2025-07-11,10316474150.0,6275117393.544,243725844.4648,3244724016.197727,20080041404.206528,4,117508.9,405866.9562665063,155143642.10146138,0.0,0.0,0,0,0,False,0.0,-99.4781507717702,405866.9562665063,155143642.10146138,-99.4781507717702,estimated,-96.58778463192743
2025-07-12,10333406194.0795,6546634221.3705,245535502.7955,3177572675.8784823,20303148594.123985,4,117394.0,283705.00476590317,228983.47665783536,0.0,0.0,0,0,0,False,0.0,10.673445979536316,283705.00476590317,228983.47665783536,10.673445979536316,estimated,-96.55627379133664
2025-07-13,10644022434.9804,6626529136.2276,253456090.11,3258814276.6459246,20782821937.963924,4,119050.1,0.0,131824067.95729172,0.0,0.0,0,0,0,False,0.0,-100.0,0.0,131824067.95729172,-100.0,estimated,-96.78363309597854
2025-07-14,11151091487.5035,6942033324.2256,265004345.5664,3325789853.973069,21683919011.268566,4,119840.85,0.0,567131792.6013346,0.0,0.0,0,0,0,False,0.0,-100.0,0.0,567131792.6013346,-100.0,estimated,-97.73218158425037
2025-07-15,10563038097.942,6907504156.7286,254975608.6834,3287785295.8308883,21013303159.184887,4,117752.79999999999,40226750.49092578,0.0,0.0,0.0,0,0,0,False,0.0,100.0,40226750.49092578,0.0,100.0,estimated,-95.67461306396132
2025-07-16,10618896962.9963,7399500875.4069,260670365.7888,3294543050.184886,21573611254.376884,4,118643.6,0.0,0.0,0.0,0.0,0,0,0,False,0.0,0.0,0.0,0.0,0.0,none,-95.65528410152673
2025-07-17,10678969047.9862,6892875923.209,260281623.49120003,3328844598.403209,21160971193.089607,4,119216.85,1183380.6128267455,4952051.31049522,0.0,0.0,0,0,0,False,0.0,-61.42470073448336,1183380.6128267455,4952051.31049522,-61.42470073448336,estimated,-95.50837883090779
2025-07-18,10533617380.3068,6988285827.3064,258612949.8855,3075602374.7532043,20856118532.251907,4,117958.85,3948265.5711906063,158746.03588995847,0.0,0.0,0,0,0,False,0.0,92.26951121266484,3948265.5711906063,158746.03588995847,92.26951121266484,estimated,-96.0912514760612
2025-07-19,10331191272.688,6850652910.2412,256265225.39099997,3092583581.4329453,20530692989.753143,4,117856.05,46168.72935129463,36376.62551434837,0.0,0.0,0,0,0,False,0.0,11.862695184828532,46168.72935129463,36376.62551434837,11.862695184828532,estimated,-96.0875332954516
2025-07-20,10464433667.424,6887050669.776,257250043.214,3131552396.520859,20740286776.93486,4,117298.04999999999,166567.0508249516,137681.7823106728,0.0,0.0,0,0,0,False,0.0,9.49396197072765,166567.0508249516,137681.7823106728,9.49396197072765,estimated,-96.07398788442804
2025-07-21,10595171549.203798,7003553213.148,275648917.986,3077914404.6514897,20952288084.98929,4,117402.45,104663.04736757303,1843536.5441715205,0.0,0.0,0,0,0,False,0.0,-89.25540813968775,104663.04736757303,1843536.5441715205,-89.25540813968775,estimated,-96.09179524957602
2025-07-22,10808850945.531898,7111468214.9996,261225692.0601,3149922941.8927693,21331467794.484367,4,120043.8,2795939.018639774,7842628.6200377075,0.0,0.0,0,0,0,False,0.0,-47.43767932677547,2795939.018639774,7842628.6200377075,-47.43767932677547,estimated,-95.87694313928435
2025-07-23,10348447992.1565,6730676570.288799,263022589.3293,3093240231.2859354,20435387383.060535,4,118766.1,3656039.9687734563,0.0,0.0,0.0,0,0,0,False,0.0,100.0,3656039.9687734563,0.0,100.0,estimated,-95.29468703276785
2025-07-24,10598536168.9064,6596994730.592,248535695.716,3216557612.193674,20660624207.408077,4,118346.65,6732223.646101468,900.4815396441101,0.0,0.0,0,0,0,False,0.0,99.97325219251647,6732223.646101468,900.4815396441101,99.97325219251647,estimated,-87.17778510395455
2025-07-25,10759541897.757,6459304773.1187,252209540.289,3358991082.7355676,20830047293.900272,4,117622.75,88929557.59583417,0.0,0.0,0.0,0,0,0,False,0.0,100.0,88929557.59583417,0.0,100.0,estimated,-65.65342049289981
2025-07-26,10525811845.8636,7654233910.7184,250802913.2608,2981456962.8039346,21412305632.646736,4,117903.4,0.0,153119.5996472761,0.0,0.0,0,0,0,False,0.0,-100.0,0.0,153119.5996472761,-100.0,estimated,-65.7049259591697
2025-07-27,10794851065.4982,7371247823.8112,255782817.6423,3104543949.8200474,21526425656.771748,4,119450.95,0.0,10968162.093011811,0.0,0.0,0,0,0,False,0.0,-100.0,0.0,10968162.093011811,-100.0,estimated,-60.1115644902051
2025-07-28,10837020435.5644,7303514871.367499,266998822.87230003,3244551856.4619293,21652085986.26613,4,118084.0,3659464.1115654903,2451.399202438486,0.0,0.0,0,0,0,False,0.0,99.86611383057691,3659464.1115654903,2451.399202438486,99.86611383057691,estimated,70.60384425550335
2025-07-29,10724054129.061,6853076023.277,268045284.5364,3093455471.6748247,20938630908.549225,4,117932.05,3260140.118819704,390307.01768097596,0.0,0.0,0,0,0,False,0.0,78.61593371517087,3260140.118819704,390307.01768097596,78.61593371517087,estimated,62.42283098652025
2025-07-30,10773470612.688,6828967156.564,263610396.7102,3121252705.055525,20987300871.017727,4,117788.20000000001,17158907.81443344,576.1235786871745,0.0,0.0,0,0,0,False,0.0,99.993285071034,17158907.81443344,576.1235786871745,99.993285071034,estimated,66.49984577773496
2025-07-31,10441746346.8826,7038989484.875,273486472.0225,3149211257.381705,20903433561.161804,4,115701.95000000001,1066542.5655451731,256520.51274601973,0.0,0.0,0,0,0,False,0.0,61.223237658883235,1066542.5655451731,256520.51274601973,61.223237658883235,estimated,71.57363891493019
2025-08-01,10078952650.6528,6809463833.87,261362180.2623,2939847130.4993157,20089625795.284416,4,113249.45,327889062.25470394,0.0,0.0,0.0,0,0,0,False,0.0,100.0,327889062.25470394,0.0,100.0,estimated,90.93172396231711
2025-08-02,9645122341.392,7436107699.396874,261764439.33079997,2962614926.1331058,20305609406.25278,4,112513.4,233240519.87244707,0.0,0.0,0.0,0,0,0,False,0.0,100.0,233240519.87244707,0.0,100.0,estimated,93.91884080244462
2025-08-03,9726203846.0944,7462395199.275001,266963958.8514,2914154292.363766,20369717296.584564,4,114151.65,14801578.38522692,6605379.488636687,0.0,0.0,0,0,0,False,0.0,38.28754624961081,14801578.38522692,6605379.488636687,38.28754624961081,estimated,92.32562618369978
2025-08-04,9755250131.0973,7167326532.962,265823181.5544,2906503402.139242,20094903247.75294,4,115004.05,0.0,11841062.365521349,0.0,0.0,0,0,0,False,0.0,-100.0,0.0,11841062.365521349,-100.0,estimated,89.73057616460964
2025-08-05,9564252647.1048,6778502825.3352,270103646.0538,2960414704.279207,19573273822.773006,4,114077.70000000001,730058.7526718923,0.0,0.0,0.0,0,0,0,False,0.0,100.0,730058.7526718923,0.0,100.0,estimated,91.7361630106232
2025-08-06,9627470228.805,7016771987.038,264851755.6055,2795163633.6602325,19704257605.108734,4,114943.5,48950.708282144325,213136.33137592662,0.0,0.0,0,0,0,False,0.0,-62.645456756650496,48950.708282144325,213136.33137592662,-62.645456756650496,estimated,91.63907602128215
2025-08-07,9743636925.8462,7104143838.764999,272514564.82500005,2921612463.7650948,20041907793.201298,4,117424.35,285140.0414685701,30964139.32502723,0.0,0.0,0,0,0,False,0.0,-98.17506165102618,285140.0414685701,30964139.32502723,-98.17506165102618,estimated,83.68166692297785
2025-08-08,9589868390.5206,7427333987.180301,281555590.5147,2905176066.9967246,20203934035.212326,4,116626.65,1008822.0376404971,0.0,0.0,0.0,0,0,0,False,0.0,100.0,1008822.0376404971,0.0,100.0,estimated,81.52271317593829
2025-08-09,9779690524.8431,7339197304.623,281339373.0014,2949252052.395845,20349479254.863342,4,116436.1,0.0,33463681.88821859,0.0,0.0,0,0,0,False,0.0,-100.0,0.0,33463681.88821859,-100.0,estimated,72.85812370953188
2025-08-10,10369680873.9731,7655563295.2916,292897562.4498,3111546611.797558,21429688343.51206,4,119288.9,0.0,45224922.04793156,0.0,0.0,0,0,0,False,0.0,-100.0,0.0,45224922.04793156,-100.0,estimated,64.76979241442113
2025-08-11,10644882041.6172,7130961378.18,263245202.6802,3228443732.096707,21267532354.57411,4,118669.5,2927637.589786807,284384476.38576096,0.0,0.0,0,0,0,False,0.0,-97.96205071253209,2927637.589786807,284384476.38576096,-97.96205071253209,estimated,18.61393124106859
2025-08-12,10683237200.844,7199272719.884001,282649242.7252,3026531470.4956846,21191690633.948887,4,120099.25,0.0,959052.4648872032,0.0,0.0,0,0,0,False,0.0,-100.0,0.0,959052.4648872032,-100.0,estimated,18.285433638338286
2025-08-13,11499130981.2631,7862644956.06,296710247.80079997,3241790568.7353277,22900276753.85923,4,123354.85,364120.5492697958,274661767.91251624,0.0,0.0,0,0,0,False,0.0,-99.73520998237197,364120.5492697958,274661767.91251624,-99.73520998237197,estimated,-8.356963545546868
2025-08-14,10869254135.0612,7887854709.984601,253823811.7197,3075527280.122005,22086459936.887505,4,118255.1,226044311.14327976,134674490.07101095,0.0,0.0,0,0,0,False,0.0,25.32993034038975,226044311.14327976,134674490.07101095,25.32993034038975,estimated,-0.9600439648895317
2025-08-15,10440274837.5312,7421148095.9616,260876513.32919997,2841660469.3721323,20963959916.194134,4,117282.95000000001,2821959.066610459,8415.57363055721,0.0,0.0,0,0,0,False,0.0,99.40533853639667,2821959.066610459,8415.57363055721,99.40533853639667,estimated,-26.10390802086704
2025-08-16,10626027521.2083,7552773224.9809,258253037.465,2787311068.255882,21224364851.910084,4,117328.7,0.0,0.0,0.0,0.0,0,0,0,False,0.0,0.0,0.0,0.0,0.0,none,-53.54013271050516
2025-08-17,10509916229.4064,7521673761.7116,255269918.904,2816130657.9954014,21102990568.017403,4,117354.70000000001,0.0,440702.69627621706,0.0,0.0,0,0,0,False,0.0,-100.0,0.0,440702.69627621706,-100.0,estimated,-55.42985670826843
2025-08-18,10164257415.5512,7321940674.36,264387018.608,2786532525.5040035,20537117634.02321,4,116184.65,213534024.3353624,0.0,0.0,0.0,0,0,0,False,0.0,100.0,213534024.3353624,0.0,100.0,estimated,-28.515423142441186
2025-08-19,9912847825.9694,7199631086.2346,258715634.6752,2772036001.5169525,20143230548.396156,4,112825.9,128604681.62118497,0.0,0.0,0.0,0,0,0,False,0.0,100.0,128604681.62118497,0.0,100.0,estimated,-16.612300281868922
2025-08-20,9822069681.4695,7325948580.785999,265575660.2625,2675185509.207684,20088779431.725685,4,114225.25,18473145.721012957,0.0,0.0,0.0,0,0,0,False,0.0,100.0,18473145.721012957,0.0,100.0,estimated,-15.06369414599978
2025-08-21,10082156831.6868,7009169287.7157,257123039.745,2786337774.756206,20134786933.903706,4,112469.7,36223709.1296494,0.0,0.0,0.0,0,0,0,False,0.0,100.0,36223709.1296494,0.0,100.0,estimated,-10.244554573813138
2025-08-22,10354231131.75,7544341701.3354,259937188.1296,2941037767.902644,21099547789.117645,4,116907.85,179082577.56651494,17371315.822013248,0.0,0.0,0,0,0,False,0.0,82.31512186153736,179082577.56651494,17371315.822013248,82.31512186153736,estimated,1.0559439460805125
2025-08-23,10585387301.2229,7020581303.5008,279884376.48340005,2846575041.8594437,20732428023.066544,4,115395.4,5041533.387349713,0.0,0.0,0.0,0,0,0,False,0.0,100.0,5041533.387349713,0.0,100.0,estimated,3.526295286627252
2025-08-24,10634474767.1932,7397275035.184401,305556112.4184,2852543131.8390055,21189849046.635006,4,113460.55,346048665.58788013,0.0,0.0,0.0,0,0,0,False,0.0,100.0,346048665.58788013,0.0,100.0,estimated,23.86462140019694
2025-08-25,9918988812.288,7309943302.844198,301427712.7777,2731758780.177459,20262118608.087357,4,110071.85,261784703.62188512,0.0,0.0,0.0,0,0,0,False,0.0,100.0,261784703.62188512,0.0,100.0,estimated,53.62042580069873
2025-08-26,9970119299.1504,7534365771.056983,336927900.73120004,2697197156.160156,20538610127.09874,4,111717.20000000001,70614548.74148995,0.0,0.0,0.0,0,0,0,False,0.0,100.0,70614548.74148995,0.0,100.0,estimated,55.40683997126191
2025-08-27,9800242683.0229,7415430662.1792,341059604.4414,2635484230.369206,20192217180.012703,4,111199.04999999999,318585.0397271568,54995.954027986496,0.0,0.0,0,0,0,False,0.0,70.55741327995257,318585.0397271568,54995.954027986496,70.55741327995257,estimated,81.40930081838155
2025-08-28,9900909042.301,7361724412.487999,348221503.6432,2611336770.3532553,20222191728.785458,4,112515.7,0.0,967140.20908784,0.0,0.0,0,0,0,False,0.0,-100.0,0.0,967140.20908784,-100.0,estimated,97.05904371006704
2025-08-29,9657116516.1768,7089851979.056,323718972.6726,2732042264.0089955,19802729731.914394,4,108345.5,304733651.9981768,0.0,0.0,0.0,0,0,0,False,0.0,100.0,304733651.9981768,0.0,100.0,estimated,97.62088975234086
2025-08-30,9739060586.0425,7909811940.6432,324694292.0559,2760170272.6580534,20733737091.399654,4,108769.4,72031266.62860757,23174.370598952326,0.0,0.0,0,0,0,False,0.0,99.93567538578445,72031266.62860757,23174.370598952326,99.93567538578445,estimated,97.7216483494982
2025-08-31,9720272598.5708,7691702773.2,322759349.71680003,2777607183.071075,20512341904.558678,4,108204.2,215388.71905245556,240387.53713086934,0.0,0.0,0,0,0,False,0.0,-5.484888196623962,215388.71905245556,240387.53713086934,-5.484888196623962,estimated,97.74587105031061
2025-09-01,9657223504.0527,7622812007.6534,321862297.352,2809852559.2348647,20411750368.292965,4,109189.85,805295.2442157307,589797.9176909172,0.0,0.0,0,0,0,False,0.0,15.44680544704967,805295.2442157307,589797.9176909172,15.44680544704967,estimated,97.33280429397539
2025-09-02,9925436541.328,7642945517.572199,324948687.3454,3012407936.9173875,20905738683.16299,4,111202.85,6741.904728002138,10606975.037799705,0.0,0.0,0,0,0,False,0.0,-99.87295864842619,6741.904728002138,10606975.037799705,-99.87295864842619,estimated,95.49456234052224
2025-09-03,10083241717.752,8035560991.5312,326542705.01119995,3053729682.5336475,21499075096.82805,4,111660.8,119237.17716725112,3516731.749491492,0.0,0.0,0,0,0,False,0.0,-93.44124333445151,119237.17716725112,3516731.749491492,-93.44124333445151,estimated,94.90680560426507
2025-09-04,9748912827.2094,7937684561.715501,312453811.6158,2965262156.986148,20964313357.526848,4,110682.45,5312383.527068773,0.0,0.0,0.0,0,0,0,False,0.0,100.0,5312383.527068773,0.0,100.0,estimated,94.78375814509444
2025-09-05,9651280329.3522,7756426048.747893,320277246.00159997,3001931541.8508058,20729915165.9525,4,110625.25,0.0,24169635.714536957,0.0,0.0,0,0,0,False,0.0,-100.0,0.0,24169635.714536957,-100.0,estimated,92.74407369707052
2025-09-06,9580410488.5038,7753399449.372,319580083.8648,2950349727.6469655,20603739749.387566,4,110137.3,12615.164536798264,12586.491582722427,0.0,0.0,0,0,0,False,0.0,0.11377408667054814,12615.164536798264,12586.491582722427,0.11377408667054814,estimated,92.70876614976326
2025-09-07,9873105445.812,7691617780.2324,323210147.598,2963445275.8131986,20851378649.455597,4,111082.85,0.0,39243.592285387334,0.0,0.0,0,0,0,False,0.0,-100.0,0.0,39243.592285387334,-100.0,estimated,89.36207518582513
2025-09-08,10221109313.4514,7831706211.5022,329125279.04,3162834553.8280807,21544775357.821682,4,112017.85,0.0,1519841.0814626059,0.0,0.0,0,0,0,False,0.0,-100.0,0.0,1519841.0814626059,-100.0,estimated,83.16610239014143
2025-09-09,10273457620.1284,7717842457.0,320726980.732,3121633277.7360578,21433660335.59646,4,111500.0,1006044.4980101951,1303500.425035718,0.0,0.0,0,0,0,False,0.0,-12.879417241784022,1006044.4980101951,1303500.425035718,-12.879417241784022,estimated,79.86740663149955
2025-09-10,10683617335.6608,8173923111.478861,321377119.875,3310129444.553153,22489047011.567818,4,113898.35,19664.467284821785,34130245.13269174,0.0,0.0,0,0,0,False,0.0,-99.88483444017764,19664.467284821785,34130245.13269174,-99.88483444017764,estimated,66.57028895266053
2025-09-11,10693503214.719,8417259942.012401,327904285.888,3190243692.82945,22628911135.44885,4,115439.0,165050.83022300276,41591883.478699476,0.0,0.0,0,0,0,False,0.0,-99.20946864057626,165050.83022300276,41591883.478699476,-99.20946864057626,estimated,53.1060446823853
2025-09-12,10633955579.3536,8410254416.456,307039283.86770004,3104445825.539508,22455695105.21681,4,115975.2,126461.11830918523,116534838.33857058,0.0,0.0,0,0,0,False,0.0,-99.78319953763942,126461.11830918523,116534838.33857058,-99.78319953763942,estimated,-49.175163382790124
2025-09-13,10336500533.946598,8365774990.498041,320338135.929,3171358455.4580073,22193972115.83165,4,115875.6,0.0,0.0,0.0,0.0,0,0,0,False,0.0,0.0,0.0,0.0,0.0,none,-93.56409166987906
2025-09-14,10109108016.97,8090648503.8624,327664873.91150004,3175873767.7986054,21703295162.542503,4,115220.4,37876.363864327635,0.0,0.0,0.0,0,0,0,False,0.0,100.0,37876.363864327635,0.0,100.0,estimated,-93.69989169748621
2025-09-15,10186732949.3094,7957997476.888401,319115800.28540003,2968628010.522208,21432474237.00541,4,115315.15,482483.23055136716,22483854.645095322,0.0,0.0,0,0,0,False,0.0,-95.79834422741827,482483.23055136716,22483854.645095322,-95.79834422741827,estimated,-94.46153753600906
2025-09-16,10593214184.329102,7964983904.725532,331964668.635,3050643883.9416475,21940806641.63128,4,116748.2,56661.80252749539,1045574.1279655709,0.0,0.0,0,0,0,False,0.0,-89.71875240863383,56661.80252749539,1045574.1279655709,-89.71875240863383,estimated,-94.21452801196078
2025-09-17,10178018440.5575,8061593719.110636,312843609.86560005,2992630191.962368,21545085961.496105,4,116403.25,5179443.876079033,23995648.674155973,0.0,0.0,0,0,0,False,0.0,-64.49407063809083,5179443.876079033,23995648.674155973,-64.49407063809083,estimated,-91.11923283930811
2025-09-18,10657604798.3088,7951084823.059329,319667621.1612,3290898344.5494113,22219255587.078743,4,117021.8,0.0,31391296.127120435,0.0,0.0,0,0,0,False,0.0,-100.0,0.0,31391296.127120435,-100.0,estimated,-95.3578787532214
2025-09-19,10415881591.4895,8196528189.392099,314848359.3471,3223284194.751447,22150542334.980145,4,115572.0,13119491.696518332,0.0,0.0,0.0,0,0,0,False,0.0,100.0,13119491.696518332,0.0,100.0,estimated,-86.26644185427213
2025-09-20,10308448003.3278,8164045433.6331,324640869.9258,3244905697.9551187,22042040004.84182,4,115626.9,0.0,0.0,0.0,0.0,0,0,0,False,0.0,0.0,0.0,0.0,0.0,none,-86.27384059379763
2025-09-21,10214235957.2604,8183747519.938799,316988399.4504,3248437732.645651,21963409609.29525,4,115178.65,0.0,0.0,0.0,0.0,0,0,0,False,0.0,0.0,0.0,0.0,0.0,none,-86.27200958642186
2025-09-22,9809141014.8771,7729773105.552899,312649717.0604,3004626471.3948083,20856190308.88521,4,112607.29999999999,201248990.77844894,0.0,0.0,0.0,0,0,0,False,0.0,100.0,201248990.77844894,0.0,100.0,estimated,-10.33259933196259
2025-09-23,9878732229.575,7430698257.75,317120556.256,2932519487.4574785,20559070531.03848,4,111944.3,8033053.531064924,0.0,0.0,0.0,0,0,0,False,0.0,100.0,8033053.531064924,0.0,100.0,estimated,-8.54694331892212
2025-09-24,10096335088.102,7603075927.374,315910503.8218,2979525812.1886897,20994847331.48649,4,113254.75,19447250.252066582,868869.3737317022,0.0,0.0,0,0,0,False,0.0,91.44650268126622,19447250.252066582,868869.3737317022,91.44650268126622,estimated,2.055294220502111
2025-09-25,9239965578.0465,7242350856.837001,296374206.8025,2896025657.832008,19674716299.51801,4,108937.05,254353705.91678756,0.0,0.0,0.0,0,0,0,False,0.0,100.0,254353705.91678756,0.0,100.0,estimated,43.78048817542216
2025-09-26,9306237995.4285,7259624984.790901,312526774.7182,2914753860.9283557,19793143615.865955,4,109590.3,1698877.317959717,0.0,0.0,0.0,0,0,0,False,0.0,100.0,1698877.317959717,0.0,100.0,estimated,72.65020496577466
2025-09-27,9264858019.6424,7210759657.228801,308190152.5132,2862920919.299104,19646728748.683502,4,109583.70000000001,72660.68335324604,0.0,0.0,0.0,0,0,0,False,0.0,100.0,72660.68335324604,0.0,100.0,estimated,72.65361062335333
2025-09-28,9652389481.9932,7260631117.514,312835047.6152,2851516871.0387564,20077372518.161156,4,112127.3,0.0,2619654.043708157,0.0,0.0,0,0,0,False,0.0,-100.0,0.0,2619654.043708157,-100.0,estimated,71.88014119447928
2025-09-29,10153554424.2921,7387931964.348,303843189.5418,3028570144.2316737,20873899722.413574,4,114254.25,249624.3230864282,7888945.4188195085,0.0,0.0,0,0,0,False,0.0,-93.86564639727546,249624.3230864282,7888945.4188195085,-93.86564639727546,estimated,76.25990593423808
2025-09-30,10090788302.8992,7833603733.569001,326093875.4946,2956397721.5520105,21206883633.51481,4,114006.25,1596991.7672624842,12416248.096251413,0.0,0.0,0,0,0,False,0.0,-77.2073869737925,1596991.7672624842,12416248.096251413,-77.2073869737925,estimated,72.89172521365848
2025-10-01,10843270430.3228,7923522000.611414,310409276.3307,3129784371.696639,22206986078.96155,4,118557.95,0.0,252070187.50774616,0.0,0.0,0,0,0,False,0.0,-100.0,0.0,252070187.50774616,-100.0,estimated,23.859646705397637
2025-10-02,11285957344.4342,8522963459.920001,302182517.9254,3313925973.4176097,23425029295.697212,4,120482.65,0.0,395069748.4690192,0.0,0.0,0,0,0,False,0.0,-100.0,0.0,395069748.4690192,-100.0,estimated,-14.615620609993599
2025-10-03,11712702912.6708,8614808364.6476,314432640.353,3401252402.504849,24043196320.176247,4,122185.85,2066104.8846989414,514690938.0062984,0.0,0.0,0,0,0,False,0.0,-99.20035733886078,2066104.8846989414,514690938.0062984,-99.20035733886078,estimated,-41.618533398065146
2025-10-04,11795312959.2032,8439312168.584677,324129938.366,3460547401.0918508,24019302467.245728,4,122355.9,243296.3670830893,0.0,0.0,0.0,0,0,0,False,0.0,100.0,243296.3670830893,0.0,100.0,estimated,-41.59795860315862
2025-10-05,12254620107.6074,8444776292.310599,335293335.85440004,3596861077.859211,24631550813.63161,4,123441.15,0.0,545972151.1592712,0.0,0.0,0,0,0,False,0.0,-100.0,0.0,545972151.1592712,-100.0,estimated,-55.95704325704063
2025-10-06,12473211613.49,8524967326.9069,339588034.63199997,3685132814.840763,25022899789.869663,4,124625.55,0.0,94401168.77522686,0.0,0.0,0,0,0,False,0.0,-100.0,0.0,94401168.77522686,-100.0,estimated,-72.77253459296894
2025-10-07,11298954281.092,8555397578.4536,333514065.0528,3553326211.706048,23741192136.304447,4,121292.95,19151576.848880935,0.0,0.0,0.0,0,0,0,False,0.0,100.0,19151576.848880935,0.0,100.0,estimated,-71.86849424088136
2025-10-08,11368616118.6375,8360126288.336568,337154495.6934,3496411704.264129,23562308606.9316,4,123241.4,0.0,451548.36444864195,0.0,0.0,0,0,0,False,0.0,-100.0,0.0,451548.36444864195,-100.0,estimated,-73.45073105958707
2025-10-09,11759551715.5865,8281620797.662,340492882.44100004,3506618824.2218075,23888284219.91131,4,121603.8,17050466.35927378,0.0,0.0,0.0,0,0,0,False,0.0,100.0,17050466.35927378,0.0,100.0,estimated,-95.48863642620474
2025-10-10,8165008067.9626,7968777015.495001,271353033.19519997,3227728758.3981094,19632866875.05091,4,112754.3,2632361192.242466,116542.97045689264,0.0,0.0,0,0,0,False,0.0,99.99114575831749,2632361192.242466,116542.97045689264,99.99114575831749,estimated,18.830651179732758
2025-10-11,8218781987.1183,5675996600.7912,234939173.8323,2413014824.6704545,16542732586.412254,4,110606.95,0.0,0.0,0.0,0.0,0,0,0,False,0.0,0.0,0.0,0.0,0.0,none,18.829340091597054
2025-10-12,8721642406.185598,5221961626.42,271629079.4126,2493123281.9250026,16708356393.943201,4,114909.95,36657.95045837239,3265102.2817227207,0.0,0.0,0,0,0,False,0.0,-97.77949046081055,36657.95045837239,3265102.2817227207,-97.77949046081055,estimated,18.812954000407586
2025-10-13,8824994070.423899,5796483512.586901,267782388.237,2531162466.140003,17420422437.387802,4,115115.9,407604.1148187667,458785.33879807557,0.0,0.0,0,0,0,False,0.0,-5.9074153968110945,407604.1148187667,458785.33879807557,-5.9074153968110945,estimated,19.012343985306995
2025-10-14,8957118059.0686,5643502163.2151,246194683.5831,2569944084.1267643,17416758989.993565,4,112982.9,61067926.06878817,0.0,0.0,0.0,0,0,0,False,0.0,100.0,61067926.06878817,0.0,100.0,estimated,20.399051053128048
2025-10-15,8650362584.104,5515881941.1389,242640178.0416,2599362732.663006,17008247435.947506,4,110709.8,1680017.3408262674,29418.934069668947,0.0,0.0,0,0,0,False,0.0,96.5580543127927,1680017.3408262674,29418.934069668947,96.5580543127927,estimated,27.50621123561524
2025-10-16,8623160159.134998,5319650262.4012,237405549.9232,2530639452.067556,16710855423.526955,4,108138.95000000001,89520681.42656787,21253.201062898883,0.0,0.0,0,0,0,False,0.0,99.95252905546147,89520681.42656787,21253.201062898883,99.95252905546147,estimated,41.78211841269948
2025-10-17,8407001400.387601,5424067669.771601,223251108.44400004,2518255672.628407,16572575851.23161,4,106377.25,123251191.1640991,0.0,0.0,0.0,0,0,0,False,0.0,100.0,123251191.1640991,0.0,100.0,estimated,64.07753830566423
2025-10-18,8807864978.5,5373169103.2278,228927895.8122,2461984739.649304,16871946717.189304,4,107120.45,0.0,73558.43999937244,0.0,0.0,0,0,0,False,0.0,-100.0,0.0,73558.43999937244,-100.0,estimated,64.0717407979228
2025-10-19,8771715938.406,5459938198.7052,246847723.9173,2413815305.072884,16892317166.101383,4,108592.9,272734.27878888673,2363193.290261638,0.0,0.0,0,0,0,False,0.0,-79.30639051003006,272734.27878888673,2363193.290261638,-79.30639051003006,estimated,93.35645335679936
2025-10-20,9261155248.7004,5624145958.950001,260415867.6972,2504163615.584003,17649880690.931602,4,110488.9,83247.78088225098,16779885.76403131,0.0,0.0,0,0,0,False,0.0,-99.0126653428851,83247.78088225098,16779885.76403131,-99.0126653428851,estimated,98.41268355934784
2025-10-21,8974392919.7593,5797199693.3106,256481121.29,2630039050.575103,17658112784.935005,4,108248.35,8567910.919293895,51404712.71632251,0.0,0.0,0,0,0,False,0.0,-71.42725997331354,8567910.919293895,51404712.71632251,-71.42725997331354,estimated,95.0177843821831
2025-10-22,8168365139.759999,5426719585.302401,247304227.466,2312513939.2819204,16154902891.810322,4,107531.25,15715175.082893636,131085.5101644561,0.0,0.0,0,0,0,False,0.0,98.3455338324818,15715175.082893636,131085.5101644561,98.3455338324818,estimated,95.06433256402045
2025-10-23,8425527831.834299,5345548869.095,258286646.2752,2389748500.663202,16419111847.8677,4,110020.45,0.0,2660498.662538574,0.0,0.0,0,0,0,False,0.0,-100.0,0.0,2660498.662538574,-100.0,estimated,94.86397706336605
2025-10-24,8629224552.9308,5602474545.360001,261021203.4664,2379173226.514731,16871893528.27193,4,110965.04999999999,0.0,5701247.350386232,0.0,0.0,0,0,0,False,0.0,-100.0,0.0,5701247.350386232,-100.0,estimated,56.77158022586981
2025-10-25,8849272976.614199,5784375855.462501,262622561.50020003,2462902062.8330007,17359173456.409897,4,111588.45,0.0,300799.6384220535,0.0,0.0,0,0,0,False,0.0,-100.0,0.0,300799.6384220535,-100.0,estimated,56.648709633978015
2025-10-26,9358640384.3738,5963802421.1472,281388980.2098,2603628723.364062,18207460509.094864,4,114503.35,0.0,98439702.4906431,0.0,0.0,0,0,0,False,0.0,-100.0,0.0,98439702.4906431,-100.0,estimated,25.515667470329088
2025-10-27,8898620422.7328,5953163904.732301,264619392.0674,2784563715.6028547,17900967435.135357,4,114062.70000000001,152690.06798889884,16286959.158502867,0.0,0.0,0,0,0,False,0.0,-98.14241695932483,152690.06798889884,16286959.158502867,-98.14241695932483,estimated,21.459742030913507
2025-10-28,8554678062.138,6021007493.856,260139020.1048,2731955712.885654,17567780288.984455,4,112842.3,3314645.888319206,572645.5479728443,0.0,0.0,0,0,0,False,0.0,70.537555140498,3314645.888319206,572645.5479728443,70.537555140498,estimated,10.928605496428801
2025-10-29,8613584075.907202,5658929718.8736,252617340.67800003,2544248330.933406,17069379466.392206,4,109979.3,58486931.283567995,9662.24615795101,0.0,0.0,0,0,0,False,0.0,99.966964756151,58486931.283567995,9662.24615795101,99.966964756151,estimated,21.17340605549348
2025-10-30,8433259601.261001,5803143244.164,255620425.152,2473141082.6460037,16965164353.223003,4,108262.6,103042844.01737875,39967.696274585076,0.0,0.0,0,0,0,False,0.0,99.92245516859668,103042844.01737875,39967.696274585076,99.92245516859668,estimated,23.268620514174266
2025-10-31,8584261667.8986,6058781606.4717,247478898.4187,2410591366.5431542,17301113539.332153,4,109552.3,0.0,2382086.653859093,0.0,0.0,0,0,0,False,0.0,-100.0,0.0,2382086.653859093,-100.0,estimated,-1.941616275948492
2025-11-01,8438022025.608,5556784875.06,243563910.1545,2352971123.0795054,16591341933.902004,4,110048.7,0.0,417864.3283919464,0.0,0.0,0,0,0,False,0.0,-100.0,0.0,417864.3283919464,-100.0,estimated,-2.028828284844907
2025-11-02,8399509818.4228,5506728093.2625,242840593.8686,2347511246.867803,16496589752.421703,4,110496.9,0.0,1238560.2874658874,0.0,0.0,0,0,0,False,0.0,-100.0,0.0,1238560.2874658874,-100.0,estimated,-1.8153239129803809
2025-11-03,8247951402.080001,5315943059.7056,249888329.98849997,2368566318.743554,16182349110.517656,4,106540.2,60100753.725849606,0.0,0.0,0.0,0,0,0,False,0.0,100.0,60100753.725849606,0.0,100.0,estimated,16.270529077791444
2025-11-04,8217527967.2087,5168749856.738999,228075457.716,2386607848.8669353,16000961130.530636,4,101446.1,660728863.4656593,9297.49801310736,0.0,0.0,0,0,0,False,0.0,99.99718572391836,660728863.4656593,9297.49801310736,99.99718572391836,estimated,75.10219316538407
2025-11-05,8710304027.452,5573153127.3824,234813011.174,2531875112.635184,17050145278.643583,4,103836.1,225901.9970746895,262016.87741126327,0.0,0.0,0,0,0,False,0.0,-7.401820717557321,225901.9970746895,262016.87741126327,-7.401820717557321,estimated,74.69940748330242
2025-11-06,8336263882.284801,5287505542.5558,234577440.8198,2434075268.8356237,16292422134.496023,4,101305.8,14625076.405616427,0.0,0.0,0.0,0,0,0,False,0.0,100.0,14625076.405616427,0.0,100.0,estimated,75.51279470895666
2025-11-07,8969305809.1344,5434078383.285,229576193.7756,2456063991.429302,17089024377.624302,4,103302.85,22443213.380431898,0.0,0.0,0.0,0,0,0,False,0.0,100.0,22443213.380431898,0.0,100.0,estimated,76.99898245286386
2025-11-08,8618144016.2853,5137003014.5686,227746435.0186,2341052361.639873,16323945827.512373,4,102269.1,3341628.513986272,0.0,0.0,0.0,0,0,0,False,0.0,100.0,3341628.513986272,0.0,100.0,estimated,77.12334860865772
2025-11-09,8948734758.0618,5326318013.335,235346365.452,2385230381.8057036,16895629518.654505,4,104667.8,0.0,6350900.994741404,0.0,0.0,0,0,0,False,0.0,-100.0,0.0,6350900.994741404,-100.0,estimated,94.22033085899993
2025-11-10,9202464770.2845,5247043974.809,237752096.77340004,2491202833.5304923,17178463675.397392,4,105967.9,0.0,15991713.586985614,0.0,0.0,0,0,0,False,0.0,-100.0,0.0,15991713.586985614,-100.0,estimated,94.27953923550544
2025-11-11,8821248400.5228,5324068705.6640005,236883012.925,2529783944.399523,16911984063.511324,4,103013.79999999999,7119146.734902443,36107339.33168656,0.0,0.0,0,0,0,False,0.0,-67.06118223935378,7119146.734902443,36107339.33168656,-67.06118223935378,estimated,87.34859382757364
2025-11-12,8736385421.3946,5228916041.872801,239159771.3074,2479077211.672704,16683538446.247505,4,101606.85,45169108.42387954,391135.5425229749,0.0,0.0,0,0,0,False,0.0,98.28299627714281,45169108.42387954,391135.5425229749,98.28299627714281,estimated,87.10373591692944
2025-11-13,9128901311.5842,5292778171.375,234876007.223,2415201157.736041,17071756647.91824,4,99646.75,238830061.51699007,8356.506834984815,0.0,0.0,0,0,0,False,0.0,99.99300237633115,238830061.51699007,8356.506834984815,99.99300237633115,estimated,88.67852719685256
2025-11-14,8828850375.0931,5260634076.2508,207446047.845,2385084952.246856,16682015451.435755,4,94533.15,564056883.9864378,0.0,0.0,0.0,0,0,0,False,0.0,100.0,564056883.9864378,0.0,100.0,estimated,92.75348286909748
2025-11-15,9256360544.024,5504862848.8763,208284493.9945,2399951879.911304,17369459766.806103,4,95558.1,0.0,0.0,0.0,0.0,0,0,0,False,0.0,0.0,0.0,0.0,0.0,none,92.80151197264203
2025-11-16,9297882343.9734,5429050573.1613,204778020.72,2361605807.2179036,17293316745.072605,4,94223.04999999999,142184670.3523045,442613.0383564749,0.0,0.0,0,0,0,False,0.0,99.37934309925241,142184670.3523045,442613.0383564749,99.37934309925241,estimated,93.44877429450548
2025-11-17,9338115549.4375,5316808401.2592,210256633.55620003,2349700808.742304,17214881392.995205,4,92169.9,281349358.0226327,122425.01884184385,0.0,0.0,0,0,0,False,0.0,99.9130108051905,281349358.0226327,122425.01884184385,99.9130108051905,estimated,94.14776181058913
2025-11-18,9287115329.3454,5637183893.775,200335271.1264,2354731730.7921934,17479366225.038994,4,92923.75,269669725.1065978,135682.64720078782,0.0,0.0,0,0,0,False,0.0,99.8994218475231,269669725.1065978,135682.64720078782,99.8994218475231,estimated,92.74488044304402
2025-11-19,9225821330.6938,5240954784.549,207751759.208,2274768257.7373047,16949296132.188105,4,91508.95,108357377.94495806,0.0,0.0,0.0,0,0,0,False,0.0,100.0,108357377.94495806,0.0,100.0,estimated,93.22020969713454
2025-11-20,9096580893.5049,5234944375.059,206567168.7063,2545825318.2536235,17083917755.523825,4,86589.05,231379202.16865784,23570.589403976068,0.0,0.0,0,0,0,False,0.0,99.9796280838617,231379202.16865784,23570.589403976068,99.9796280838617,estimated,93.96255194311256
2025-11-21,8373660330.3675,5407887942.6165,194870454.68300003,2256320839.571304,16232739567.238306,4,85091.75,491609133.5004154,204903.3446605056,0.0,0.0,0,0,0,False,0.0,99.91667446257738,491609133.5004154,204903.3446605056,99.91667446257738,estimated,95.10581783567847
2025-11-22,8372287290.666599,5105467529.2985,191455948.5168,2234785481.832365,15903996250.314264,4,84694.7,571329.5963769502,26158.266261220833,0.0,0.0,0,0,0,False,0.0,91.24391710796583,571329.5963769502,26158.266261220833,91.24391710796583,estimated,95.09816980019016
2025-11-23,8389426865.337,5194254813.202,185326268.988,2311411221.675273,16080419169.202272,4,86805.79999999999,0.0,5063894.027011359,0.0,0.0,0,0,0,False,0.0,-100.0,0.0,5063894.027011359,-100.0,estimated,95.20112669875725
2025-11-24,8224404513.400801,5365956543.966201,183834229.128,2210034729.5670023,15984230016.062002,4,88244.45000000001,600035.3308489863,8367871.0461794995,0.0,0.0,0,0,0,False,0.0,-86.61816246463073,600035.3308489863,8367871.0461794995,-86.61816246463073,estimated,95.81428086020958
2025-11-25,7861409212.4614,5224118846.366,198418351.5375,2170359231.1800013,15454305641.5449,4,87319.8,1884963.3424549354,0.0,0.0,0.0,0,0,0,False,0.0,100.0,1884963.3424549354,0.0,100.0,estimated,98.76285891296891
2025-11-26,8048200018.815501,5030801611.388,204452963.1738,2140172946.6622033,15423627540.039503,4,90432.55,10091.905908242295,23969462.501476154,0.0,0.0,0,0,0,False,0.0,-99.9158290789162,10091.905908242295,23969462.501476154,-99.9158290789162,estimated,96.76090514836116
2025-11-27,8234880801.1866,5112566877.9038,206618125.09139997,2295654031.9853706,15849719836.167171,4,91289.7,0.0,8644708.045285411,0.0,0.0,0,0,0,False,0.0,-100.0,0.0,8644708.045285411,-100.0,estimated,95.60463285092986
2025-11-28,8110185787.4418,5205296177.8884,199198310.5636,2339316941.009404,15853997216.903204,4,90848.9,310517.3489013987,27713338.4459626,0.0,0.0,0,0,0,False,0.0,-97.7839070313921,310517.3489013987,27713338.4459626,-97.7839070313921,estimated,90.67606213769756
2025-11-29,8031174834.285,4979513342.1726,204029774.9308,2256993705.4398346,15471711656.828234,4,90765.95,70506.37305836158,0.0,0.0,0.0,0,0,0,False,0.0,100.0,70506.37305836158,0.0,100.0,estimated,90.67647231571507
2025-11-30,8181440550.052601,4981682284.1508,207275629.544,2251406435.336961,15621804899.08436,4,90318.55,772.1596765195467,95522.88105143458,0.0,0.0,0,0,0,False,0.0,-98.39626283828885,772.1596765195467,95522.88105143458,-98.39626283828885,estimated,89.81392584184155
2025-12-01,7622166454.963201,4720991770.952101,185883237.4774,2001039053.7069428,14530080517.099646,4,86244.55,110535962.9376667,0.0,0.0,0.0,0,0,0,False,0.0,100.0,110535962.9376667,0.0,100.0,estimated,88.48238661053742
2025-12-02,8111797431.1917,5077028154.5742,209516941.0089,2218800341.567921,15617142868.34272,4,91247.85,0.0,751830.7567471577,0.0,0.0,0,0,0,False,0.0,-100.0,0.0,751830.7567471577,-100.0,estimated,85.32407192129848
2025-12-03,8247167127.6189,4979443114.2047,210718582.9284,2247538580.6824837,15684867405.434484,4,93383.75,0.0,40332490.790925615,0.0,0.0,0,0,0,False,0.0,-100.0,0.0,40332490.790925615,-100.0,estimated,75.80385802650943
2025-12-04,8214090440.5363,4838326252.1258,204350235.216,2217932926.0704036,15474699853.948503,4,92035.5,1815454.266717683,25617.034938788485,0.0,0.0,0,0,0,False,0.0,97.21715993120526,1815454.266717683,25617.034938788485,97.21715993120526,estimated,68.11650440778591
2025-12-05,7741822965.912,4820358428.136,198384228.4941,2198713930.7713428,14959279553.313444,4,89286.25,42157020.419687204,0.0,0.0,0.0,0,0,0,False,0.0,100.0,42157020.419687204,0.0,100.0,estimated,15.741398038777696
2025-12-06,7817183447.6385,4533951089.2126,192880393.112,2083206723.05088,14627221653.01398,4,89191.95000000001,0.0,0.0,0.0,0.0,0,0,0,False,0.0,0.0,0.0,0.0,0.0,none,15.575758865405376
2025-12-07,7874191294.425799,4570397881.2162,194540284.1845,2067378504.072481,14706507963.89898,4,90340.5,230337.01870786565,828044.3825815157,0.0,0.0,0,0,0,False,0.0,-56.47372139622715,230337.01870786565,828044.3825815157,-56.47372139622715,estimated,17.472602199157354
2025-12-08,7886456408.334,4501164579.349999,198068827.8432,2003573071.9330108,14589262887.460209,4,90607.75,71708.2141971729,275606.705089573,0.0,0.0,0,0,0,False,0.0,-58.70709248860684,71708.2141971729,275606.705089573,-58.70709248860684,estimated,20.96484027882115
2025-12-09,8206550529.728,4684652227.600201,196891332.0876,2145245872.7772903,15233339962.193092,4,92637.25,11498.270117371403,38555777.018932134,0.0,0.0,0,0,0,False,0.0,-99.94037291962579,11498.270117371403,38555777.018932134,-99.94037291962579,estimated,4.730490509181428
2025-12-10,7861375146.7575,4438718227.5411005,212912741.275,2149288274.402922,14662294389.97652,4,91978.6,487202.71525814914,1866398.6806140628,0.0,0.0,0,0,0,False,0.0,-58.59938593573118,487202.71525814914,1866398.6806140628,-58.59938593573118,estimated,13.320330116433244
2025-12-11,8054743826.295001,4398053105.13,206310433.155,2150962189.6266003,14810069554.206602,4,92481.79999999999,19154009.61878925,63280.22192112075,0.0,0.0,0,0,0,False,0.0,99.34142407752975,19154009.61878925,63280.22192112075,99.34142407752975,estimated,22.546497080248727
2025-12-12,7895203689.296,4404035965.4208,195108334.225,2080068140.4090931,14574416129.350895,4,90230.25,2335105.956995452,0.0,0.0,0.0,0,0,0,False,0.0,100.0,2335105.956995452,0.0,100.0,estimated,36.22949520515463
2025-12-13,7914376676.1087,4385923450.2504,189682273.4466,2096908037.7544816,14586890437.560183,4,90197.70000000001,952.5581686498571,0.0,0.0,0.0,0,0,0,False,0.0,100.0,952.5581686498571,0.0,100.0,estimated,36.21240901764452
2025-12-14,7802337098.494401,4355627895.108,198483616.3072,2165195112.672692,14521643722.582293,4,88117.4,38851194.920121714,0.0,0.0,0.0,0,0,0,False,0.0,100.0,38851194.920121714,0.0,100.0,estimated,44.56230181452236
2025-12-15,7902124669.863099,4385560181.4975,192755069.9415,2151228734.487005,14631668655.789104,4,86391.29999999999,131754270.83025523,251306.3101059008,0.0,0.0,0,0,0,False,0.0,99.6192489506126,131754270.83025523,251306.3101059008,99.6192489506126,estimated,48.12670652473969
2025-12-16,7780859157.793799,4767847358.029,185834535.5736,2116732157.1400027,14851273208.536404,4,87826.0,91965.17606371034,402112.51987481106,0.0,0.0,0,0,0,False,0.0,-62.77299023222709,91965.17606371034,402112.51987481106,-62.77299023222709,estimated,48.30374028230877
2025-12-17,7599788212.736001,4387390334.4362,182584534.93119997,2017569203.2959056,14187332285.399307,4,86201.55,4680357.319018124,11396978.131858628,0.0,0.0,0,0,0,False,0.0,-41.77695261358887,4680357.319018124,11396978.131858628,-41.77695261358887,estimated,63.654592205197716
2025-12-18,7673763254.419499,4303845090.6279,179321795.03700003,2097256416.3403232,14254186556.424723,4,85469.85,26940656.979689755,0.0,0.0,0.0,0,0,0,False,0.0,100.0,26940656.979689755,0.0,100.0,estimated,66.51776799614395
2025-12-19,8104328250.5,4342403576.6559,177716879.37,2160703442.3520026,14785152148.877903,4,88100.55,0.0,8851423.125255473,0.0,0.0,0,0,0,False,0.0,-100.0,0.0,8851423.125255473,-100.0,estimated,56.467512041519605
2025-12-20,8056925256.494401,4353310797.7688,180116207.4803,2073551147.6908844,14663903409.434385,4,88321.4,0.0,55870.38130212599,0.0,0.0,0,0,0,False,0.0,-100.0,0.0,55870.38130212599,-100.0,estimated,56.43706901465537
2025-12-21,7963608210.400399,4342738220.514,174649095.7484,2102628577.382003,14583624104.044802,4,88626.55,106323.00671593251,251796.63546658057,0.0,0.0,0,0,0,False,0.0,-40.62151627988852,106323.00671593251,251796.63546658057,-40.62151627988852,estimated,56.73290556651087
2025-12-22,8068672961.8845,4320213393.2277,177572194.47329998,2199358582.8717256,14765817132.457226,4,88579.9,24208.06657926623,4528702.437935201,0.0,0.0,0,0,0,False,0.0,-98.93658939461855,24208.06657926623,4528702.437935201,-98.93658939461855,estimated,54.43244438999473
2025-12-23,8319941927.325,4151611054.836,174842097.7936,2161562955.840005,14807958035.794603,4,87443.1,3352660.5000671986,0.0,0.0,0.0,0,0,0,False,0.0,100.0,3352660.5000671986,0.0,100.0,estimated,78.3376648023437
2025-12-24,8114613778.301399,4247760030.4338,184511216.7832,2157628518.123575,14704513543.641973,4,87629.05,2919209.1401652554,95422.65033379344,0.0,0.0,0,0,0,False,0.0,93.66936614716738,2919209.1401652554,95422.65033379344,93.66936614716738,estimated,79.77656927423631
2025-12-25,8123886413.902,4207128363.7905,178003569.8648,2145407458.8572855,14654425806.414585,4,87179.25,167145.3465991423,442240.86407328857,0.0,0.0,0,0,0,False,0.0,-45.14304929391009,167145.3465991423,442240.86407328857,-45.14304929391009,estimated,77.8729567968995
2025-12-26,8075982168.211,4148734628.6568,170323550.7462,2153602019.0172873,14548642366.631287,4,87323.5,16118.731590735875,5113866.369862669,0.0,0.0,0,0,0,False,0.0,-99.37158758663182,16118.731590735875,5113866.369862669,-99.37158758663182,estimated,73.873989967935
2025-12-27,8037092032.564799,4368761187.8148,174164113.795,2105952340.4170744,14685969674.591675,4,87834.6,0.0,3847.887340034686,0.0,0.0,0,0,0,False,0.0,-100.0,0.0,3847.887340034686,-100.0,estimated,73.87110215779578
2025-12-28,8180792131.243501,4335967954.043699,175330960.784,2150982125.226005,14843073171.297207,4,87916.5,120400.1165714671,11253.079403932683,0.0,0.0,0,0,0,False,0.0,82.90496585280711,120400.1165714671,11253.079403932683,82.90496585280711,estimated,68.84104488973388
2025-12-29,8275446755.6593,4297531115.0874,177464213.83159998,2192385749.131716,14942827833.710016,4,87189.95000000001,771915.4785818576,10725369.35767194,0.0,0.0,0,0,0,False,0.0,-86.57221266454467,771915.4785818576,10725369.35767194,-86.57221266454467,estimated,-3.3155652820523365
2025-12-30,8377262325.3798,4556371799.376,179054036.2644,2237568141.725006,15350256302.745207,4,88452.70000000001,0.0,3331230.6466996837,0.0,0.0,0,0,0,False,0.0,-100.0,0.0,3331230.6466996837,-100.0,estimated,-6.803970034185715
2025-12-31,8252633041.6404,4450342635.2244,182164135.0681,2271145093.8550467,15156284905.787947,4,87594.0,958312.8390204072,406386.50889154884,0.0,0.0,0,0,0,False,0.0,40.44307128697082,958312.8390204072,406386.50889154884,40.44307128697082,estimated,2.2538545886804675
2026-01-01,8341672200.0,4607727313.492001,181411398.8632,2297808672.9906073,15428619585.345808,4,88802.5,0.0,78626.40165071044,0.0,0.0,0,0,0,False,0.0,-100.0,0.0,78626.40165071044,-100.0,estimated,-60.14255151450253
2026-01-02,8701336689.507,4596545897.9094,189721623.8692,2394517021.05291,15882121232.33851,4,89952.6,165073.69849770135,48969995.10845456,0.0,0.0,0,0,0,False,0.0,-99.32808194836865,165073.69849770135,48969995.10845456,-99.32808194836865,estimated,-79.1774728846352
2026-01-03,8798578573.5648,4746430460.1085,194070089.2908,2345294951.1747875,16084374074.138887,4,90597.85,276598.4400600297,942845.1604287005,0.0,0.0,0,0,0,False,0.0,-54.635304174924656,276598.4400600297,942845.1604287005,-54.635304174924656,estimated,-78.80636616859785
2026-01-04,8940025455.4503,4879291711.0791,203700430.3468,2443834529.78497,16466852126.66117,4,91493.9,0.0,66842007.135778055,0.0,0.0,0,0,0,False,0.0,-100.0,0.0,66842007.135778055,-100.0,estimated,-88.32498098911726
2026-01-05,9057847644.664,5000331505.724999,210924858.38759997,2700713141.3759565,16969817150.152557,4,93823.95,0.0,338566245.05190855,0.0,0.0,0,0,0,False,0.0,-100.0,0.0,338566245.05190855,-100.0,estimated,-96.38742354630152
2026-01-06,8711729895.744,5011859994.2964,214426703.0818,2588870560.4902115,16526887153.612411,4,93713.75,14977665.762778968,309170.5532843167,0.0,0.0,0,0,0,False,0.0,95.95507472060201,14977665.762778968,309170.5532843167,95.95507472060201,estimated,-91.78879881447374
2026-01-07,8760349986.176,4690317505.212,215168658.1842,2505446565.6815157,16171282715.253716,4,91329.2,1577706.514039736,0.0,0.0,0.0,0,0,0,False,0.0,100.0,1577706.514039736,0.0,100.0,estimated,-92.30722062276821
2026-01-08,8875910130.516,4978585279.1641,207353640.2536,2470691173.7449303,16532540223.678629,4,91057.75,56904182.94490461,0.0,0.0,0.0,0,0,0,False,0.0,100.0,56904182.94490461,0.0,100.0,estimated,-72.50144734000402
2026-01-09,8695543698.564001,4940682331.2408,209002090.04850003,2367206163.585839,16212434283.43914,4,90604.1,4781981.586168521,1173969.0818732085,0.0,0.0,0,0,0,False,0.0,60.57828053639,4781981.586168521,1173969.0818732085,60.57828053639,estimated,-70.81551056119856
2026-01-10,8681749966.5104,4631823630.5156,208424857.2678,2389258111.902009,15911256566.195808,4,90470.65,0.0,0.0,0.0,0.0,0,0,0,False,0.0,0.0,0.0,0.0,0.0,none,-70.81530708145246
2026-01-11,8778553806.5432,4613300245.7326,208773966.9348,2375726760.941652,15976354780.15225,4,90962.3,1263.3264978815378,68035.11591604275,0.0,0.0,0,0,0,False,0.0,-96.35395413266114,1263.3264978815378,68035.11591604275,-96.35395413266114,estimated,-70.855188222896
2026-01-12,8523049964.127601,4745511920.4937,206616757.25069997,2480981310.155412,15956159952.027412,4,91249.45,303239.4922343329,4033696.4995856974,0.0,0.0,0,0,0,False,0.0,-86.01595721927748,303239.4922343329,4033696.4995856974,-86.01595721927748,estimated,-70.64413897248252
2026-01-13,9075024863.4064,4576430690.154,214408036.22700003,2575190531.309985,16441054121.097387,4,95389.75,0.0,375970452.48288506,0.0,0.0,0,0,0,False,0.0,-100.0,0.0,375970452.48288506,-100.0,estimated,-82.56941567817574
2026-01-14,9338721370.4183,5036438934.599999,222748918.2828,2808151579.0408673,17406060802.341965,4,96911.25,1445553.7409491327,196852814.2589795,0.0,0.0,0,0,0,False,0.0,-98.54204171670273,1445553.7409491327,196852814.2589795,-98.54204171670273,estimated,-85.56268227903918
2026-01-15,9230953593.6163,5255109813.3165,222232292.82,2630292372.5886145,17338588072.341415,4,95568.65,8128297.189235185,0.0,0.0,0.0,0,0,0,False,0.0,100.0,8128297.189235185,0.0,100.0,estimated,-84.21771554460813
2026-01-16,9097031222.2697,4779236627.2955,223754059.0869,2572226622.069378,16672248530.721478,4,95504.29999999999,15959414.521778552,0.0,0.0,0.0,0,0,0,False,0.0,100.0,15959414.521778552,0.0,100.0,estimated,-80.83657093813848
2026-01-17,9126160432.4019,4778320229.199,223692915.28320003,2501449976.2752633,16629623553.15936,4,95110.95,666.6122710876392,0.0,0.0,0.0,0,0,0,False,0.0,100.0,666.6122710876392,0.0,100.0,estimated,-80.86582962519493
2026-01-18,8965358203.038,4711148209.053,211736759.1704,2540121637.5437126,16428364808.805113,4,93624.9,5075395.778449428,0.0,0.0,0.0,0,0,0,False,0.0,100.0,5075395.778449428,0.0,100.0,estimated,-78.72484110032714
2026-01-19,8704629212.846401,4548933209.1997,208634030.8684,2393572536.952577,15855768989.867079,4,92588.05,114265479.85662028,0.0,0.0,0.0,0,0,0,False,0.0,100.0,114265479.85662028,0.0,100.0,estimated,-44.27219484035123
2026-01-20,8741047552.846401,4394413986.7929,198209948.3676,2543800595.1500187,15877472083.15692,4,88383.6,260843791.19153166,0.0,0.0,0.0,0,0,0,False,0.0,100.0,260843791.19153166,0.0,100.0,estimated,-10.388911146202034
2026-01-21,8858365697.6334,4874581340.1259,195696851.903,2385557383.299492,16314201272.961792,4,89405.55,118058299.60445273,2944362.298111442,0.0,0.0,0,0,0,False,0.0,95.13339251911276,118058299.60445273,2944362.298111442,95.13339251911276,estimated,0.40488446976527437
2026-01-22,8919238947.561,4532707338.9135,196849269.7962,2325016011.070181,15973811567.340881,4,89515.1,716994.8697482783,620593.1415460587,0.0,0.0,0,0,0,False,0.0,7.207131597190005,716994.8697482783,620593.1415460587,7.207131597190005,estimated,-4.686957231506095
2026-01-23,8802461320.421999,4568934360.8258,202661539.5748,2308447287.453729,15882504508.276329,4,89553.85,80757.38856497243,2121886.8573951,0.0,0.0,0,0,0,False,0.0,-92.66723269424088,80757.38856497243,2121886.8573951,-92.66723269424088,estimated,-5.212926098996786
2026-01-24,8880854537.1672,4238900396.2668,203143990.93120003,2289902463.8219376,15612801388.187138,4,89178.55,1591.3879702982554,0.0,0.0,0.0,0,0,0,False,0.0,100.0,1591.3879702982554,0.0,100.0,estimated,-5.2127749155152125
2026-01-25,8850999805.1316,4238010389.7312007,199350182.29,2365013258.4755297,15653373635.62833,4,86627.25,171208175.74678835,0.0,0.0,0.0,0,0,0,False,0.0,100.0,171208175.74678835,0.0,100.0,estimated,8.880107766382688
2026-01-26,8910026171.267801,4632423909.0402,199851044.5164,2295976517.760009,16038277642.584412,4,88301.45000000001,0.0,1242532.2467798057,0.0,0.0,0,0,0,False,0.0,-100.0,0.0,1242532.2467798057,-100.0,estimated,9.096699760161925
2026-01-27,9088748819.704802,4438423765.9113,203026676.6745,2304876822.242053,16035076084.532654,4,89200.05,542767.2375485026,454981.90247660485,0.0,0.0,0,0,0,False,0.0,8.798337332537189,542767.2375485026,454981.90247660485,8.798337332537189,estimated,54.642404091869025
2026-01-28,9062792886.8796,4570229299.7163,202293027.8889,2263543457.512806,16098858671.997608,4,89261.7,0.0,11408591.0345936,0.0,0.0,0,0,0,False,0.0,-100.0,0.0,11408591.0345936,-100.0,estimated,94.73346871601692
2026-01-29,9011219861.9148,4352645074.2346,198356513.3498,2426447475.7527475,15988668925.25195,4,84601.8,464164046.2917807,0.0,0.0,0.0,0,0,0,False,0.0,100.0,464164046.2917807,0.0,100.0,estimated,96.78673479552106
2026-01-30,8603242605.084398,4981718763.75,185264161.3872,2197814991.3780355,15968040521.599632,4,84212.04999999999,361435212.3049589,0.0,0.0,0.0,0,0,0,False,0.0,100.0,361435212.3049589,0.0,100.0,estimated,97.51938759714017
2026-01-31,7362962582.1408,4149359639.8596,138122087.2934,2242282658.7588534,13892726968.052654,4,78702.0,737325313.3197559,0.0,0.0,0.0,0,0,0,False,0.0,100.0,737325313.3197559,0.0,100.0,estimated,98.33137779311161
2026-02-01,6886843642.197499,3940898530.2235,130119045.6192,2024049858.3346877,12981911076.374887,4,76935.0,1170636.5115856663,34006.844041144184,0.0,0.0,0,0,0,False,0.0,94.35403949520818,1170636.5115856663,34006.844041144184,94.35403949520818,estimated,98.32548080998397
2026-02-02,6995468231.8175,3822888438.1458,134391721.3207,1962162907.696899,12914911298.9809,4,78693.2,68538174.65626206,0.0,0.0,0.0,0,0,0,False,0.0,100.0,68538174.65626206,0.0,100.0,estimated,98.29072171601261
2026-02-03,6739385229.0392,3559776936.8784,119481056.288,1884190776.8706057,12302833999.076204,4,75727.79999999999,173131721.75311643,18717.5326938702,0.0,0.0,0,0,0,False,0.0,99.97838003441277,173131721.75311643,18717.5326938702,99.97838003441277,estimated,98.2180881862266
2026-02-04,6861158747.609599,3494110666.8841004,121157027.6544,1811551050.0949671,12287977492.243067,4,73130.4,109058774.59196517,0.0,0.0,0.0,0,0,0,False,0.0,100.0,109058774.59196517,0.0,100.0,estimated,98.48794798932916
2026-02-05,5828982177.6245,3326246053.6239,105810066.876,1896426691.7850108,11157464989.90941,4,62870.399999999994,509014432.4301812,0.0,0.0,0.0,0,0,0,False,0.0,100.0,509014432.4301812,0.0,100.0,estimated,98.8294909638369
2026-02-06,6004863744.6135,4010364024.035801,119326559.7046,2004845437.5111983,12139399765.865097,4,70530.6,189984864.10631138,19112885.393393144,0.0,0.0,0,0,0,False,0.0,81.71870769616277,189984864.10631138,19112885.393393144,81.71870769616277,estimated,97.7094774781405
2026-02-07,5635029414.5402,3274789688.6502,112726827.5085,2053776173.575409,11076322104.274307,4,69254.6,58283752.96712578,3081696.635422804,0.0,0.0,0,0,0,False,0.0,89.95624849037262,58283752.96712578,3081696.635422804,89.95624849037262,estimated,97.54422943589319
2026-02-08,5657634524.7908,3227908433.9586005,117280069.3548,2115984443.1631005,11118807471.267302,4,70288.95000000001,7561.900215466867,7767945.889855629,0.0,0.0,0,0,0,False,0.0,-99.8054943697665,7561.900215466867,7767945.889855629,-99.8054943697665,estimated,96.82438345803656
2026-02-09,5523374949.947499,3173295856.0848,113887672.551,2078781403.5952911,10889339882.17859,4,70110.65,987564.5861899676,278969.6411319776,0.0,0.0,0,0,0,False,0.0,55.947555918508115,987564.5861899676,278969.6411319776,55.947555918508115,estimated,96.8953712172248
2026-02-10,5452947658.8315,3135211111.2483,112151420.667,2004765000.3533192,10705075191.100119,4,68804.65,112267.0611520623,0.0,0.0,0.0,0,0,0,False,0.0,100.0,112267.0611520623,0.0,100.0,estimated,96.92787581421388
2026-02-11,5425176107.478399,3014307512.2335,106891748.3034,2027039778.944172,10573415146.95947,4,67048.0,51320201.83702183,0.0,0.0,0.0,0,0,0,False,0.0,100.0,51320201.83702183,0.0,100.0,estimated,97.8006457223353
2026-02-12,5284967589.5555,3083764533.3264,103446623.9,2011339572.128849,10483518318.91075,4,66243.05,228100.4126822351,72979.66127274944,0.0,0.0,0,0,0,False,0.0,51.52142729733694,228100.4126822351,72979.66127274944,51.52142729733694,estimated,97.34896069924453
2026-02-13,5450759218.9215,3397911457.0048,109419775.1904,2066616746.5678096,11024707197.68451,4,68817.04999999999,12358.49754749064,4226746.060104699,0.0,0.0,0,0,0,False,0.0,-99.41692886413091,12358.49754749064,4226746.060104699,-99.41692886413091,estimated,96.42212325969858
2026-02-14,5425960980.8116,3282379847.517,115555430.9664,2085901039.9424653,10909797299.237465,4,69791.15,0.0,9134515.76548834,0.0,0.0,0,0,0,False,0.0,-100.0,0.0,9134515.76548834,-100.0,estimated,92.74564869378204
2026-02-15,5306168059.965899,3149917184.0,115524931.0539,2046830537.7831097,10618440712.802908,4,68796.75,674793.1680205298,78062.52729208197,0.0,0.0,0,0,0,False,0.0,79.26228684245585,674793.1680205298,78062.52729208197,79.26228684245585,estimated,92.73561774917582
2026-02-16,5215142571.7125,3116278666.8192,98765543.8584,2035429618.962008,10465616401.352108,4,68863.15,1799934.433585932,0.0,0.0,0.0,0,0,0,False,0.0,100.0,1799934.433585932,0.0,100.0,estimated,92.30974210126728
2026-02-17,5335017525.8234,3025205563.2467995,98004537.3952,2058945826.8974493,10517173453.362848,4,67475.4,4757033.304111265,0.0,0.0,0.0,0,0,0,False,0.0,100.0,4757033.304111265,0.0,100.0,estimated,90.97855521161732
2026-02-18,5325668380.8504,3028537767.4560003,99464387.3258,1969489110.233668,10423159645.865868,4,66427.05,11129408.165185945,97556.80036146061,0.0,0.0,0,0,0,False,0.0,98.26209842712012,11129408.165185945,97556.80036146061,98.26209842712012,estimated,89.94423596595207
2026-02-19,5410269088.542,3168245694.0406003,100109579.6327,1999052138.952999,10677676501.168299,4,66976.5,15546375.710886952,3422.515749217322,0.0,0.0,0,0,0,False,0.0,99.95597993363856,15546375.710886952,3422.515749217322,99.95597993363856,estimated,76.83924106858548
2026-02-20,5451777729.3695,3025756750.2972,107758471.2428,2058612934.1822283,10643905885.091728,4,67987.2,85476.02816302438,843439.3834913532,0.0,0.0,0,0,0,False,0.0,-81.59659596759333,85476.02816302438,843439.3834913532,-81.59659596759333,estimated,69.99318544325425
2026-02-21,5491826950.604501,3145189633.348,103427197.835,2153926594.614911,10894370376.402412,4,67939.0,17697.100266296766,2251913.8414476234,0.0,0.0,0,0,0,False,0.0,-98.44051683563592,17697.100266296766,2251913.8414476234,-98.44051683563592,estimated,55.5692516759942
2026-02-22,5316035845.606999,3075575682.5680003,105665920.9424,2142623403.632644,10639900852.750044,4,67613.25,248313.2467386895,0.0,0.0,0.0,0,0,0,False,0.0,100.0,248313.2467386895,0.0,100.0,estimated,67.30232807400941
2026-02-23,5145575927.2382,2908526754.2869,99969232.425,2045166152.970811,10199238066.92091,4,64625.25,72572984.19329536,0.0,0.0,0.0,0,0,0,False,0.0,100.0,72572984.19329536,0.0,100.0,estimated,80.92769226849451
2026-02-24,5109489318.1185,3036268304.4224997,104766058.7148,2002512352.7819376,10253036034.037737,4,64031.9,99725322.72792348,0.0,0.0,0.0,0,0,0,False,0.0,100.0,99725322.72792348,0.0,100.0,estimated,87.84059883273979
2026-02-25,5443705897.245,3187095101.5315003,108285434.6406,2050165792.593382,10789252226.010483,4,67962.4,0.0,28372794.76618909,0.0,0.0,0,0,0,False,0.0,-100.0,0.0,28372794.76618909,-100.0,estimated,64.20393088869733
2026-02-26,5332856278.5828,3105144160.4925,107900668.456,1927591441.706401,10473492549.237701,4,67448.29999999999,1853129.5822546198,337698.56991213467,0.0,0.0,0,0,0,False,0.0,69.17160576212727,1853129.5822546198,337698.56991213467,69.17160576212727,estimated,64.26186457031594
2026-02-27,5212799281.144,2993397692.9523997,109795261.6544,1959085804.2316616,10275078039.98246,4,65839.05,31980842.774250507,0.0,0.0,0.0,0,0,0,False,0.0,100.0,31980842.774250507,0.0,100.0,estimated,70.78661518963204
2026-02-28,5178514976.815801,3004819171.7544003,104604543.3888,1921109513.307521,10209048205.266521,4,66938.9,29669719.0296909,370997.5220779321,0.0,0.0,0,0,0,False,0.0,97.53003546743902,29669719.0296909,370997.5220779321,97.53003546743902,estimated,78.60180149995995
2026-03-01,5117384042.0,2897813815.5948,101888961.075,1946957569.715462,10064044388.385263,4,65748.45,121422.86726055763,655361.1640019481,0.0,0.0,0,0,0,False,0.0,-68.73703310733377,121422.86726055763,655361.1640019481,-68.73703310733377,estimated,78.2217347647826
2026-03-02,5654780931.3794,3000471310.8435,107081692.845,2097690540.7810931,10860024475.848993,4,68800.85,3995.2373284297378,13674227.15461237,0.0,0.0,0,0,0,False,0.0,-99.94158250664525,3995.2373284297378,13674227.15461237,-99.94158250664525,estimated,70.3438912751121
2026-03-03,5404458620.589901,3230455090.1145,104543797.0338,2020810907.062231,10760268414.800432,4,68297.4,24604036.077197984,118721.91266897791,0.0,0.0,0,0,0,False,0.0,99.03957387992361,24604036.077197984,118721.91266897791,99.03957387992361,estimated,72.04412180810232
2026-03-04,6641188492.247399,3202565306.2144,125236022.7466,2334404536.1477246,12303394357.356123,4,72642.9,160441.18058004027,300344461.6001656,0.0,0.0,0,0,0,False,0.0,-99.89321892648316,160441.18058004027,300344461.6001656,-99.89321892648316,estimated,-11.287280660537261
2026-03-05,5911448415.4984,3615343676.1168,121769689.5776,2206659271.0804834,11855221052.273283,4,70853.3,19150680.34275292,944100.1831324793,0.0,0.0,0,0,0,False,0.0,90.6035282951578,19150680.34275292,944100.1831324793,90.6035282951578,estimated,-10.781534355286007
2026-03-06,5673533337.717,3096467488.692,111543397.031,2040551971.1450095,10922096194.58501,4,68079.95,170889452.1918917,72824.49825172023,0.0,0.0,0,0,0,False,0.0,99.91480635417169,170889452.1918917,72824.49825172023,99.91480635417169,estimated,13.012101547595496
2026-03-07,5630597141.0403,3177880143.222,118781642.6721,2039494772.8801591,10966753699.81456,4,67229.9,9920745.32285873,0.0,0.0,0.0,0,0,0,False,0.0,100.0,9920745.32285873,0.0,100.0,estimated,14.396998012178846
2026-03-08,5412543060.613501,3180968404.7908,109579297.854,2007077042.3180425,10710167805.576344,4,65943.1,173702798.33275697,64785.31919545308,0.0,0.0,0,0,0,False,0.0,99.92543451680238,173702798.33275697,64785.31919545308,99.92543451680238,estimated,29.551331174572056
2026-03-09,5580519811.848501,3362826183.8577,115996989.614,2051272698.9290895,11110615684.249292,4,68392.4,0.0,1110067.1080816865,0.0,0.0,0,0,0,False,0.0,-100.0,0.0,1110067.1080816865,-100.0,estimated,23.76129013335883
2026-03-10,5633256274.4532,3290851520.775,128208176.2764,2127991109.6716888,11180307081.176289,4,69910.2,0.0,32958781.133595012,0.0,0.0,0,0,0,False,0.0,-100.0,0.0,32958781.133595012,-100.0,estimated,9.872097337375076
2026-03-11,5798440741.6,3080158387.0884004,130523190.4773,2062333723.317224,11071456042.482925,4,70151.15,103328.018967807,426129.8531119012,0.0,0.0,0,0,0,False,0.0,-60.9683699434159,103328.018967807,426129.8531119012,-60.9683699434159,estimated,13.659264927053503
2026-03-12,5939222987.128401,3154175575.41,141734205.932,2035857581.5891676,11270990350.059566,4,70481.05,108248.28192620893,125944.77458219546,0.0,0.0,0,0,0,False,0.0,-7.556369484144574,108248.28192620893,125944.77458219546,-7.556369484144574,estimated,13.503232208583734
2026-03-13,5895118709.2785,3266034313.6080003,138460404.016,2204770761.2175136,11504384188.120014,4,70896.25,0.0,70862663.61288707,0.0,0.0,0,0,0,False,0.0,-100.0,0.0,70862663.61288707,-100.0,estimated,0.7887656472789658
2026-03-14,5942557559.9808,3294423976.578,138549037.5126,2019361430.8309565,11394892004.902355,4,71176.2,204029.29967826884,42969.275550177845,0.0,0.0,0,0,0,False,0.0,65.2068636343866,204029.29967826884,42969.275550177845,65.2068636343866,estimated,-2.7343582243125875
2026-03-15,6047102441.7364,3419646608.9750004,147324364.7856,2045633925.434592,11659707340.931591,4,72778.2,11094.912306530869,3556061.1791319093,0.0,0.0,0,0,0,False,0.0,-99.37794074483256,11094.912306530869,3556061.1791319093,-99.37794074483256,estimated,-3.090877869351083
2026-03-16,6613216388.0736,3427232769.4486,142993371.8228,2162717662.8865614,12346160192.23156,4,74850.54999999999,45433.493520715805,152067904.01296425,0.0,0.0,0,0,0,False,0.0,-99.94026362938915,45433.493520715805,152067904.01296425,-99.94026362938915,estimated,-17.033679194095413
2026-03-17,6885660144.266399,3639976833.372,143782156.1206,2205345745.362075,12874764879.121073,4,73871.5,2321940.970412626,185034777.71818838,0.0,0.0,0,0,0,False,0.0,-97.52136887679825,2321940.970412626,185034777.71818838,-97.52136887679825,estimated,-32.99977666998658
2026-03-18,6118695751.990199,3351614822.5482,129498301.7055,2231451413.753777,11831260289.997675,4,71212.65,73765810.01353835,389067.4835862076,0.0,0.0,0,0,0,False,0.0,98.95066246019678,73765810.01353835,389067.4835862076,98.95066246019678,estimated,0.28594980012900556
2026-03-19,6071161069.313999,3393103042.1202,125618757.0992,2141192327.322081,11731075195.85548,4,69886.1,75483722.23204017,4326.139335906688,0.0,0.0,0,0,0,False,0.0,99.98853821385177,75483722.23204017,4326.139335906688,99.98853821385177,estimated,6.2773525436810695
2026-03-20,6115116250.9953,3423840642.6185,118142130.9108,2142771522.134117,11799870546.658718,4,70476.15,6426.509296743848,134073.35910534233,0.0,0.0,0,0,0,False,0.0,-90.85193549313185,6426.509296743848,134073.35910534233,-90.85193549313185,estimated,-14.199477712475666
2026-03-21,5952221034.4755,3241738154.007,119035088.3098,2110290564.478094,11423284841.270393,4,68885.4,2495651.893245328,52121.464020893756,0.0,0.0,0,0,0,False,0.0,95.90846934070929,2495651.893245328,52121.464020893756,95.90846934070929,estimated,-15.299255629624867
2026-03-22,5878916087.136001,3278678224.8612003,113787986.746,2096423445.9196153,11367805744.662815,4,67830.75,100534648.82469986,645.4938159750766,0.0,0.0,0,0,0,False,0.0,99.9987158861565,100534648.82469986,645.4938159750766,99.9987158861565,estimated,-27.311580384727936
2026-03-23,6054140876.141399,3505957718.94,123175885.0232,2054624519.5093951,11737898999.613995,4,70865.45,5613.828464196349,2783695.6552423486,0.0,0.0,0,0,0,False,0.0,-99.59747539690457,5613.828464196349,2783695.6552423486,-99.59747539690457,estimated,-27.48348428285569
2026-03-24,6076179557.8904,3136197448.5258,119188904.3064,2069354314.0287375,11400920224.751339,4,70523.85,4897843.522296198,58248.252351685645,0.0,0.0,0,0,0,False,0.0,97.64942801706597,4897843.522296198,58248.252351685645,97.64942801706597,estimated,-23.027338819691504
2026-03-25,6153487734.595,3244931200.9116,117485022.6472,2071032913.4987347,11586936871.652534,4,71305.65,0.0,1169210.2311388778,0.0,0.0,0,0,0,False,0.0,-100.0,0.0,1169210.2311388778,-100.0,estimated,-23.13072976378283
2026-03-26,6012395397.844,3127207831.8442,120436035.8648,2157661287.2999945,11417700552.852993,4,68792.2,13895690.93330897,0.0,0.0,0.0,0,0,0,False,0.0,100.0,13895690.93330897,0.0,100.0,estimated,-20.655692690343923
2026-03-27,6316262309.0574,3341959573.9047,125601485.9916,2162639175.412992,11946462544.366692,4,66363.65,162830976.39876455,14951.1564722716,0.0,0.0,0,0,0,False,0.0,99.98163766610965,162830976.39876455,14951.1564722716,99.98163766610965,estimated,11.664111357346844
2026-03-28,6224542409.0304,3583558408.9271994,120590039.8638,2169038214.5837793,12097729072.405178,4,66337.4,73352.51997453709,417448.2032666964,0.0,0.0,0,0,0,False,0.0,-70.10904161260432,73352.51997453709,417448.2032666964,-70.10904161260432,estimated,11.595881377293113
2026-03-29,6216545479.9107,3487947885.1700997,106307305.9638,2155872139.2344103,11966672810.279009,4,65979.15,14049897.406010848,181797.34947761148,0.0,0.0,0,0,0,False,0.0,97.44517638129497,14049897.406010848,181797.34947761148,97.44517638129497,estimated,13.636515584716808
2026-03-30,6004182713.4888,3570576060.9468,121381536.3432,2098543137.0556056,11794683447.834406,4,66764.79999999999,0.0,8259620.377893119,0.0,0.0,0,0,0,False,0.0,-100.0,0.0,8259620.377893119,-100.0,estimated,38.81592137610032
2026-03-31,6087895186.16,3409539797.8680005,121531157.2809,2013009093.0932057,11631975234.402107,4,68241.35,81370.35758938076,1165473.1295477469,0.0,0.0,0,0,0,False,0.0,-86.94778319350812,81370.35758938076,1165473.1295477469,-86.94778319350812,estimated,93.67666122409351
2026-04-01,6071615475.8355,3288395363.8780003,123720753.5756,2143188231.103661,11626919824.392761,4,68086.25,64074.843395121854,16483186.139504654,0.0,0.0,0,0,0,False,0.0,-99.2255534802849,64074.843395121854,16483186.139504654,-99.2255534802849,estimated,84.83265607821126
2026-04-02,6026002924.359,3313396923.444,123142521.9109,2060231234.429172,11522773604.143072,4,66869.7,7177253.995002108,21370.583564367003,0.0,0.0,0,0,0,False,0.0,99.40625925602518,7177253.995002108,21370.583564367003,99.40625925602518,estimated,81.74771101631906
2026-04-03,6042094104.18,3287904233.058,127480079.6352,2044810161.4375732,11502288578.310774,4,66931.35,16718.241902293128,4788.102318337866,0.0,0.0,0,0,0,False,0.0,55.47265244880953,16718.241902293128,4788.102318337866,55.47265244880953,estimated,81.81804852660048
2026-04-04,6148645685.314,3293563019.0252,125797105.8315,2068539643.1642115,11636545453.33491,4,67269.2,0.0,31177.050554004876,0.0,0.0,0,0,0,False,0.0,-100.0,0.0,31177.050554004876,-100.0,estimated,81.69367575697389
2026-04-05,6281038774.132199,3378627717.3983994,129648364.2,2023155608.427433,11812470464.158031,4,69001.2,117978.84898081032,2448803.4533318495,0.0,0.0,0,0,0,False,0.0,-90.807257095819,117978.84898081032,2448803.4533318495,-90.807257095819,estimated,72.02988860596811
2026-04-06,6302778968.1249,3472719203.91,126425479.128,2189513729.7196817,12091437380.882582,4,68815.4,197937.4297965024,36827178.575200684,0.0,0.0,0,0,0,False,0.0,-98.93079373596136,197937.4297965024,36827178.575200684,-98.93079373596136,estimated,50.398049052425264
2026-04-07,6325640696.401199,3618259377.1096,119946858.2466,2104198161.2155864,12168045092.972984,4,71899.6,1760441.1027351012,173674107.86639327,0.0,0.0,0,0,0,False,0.0,-97.99305084080686,1760441.1027351012,173674107.86639327,-97.99305084080686,estimated,-9.169307787668867
2026-04-08,6462308536.293401,3581622869.258,123863829.0368,2398613128.524006,12566408363.112207,4,71039.9,615165.0442029665,116446.69698368847,0.0,0.0,0,0,0,False,0.0,68.16707812949666,615165.0442029665,116446.69698368847,68.16707812949666,estimated,-8.799795120917365
2026-04-09,6670640499.7824,3727309959.005,128324143.2978,2455920510.9760175,12982195113.061216,4,71757.0,369448.4386511843,33577857.78416221,0.0,0.0,0,0,0,False,0.0,-97.82340055952419,369448.4386511843,33577857.78416221,-97.82340055952419,estimated,-18.6438429012843
2026-04-10,7081950077.634,3842275774.28,129108626.8563,2418938310.712572,13472272789.482872,4,72922.9,78145.21932871474,24351033.25811331,0.0,0.0,0,0,0,False,0.0,-99.36023047683837,78145.21932871474,24351033.25811331,-99.36023047683837,estimated,-84.72707647211553
2026-04-11,7208168184.367199,4009305046.8276,127533979.8672,2465032543.6722164,13810039754.734217,4,73014.04999999999,102303.0225201057,24596885.66241201,0.0,0.0,0,0,0,False,0.0,-99.17160823519262,102303.0225201057,24596885.66241201,-99.17160823519262,estimated,-85.77780914020913
2026-04-12,6418388351.7647,3815502358.61,129288734.6091,2340426707.440519,12703606152.42432,4,70713.05,16353977.473565213,0.0,0.0,0.0,0,0,0,False,0.0,100.0,16353977.473565213,0.0,100.0,estimated,-84.54210907855946
2026-04-13,6965475519.87,3678970196.432,138724284.8381,2383393135.2840414,13166563136.42414,4,74385.25,0.0,63127061.78984156,0.0,0.0,0,0,0,False,0.0,-100.0,0.0,63127061.78984156,-100.0,estimated,-86.644782961349
2026-04-14,7374020423.741999,3836339930.1318,134902416.9012,2705413321.113956,14050676091.888954,4,74103.5,124730.39794257002,116566001.50680621,0.0,0.0,0,0,0,False,0.0,-99.7862205576971,124730.39794257002,116566001.50680621,-99.7862205576971,estimated,-89.59986033779339
2026-04-15,7337326463.860199,4148356178.5983,135369190.6722,2578400667.39768,14199452500.52838,4,74777.25,874628.8173370215,2966955.585374483,0.0,0.0,0,0,0,False,0.0,-54.465203642555274,874628.8173370215,2966955.585374483,-54.465203642555274,estimated,-89.01844848570768
2026-04-16,7355596099.554,3943857468.7536,142086393.386,2553028914.330022,13994568876.023623,4,75106.75,2477427.0039861854,281947.83568307006,0.0,0.0,0,0,0,False,0.0,79.56436859322345,2477427.0039861854,281947.83568307006,79.56436859322345,estimated,-90.79498451669022
2026-04-17,8228470239.449401,4052917183.9325,159384109.90379998,2872317210.7869067,15313088744.072607,4,77031.85,26433.011213828202,405125586.5460474,0.0,0.0,0,0,0,False,0.0,-99.98695155895176,26433.011213828202,405125586.5460474,-99.98695155895176,estimated,-94.90540820127904
2026-04-18,7433604698.084,4292129236.8,151535033.774,2657809343.102659,14535078311.760658,4,75651.9,5263206.572132465,0.0,0.0,0.0,0,0,0,False,0.0,100.0,5263206.572132465,0.0,100.0,estimated,-93.78045002081672
2026-04-19,7057659538.911999,3806785020.6144,143785496.83,2641919305.9641237,13650149362.32052,4,73766.8,38334509.0573515,61637.292513397864,0.0,0.0,0,0,0,False,0.0,99.67894021471966,38334509.0573515,61637.292513397864,99.67894021471966,estimated,-85.9517268286571
2026-04-20,7067355203.3555,3742015494.9569006,145003490.6218,2585534289.684346,13539908478.618546,4,75796.75,0.0,177459.37806803518,0.0,0.0,0,0,0,False,0.0,-100.0,0.0,177459.37806803518,-100.0,estimated,-85.42696647982854
2026-04-21,7234666334.352,3902458572.9936,136854925.8986,2669790879.3535414,13943770712.597742,4,76298.45000000001,8858.480560984995,781694.847440297,0.0,0.0,0,0,0,False,0.0,-97.75891638243267,8858.480560984995,781694.847440297,-97.75891638243267,estimated,-82.44638895751089
2026-04-22,8115947428.249801,3918886038.403499,148636488.2622,2977939700.7646465,15161409655.680145,4,78143.4,0.0,237135219.87978816,0.0,0.0,0,0,0,False,0.0,-100.0,0.0,237135219.87978816,-100.0,estimated,-86.83879487367567
2026-04-23,7755561148.889601,4469989167.8648,141827118.24040002,2851648176.397977,15219025611.392778,4,78215.55,4606500.9843825735,235381.50501445384,0.0,0.0,0,0,0,False,0.0,90.27727312548774,4606500.9843825735,235381.50501445384,90.27727312548774,estimated,-85.53485477868435
2026-04-24,7443455306.410599,4015260138.7638,143781040.2441,2705563563.7456203,14308060049.16412,4,77400.15,470119.2072569469,0.0,0.0,0.0,0,0,0,False,0.0,100.0,470119.2072569469,0.0,100.0,estimated,-85.07278372241198
2026-04-25,7440357586.889999,3814300502.277,143263501.7541,2560237229.0084667,13958158819.929567,4,77589.65,0.0,373.82962467777674,0.0,0.0,0,0,0,False,0.0,-100.0,0.0,373.82962467777674,-100.0,estimated,-84.68370656142447
2026-04-26,7563434236.448999,3884833063.7544,143966953.7631,2580910169.2248154,14173144423.191315,4,78621.8,0.0,1134231.607453356,0.0,0.0,0,0,0,False,0.0,-100.0,0.0,1134231.607453356,-100.0,estimated,-88.1364851212297
2026-04-27,7544234290.784,3728670054.515,144979889.6,2560132089.6604967,13978016324.559496,4,77329.95,4064645.4726827824,6651606.723160347,0.0,0.0,0,0,0,False,0.0,-24.140540957789845,4064645.4726827824,6651606.723160347,-24.140540957789845,estimated,-86.40242783331472
2026-04-28,7449449531.7948,3964850758.4,139684042.0131,2480702179.277535,14034686511.485434,4,76300.95,17710571.16176719,0.0,0.0,0.0,0,0,0,False,0.0,100.0,17710571.16176719,0.0,100.0,estimated,-79.72597051962236
2026-04-29,7233686629.8161,3863047747.5,139956374.17499998,2337129089.1058617,13573819840.596962,4,75750.0,39561539.406993814,1040864.6553916325,0.0,0.0,0,0,0,False,0.0,94.87289149779235,39561539.406993814,1040864.6553916325,94.87289149779235,estimated,-70.58777033411164
2026-04-30,7273544041.518999,3800990243.633,138946982.2875,2382856037.3279333,13596337304.767431,4,76303.2,60.80863927546057,267.7297566133219,0.0,0.0,0,0,0,False,0.0,-62.98232411407668,60.80863927546057,267.7297566133219,-62.98232411407668,estimated,-71.13122331505338
2026-05-01,8121267112.032,3937527530.7165,143663352.4248,2584990508.0659347,14787448503.239235,4,78193.7,0.0,11791225.997054838,0.0,0.0,0,0,0,False,0.0,-100.0,0.0,11791225.997054838,-100.0,estimated,-40.37340122741781
2026-05-02,8029452602.516199,4227482660.003901,149011685.1975,2545965625.962434,14951912573.680033,4,78655.55,0.0,35578736.68223158,0.0,0.0,0,0,0,False,0.0,-100.0,0.0,35578736.68223158,-100.0,estimated,-47.53575370457195
2026-05-03,8118923505.407,3985658405.7713,150458675.1831,2558673874.184855,14813714460.546253,4,78530.45,947956.3461160422,40221959.2139904,0.0,0.0,0,0,0,False,0.0,-95.39490750360143,947956.3461160422,40221959.2139904,-95.39490750360143,estimated,-66.49240350401975
2026-05-04,8674685443.692902,4170327202.1985,167039142.4016,2550876807.182563,15562928595.475563,4,79822.2,232576.29801776898,306462456.6516442,0.0,0.0,0,0,0,False,0.0,-99.84833383457115,232576.29801776898,306462456.6516442,-99.84833383457115,estimated,-80.92031809918836
2026-05-05,9157488882.15,4412715875.8456,162175369.17000002,2942660618.730611,16675040745.896212,4,80868.6,0.0,533444050.5478822,0.0,0.0,0,0,0,False,0.0,-100.0,0.0,533444050.5478822,-100.0,estimated,-89.10907992252032
2026-05-06,8657948231.4138,4667914638.045,162318365.0513,2796646817.697889,16284828052.207989,4,81394.95,0.0,290569590.9223394,0.0,0.0,0,0,0,False,0.0,-100.0,0.0,290569590.9223394,-100.0,estimated,-89.55855729584526
2026-05-07,8308493905.0316,4157626096.7248,149285032.67700002,2678081202.5408807,15293486236.974281,4,79977.29999999999,42227333.036330506,0.0,0.0,0.0,0,0,0,False,0.0,100.0,42227333.036330506,0.0,100.0,estimated,-84.2032882265023
2026-05-08,8082847722.8784,4167997719.2172,147448845.95839998,2697664650.528017,15095958938.582018,4,80156.65,5595664.797922561,0.0,0.0,0.0,0,0,0,False,0.0,100.0,5595664.797922561,0.0,100.0,estimated,-83.49724789018661
2026-05-09,8081443873.349999,4209453392.496,151389929.625,2740531488.3311877,15182818683.802187,4,80632.8,0.0,152080.4749667783,0.0,0.0,0,0,0,False,0.0,-100.0,0.0,152080.4749667783,-100.0,estimated,-83.49911988114957
2026-05-10,8081660980.53917,4231988498.3495994,145298493.8896,2766974463.4837165,15225922436.262087,4,82182.35,120277.47408359274,4511565.071435664,0.0,0.0,0,0,0,False,0.0,-94.80649556190346,120277.47408359274,4511565.071435664,-94.80649556190346,estimated,-83.52422133521527
2026-05-11,8256374453.7736,4241300344.954401,142945900.335,2740875238.044916,15381495937.107916,4,81699.45000000001,832942.2413150748,0.0,0.0,0.0,0,0,0,False,0.0,100.0,832942.2413150748,0.0,100.0,estimated,-83.88748564351566
2026-05-12,8212936557.381255,4180421667.67,144840299.5302,2724154803.149138,15262353327.73059,4,80460.6,4553811.754513677,0.0,0.0,0.0,0,0,0,False,0.0,100.0,4553811.754513677,0.0,100.0,estimated,-85.72333392601273
2026-05-13,8487896434.25866,4188749289.087,151673005.41820002,2712615084.5646725,15540933813.328533,4,79288.25,51318953.50777963,7168.868857651389,0.0,0.0,0,0,0,False,0.0,99.97206541805342,51318953.50777963,7168.868857651389,99.97206541805342,estimated,-84.06863296067053
2026-05-14,8269001740.5372,4538131994.001201,150486155.7665,2731408689.2274065,15689028579.532309,4,81056.3,247992.01845211603,9327984.438945157,0.0,0.0,0,0,0,False,0.0,-94.82053825935326,247992.01845211603,9327984.438945157,-94.82053825935326,estimated,-84.14558050485341
2026-05-15,8952198019.656994,4181120202.114,145131766.2382,2635216040.5443544,15913666028.553549,4,79071.75,22263856.38953049,267437.71578337636,0.0,0.0,0,0,0,False,0.0,97.62607762755799,22263856.38953049,267437.71578337636,97.62607762755799,estimated,-80.97073931733216
2026-05-16,8055883721.0873,4186100918.3895,139949615.3653,2680675824.400018,15062610079.242119,4,78106.7,144955259.51834258,0.0,0.0,0.0,0,0,0,False,0.0,100.0,144955259.51834258,0.0,100.0,estimated,-62.517458961922856
2026-05-17,7958085954.343924,4243950326.057599,139510641.933,2671801944.058846,15013348866.39337,4,77415.7,188657592.65423957,24895.178178478316,0.0,0.0,0,0,0,False,0.0,99.97361156462958,188657592.65423957,24895.178178478316,99.97361156462958,estimated,-42.5814085625878
2026-05-18,7810057721.314,4066576602.8745,141591480.536,2694081111.96506,14712306916.68956,4,76962.7,174009350.5087424,0.0,0.0,0.0,0,0,0,False,0.0,100.0,174009350.5087424,0.0,100.0,estimated,-13.81599510453397
2026-05-19,8039490310.0144,4112344909.6205,146948268.1517,2599851726.18961,14898635213.976208,4,76799.95,746108.4208021356,11535.819099132415,0.0,0.0,0,0,0,False,0.0,96.95481903204708,746108.4208021356,11535.819099132415,96.95481903204708,estimated,35.161249605440716
2026-05-20,7974657868.8,4139657243.580099,155414697.0084,2556564201.0678797,14826294010.456379,4,77511.3,0.0,651623.2897824419,0.0,0.0,0,0,0,False,0.0,-100.0,0.0,651623.2897824419,-100.0,estimated,95.40209939430352
2026-05-21,7874378647.925912,3996335709.896399,147015529.4192,2565230781.107537,14582960668.349049,4,77584.6,81707.25844615337,1746652.578772988,0.0,0.0,0,0,0,False,0.0,-91.06223438265557,81707.25844615337,1746652.578772988,-91.06223438265557,estimated,94.52503889826357
2026-05-22,7812745374.4992,3937541270.8464,136904703.41120002,2586779682.510528,14473971031.267328,4,75509.15,191022144.88945225,0.0,0.0,0.0,0,0,0,False,0.0,100.0,191022144.88945225,0.0,100.0,estimated,95.80120332868832
2026-05-23,7919307702.4762,4234063409.124,136813580.75,2636547954.683238,14926732647.03344,4,76709.1,197528326.56645486,466257.6079018023,0.0,0.0,0,0,0,False,0.0,99.52901983673328,197528326.56645486,466257.6079018023,99.52901983673328,estimated,96.57420615482746
2026-05-24,7897513726.637323,4045346099.9025,135633548.37600002,2464265693.207194,14542759068.123016,4,77030.1,912409.9501590496,811618.5169303191,0.0,0.0,0,0,0,False,0.0,5.846274301890963,912409.9501590496,811618.5169303191,5.846274301890963,estimated,97.3112761336762
2026-05-25,7635290930.064,4024508468.398,140608409.88,2499749311.2057347,14300157119.547733,4,77281.0,0.0,2232041.504173415,0.0,0.0,0,0,0,False,0.0,-100.0,0.0,2232041.504173415,-100.0,estimated,96.86499004036652
2026-05-26,7715266074.123639,4098340516.9794,148016726.4575,2451424903.1022525,14413048220.662792,4,75897.79999999999,413060.18760570895,89561.89977126071,0.0,0.0,0,0,0,False,0.0,64.36213130280177,413060.18760570895,89561.89977126071,64.36213130280177,estimated,96.83399884768153
2026-05-27,7524053401.941594,3757835427.1376,135921126.6348,2640901344.300017,14058711300.01401,4,74413.25,12218120.235880703,0.0,0.0,0.0,0,0,0,False,0.0,100.0,12218120.235880703,0.0,100.0,estimated,96.70499698006692
2026-05-28,7525541310.294,4231588658.5136,137557596.1799,2699592220.611296,14594279785.598795,4,73588.7,412829771.48653126,0.0,0.0,0.0,0,0,0,False,0.0,100.0,412829771.48653126,0.0,100.0,estimated,99.06776525241737
2026-05-29,7844000019.410804,4282808992.398,129225210.2022,2585176796.6198845,14841211018.630888,4,73429.79999999999,16431659.052394763,969296.9509732224,0.0,0.0,0,0,0,False,0.0,88.85926783809333,16431659.052394763,969296.9509732224,88.85926783809333,estimated,98.95998862846993
2026-05-30,7663275800.6112,3989071459.1424,132113513.1918,2536667650.7566056,14321128423.702005,4,73852.05,0.0,707136.4180111653,0.0,0.0,0,0,0,False,0.0,-100.0,0.0,707136.4180111653,-100.0,estimated,98.71763335233965
2026-05-31,7678916981.96,4020484896.504,135024445.3544,2540167005.897517,14374593329.71592,4,73649.35,1720.4513435738531,1682.526093578881,0.0,0.0,0,0,0,False,0.0,1.114472566903179,1720.4513435738531,1682.526093578881,1.114472566903179,estimated,98.48356934373321
2026-06-01,7737315532.158862,3854661159.159,137495715.13300002,2606935331.2940135,14336407737.744875,4,71390.5,451169297.8992703,29335.26452099337,0.0,0.0,0,0,0,False,0.0,99.98699674051966,451169297.8992703,29335.26452099337,99.98699674051966,estimated,98.80459835826764
2026-06-02,7521284130.6125,3870454077.626399,128244464.838,2688626507.1435127,14208609180.220411,4,66723.9,568852435.8388114,0.0,0.0,0.0,0,0,0,False,0.0,100.0,568852435.8388114,0.0,100.0,estimated,99.17111144076364
2026-06-03,7177092405.751463,3750013544.1664,129268781.4996,2514730275.9077997,13571105007.32526,4,64116.25,218254607.06295252,94336.3641174474,0.0,0.0,0,0,0,False,0.0,99.91359118790612,218254607.06295252,94336.3641174474,99.91359118790612,estimated,99.31166196229557
2026-06-04,6716459402.2496,3740936902.1444,117746485.0582,2255146030.0532103,12830288819.505413,4,63848.45,417945669.8166731,1121.9974386551037,0.0,0.0,0,0,0,False,0.0,99.99946309077585,417945669.8166731,1121.9974386551037,99.99946309077585,estimated,99.56659214629813
2026-06-05,6301849095.461699,3438718252.0494,126647679.4173,1890589101.8300464,11757804128.758444,4,61025.899999999994,246736735.79803205,0.0,0.0,0.0,0,0,0,False,0.0,100.0,246736735.79803205,0.0,100.0,estimated,99.57606645760812
2026-06-06,6201023262.678916,3434281662.0684,119780341.599,1857912435.9165864,11612997702.262903,4,60852.649999999994,104700.17688517536,8537.401337221698,0.0,0.0,0,0,0,False,0.0,84.92125764036676,104700.17688517536,8537.401337221698,84.92125764036676,estimated,99.57932298844682
2026-06-07,6193343236.743557,3608329959.57,117815403.219,1876399892.615507,11795888492.148064,4,63306.75,0.0,598599.4353390709,0.0,0.0,0,0,0,False,0.0,-100.0,0.0,598599.4353390709,-100.0,estimated,99.59725317687875
