Friday_of_Week,NFCI,ANFCI,Risk,Credit,Leverage,Nonfinancial_Leverage
01/08/1971,0.598,0.587,0.625,-1.106,-1.018,-1.409
01/15/1971,0.63,0.637,0.655,-1.107,-1.036,-1.426
01/22/1971,0.667,0.705,0.689,-1.11,-1.052,-1.441
01/29/1971,0.707,0.785,0.728,-1.115,-1.067,-1.454
02/05/1971,0.75,0.868,0.77,-1.122,-1.079,-1.464
02/12/1971,0.793,0.943,0.813,-1.132,-1.088,-1.472
02/19/1971,0.836,1.003,0.856,-1.146,-1.093,-1.477
02/26/1971,0.878,1.041,0.9,-1.163,-1.094,-1.48
03/05/1971,0.921,1.06,0.947,-1.185,-1.091,-1.479
03/12/1971,0.967,1.063,0.998,-1.211,-1.083,-1.476
03/19/1971,1.019,1.06,1.056,-1.243,-1.07,-1.47
03/26/1971,1.078,1.069,1.123,-1.28,-1.052,-1.462
04/02/1971,1.144,1.106,1.199,-1.322,-1.03,-1.451
04/09/1971,1.217,1.186,1.282,-1.369,-1.002,-1.439
04/16/1971,1.291,1.313,1.367,-1.42,-0.971,-1.425
04/23/1971,1.361,1.477,1.449,-1.474,-0.935,-1.41
04/30/1971,1.419,1.657,1.519,-1.53,-0.896,-1.393
05/07/1971,1.458,1.824,1.57,-1.585,-0.855,-1.376
05/14/1971,1.469,1.941,1.592,-1.64,-0.812,-1.359
05/21/1971,1.448,1.978,1.581,-1.692,-0.767,-1.341
05/28/1971,1.396,1.922,1.539,-1.741,-0.722,-1.323
06/04/1971,1.316,1.769,1.469,-1.784,-0.676,-1.304
06/11/1971,1.218,1.528,1.378,-1.821,-0.63,-1.286
06/18/1971,1.117,1.231,1.283,-1.852,-0.585,-1.268
06/25/1971,1.03,0.922,1.201,-1.874,-0.541,-1.25
07/02/1971,0.972,0.649,1.145,-1.887,-0.498,-1.233
07/09/1971,0.96,0.469,1.133,-1.892,-0.457,-1.216
07/16/1971,1.003,0.428,1.172,-1.887,-0.419,-1.199
07/23/1971,1.103,0.552,1.266,-1.874,-0.383,-1.183
07/30/1971,1.255,0.84,1.408,-1.852,-0.35,-1.167
08/06/1971,1.445,1.253,1.585,-1.822,-0.321,-1.152
08/13/1971,1.653,1.728,1.778,-1.786,-0.295,-1.137
08/20/1971,1.856,2.195,1.965,-1.744,-0.273,-1.123
08/27/1971,2.029,2.576,2.123,-1.698,-0.256,-1.11
09/03/1971,2.158,2.827,2.235,-1.65,-0.243,-1.097
09/10/1971,2.227,2.922,2.29,-1.601,-0.234,-1.084
09/17/1971,2.237,2.867,2.287,-1.553,-0.231,-1.072
09/24/1971,2.19,2.688,2.23,-1.509,-0.232,-1.06
10/01/1971,2.098,2.426,2.129,-1.468,-0.238,-1.048
10/08/1971,1.974,2.124,1.998,-1.432,-0.249,-1.037
10/15/1971,1.835,1.832,1.856,-1.403,-0.265,-1.025
10/22/1971,1.698,1.588,1.717,-1.381,-0.285,-1.014
10/29/1971,1.577,1.422,1.597,-1.367,-0.31,-1.003
11/05/1971,1.482,1.348,1.504,-1.361,-0.339,-0.992
11/12/1971,1.415,1.36,1.441,-1.362,-0.372,-0.982
11/19/1971,1.377,1.443,1.408,-1.372,-0.406,-0.971
11/26/1971,1.361,1.565,1.398,-1.389,-0.443,-0.96
12/03/1971,1.358,1.699,1.403,-1.413,-0.48,-0.95
12/10/1971,1.361,1.815,1.413,-1.444,-0.517,-0.939
12/17/1971,1.358,1.886,1.418,-1.481,-0.553,-0.928
12/24/1971,1.342,1.897,1.41,-1.523,-0.586,-0.917
12/31/1971,1.31,1.844,1.387,-1.568,-0.616,-0.906
01/07/1972,1.252,1.72,1.337,-1.618,-0.643,-0.894
01/14/1972,1.177,1.551,1.271,-1.669,-0.665,-0.882
01/21/1972,1.086,1.354,1.188,-1.722,-0.682,-0.87
01/28/1972,0.985,1.154,1.096,-1.776,-0.695,-0.857
02/04/1972,0.883,0.971,1,-1.829,-0.702,-0.843
02/11/1972,0.783,0.819,0.907,-1.881,-0.703,-0.828
02/18/1972,0.69,0.701,0.82,-1.932,-0.699,-0.813
02/25/1972,0.607,0.617,0.742,-1.98,-0.69,-0.797
03/03/1972,0.535,0.563,0.673,-2.024,-0.675,-0.78
03/10/1972,0.475,0.536,0.616,-2.066,-0.655,-0.762
03/17/1972,0.423,0.528,0.566,-2.104,-0.63,-0.744
03/24/1972,0.378,0.531,0.522,-2.139,-0.6,-0.725
03/31/1972,0.335,0.53,0.478,-2.17,-0.566,-0.706
04/07/1972,0.291,0.513,0.433,-2.197,-0.529,-0.686
04/14/1972,0.245,0.473,0.386,-2.222,-0.488,-0.665
04/21/1972,0.196,0.402,0.335,-2.243,-0.445,-0.645
04/28/1972,0.148,0.309,0.284,-2.262,-0.4,-0.624
05/05/1972,0.104,0.203,0.235,-2.279,-0.353,-0.603
05/12/1972,0.067,0.1,0.194,-2.295,-0.306,-0.583
05/19/1972,0.041,0.018,0.163,-2.311,-0.257,-0.562
05/26/1972,0.031,-0.029,0.149,-2.326,-0.209,-0.541
06/02/1972,0.038,-0.031,0.152,-2.343,-0.161,-0.52
06/09/1972,0.064,0.016,0.174,-2.361,-0.114,-0.5
06/16/1972,0.105,0.105,0.212,-2.381,-0.067,-0.48
06/23/1972,0.157,0.227,0.262,-2.403,-0.021,-0.46
06/30/1972,0.212,0.363,0.317,-2.429,0.024,-0.441
07/07/1972,0.264,0.492,0.37,-2.457,0.068,-0.422
07/14/1972,0.305,0.596,0.413,-2.488,0.111,-0.403
07/21/1972,0.329,0.657,0.441,-2.522,0.153,-0.385
07/28/1972,0.332,0.663,0.449,-2.558,0.193,-0.367
08/04/1972,0.314,0.608,0.437,-2.596,0.233,-0.35
08/11/1972,0.275,0.496,0.404,-2.636,0.272,-0.334
08/18/1972,0.221,0.339,0.357,-2.677,0.31,-0.318
08/25/1972,0.156,0.156,0.299,-2.717,0.347,-0.303
09/01/1972,0.088,-0.028,0.237,-2.757,0.384,-0.288
09/08/1972,0.023,-0.189,0.177,-2.795,0.42,-0.274
09/15/1972,-0.033,-0.311,0.125,-2.83,0.457,-0.26
09/22/1972,-0.078,-0.387,0.083,-2.862,0.493,-0.246
09/29/1972,-0.112,-0.419,0.051,-2.891,0.53,-0.233
10/06/1972,-0.136,-0.417,0.028,-2.916,0.567,-0.22
10/13/1972,-0.153,-0.396,0.01,-2.938,0.606,-0.207
10/20/1972,-0.167,-0.368,-0.005,-2.956,0.645,-0.193
10/27/1972,-0.18,-0.344,-0.021,-2.971,0.687,-0.18
11/03/1972,-0.195,-0.332,-0.039,-2.984,0.731,-0.166
11/10/1972,-0.213,-0.336,-0.059,-2.996,0.777,-0.152
11/17/1972,-0.233,-0.362,-0.081,-3.006,0.827,-0.137
11/24/1972,-0.254,-0.409,-0.103,-3.016,0.88,-0.121
12/01/1972,-0.271,-0.472,-0.121,-3.026,0.936,-0.105
12/08/1972,-0.281,-0.541,-0.129,-3.035,0.997,-0.088
12/15/1972,-0.278,-0.603,-0.124,-3.045,1.061,-0.07
12/22/1972,-0.256,-0.643,-0.1,-3.055,1.129,-0.051
12/29/1972,-0.21,-0.645,-0.051,-3.065,1.201,-0.031
01/05/1973,-0.137,-0.597,0.025,-3.075,1.275,-0.01
01/12/1973,-0.034,-0.491,0.13,-3.086,1.353,0.012
01/19/1973,0.095,-0.326,0.262,-3.097,1.434,0.035
01/26/1973,0.246,-0.107,0.415,-3.107,1.516,0.059
02/02/1973,0.414,0.152,0.585,-3.118,1.599,0.085
02/09/1973,0.588,0.428,0.759,-3.128,1.682,0.111
02/16/1973,0.757,0.693,0.928,-3.136,1.765,0.139
02/23/1973,0.912,0.922,1.083,-3.144,1.848,0.168
03/02/1973,1.043,1.092,1.213,-3.149,1.928,0.198
03/09/1973,1.146,1.193,1.315,-3.153,2.006,0.229
03/16/1973,1.217,1.226,1.385,-3.154,2.081,0.261
03/23/1973,1.259,1.208,1.426,-3.152,2.153,0.293
03/30/1973,1.277,1.157,1.442,-3.148,2.222,0.325
04/06/1973,1.274,1.094,1.437,-3.141,2.286,0.358
04/13/1973,1.258,1.037,1.419,-3.13,2.346,0.389
04/20/1973,1.233,0.994,1.393,-3.117,2.401,0.421
04/27/1973,1.205,0.965,1.365,-3.1,2.451,0.451
05/04/1973,1.177,0.943,1.336,-3.079,2.496,0.48
05/11/1973,1.153,0.921,1.312,-3.054,2.535,0.508
05/18/1973,1.134,0.892,1.294,-3.024,2.568,0.535
05/25/1973,1.123,0.855,1.285,-2.988,2.595,0.56
06/01/1973,1.123,0.815,1.287,-2.945,2.617,0.583
06/08/1973,1.138,0.784,1.303,-2.895,2.634,0.605
06/15/1973,1.168,0.773,1.335,-2.836,2.647,0.626
06/22/1973,1.217,0.792,1.385,-2.77,2.655,0.645
06/29/1973,1.286,0.849,1.455,-2.694,2.661,0.663
07/06/1973,1.374,0.94,1.543,-2.61,2.663,0.679
07/13/1973,1.481,1.064,1.647,-2.518,2.665,0.694
07/20/1973,1.602,1.212,1.763,-2.417,2.664,0.707
07/27/1973,1.731,1.378,1.887,-2.309,2.663,0.72
08/03/1973,1.863,1.552,2.012,-2.194,2.662,0.732
08/10/1973,1.992,1.726,2.132,-2.073,2.66,0.742
08/17/1973,2.113,1.888,2.243,-1.947,2.659,0.752
08/24/1973,2.219,2.029,2.339,-1.818,2.658,0.761
08/31/1973,2.307,2.141,2.416,-1.688,2.658,0.77
09/07/1973,2.371,2.215,2.47,-1.558,2.659,0.777
09/14/1973,2.409,2.248,2.499,-1.43,2.662,0.785
09/21/1973,2.422,2.237,2.503,-1.307,2.667,0.792
09/28/1973,2.412,2.179,2.484,-1.192,2.673,0.799
10/05/1973,2.38,2.065,2.446,-1.085,2.681,0.805
10/12/1973,2.335,1.905,2.395,-0.99,2.692,0.812
10/19/1973,2.283,1.711,2.337,-0.907,2.704,0.818
10/26/1973,2.232,1.517,2.282,-0.837,2.718,0.824
11/02/1973,2.187,1.36,2.233,-0.781,2.733,0.83
11/09/1973,2.154,1.274,2.196,-0.737,2.749,0.836
11/16/1973,2.131,1.281,2.17,-0.704,2.765,0.842
11/23/1973,2.113,1.366,2.15,-0.682,2.782,0.847
11/30/1973,2.09,1.492,2.126,-0.669,2.798,0.852
12/07/1973,2.052,1.605,2.088,-0.664,2.813,0.857
12/14/1973,1.988,1.657,2.026,-0.666,2.828,0.861
12/21/1973,1.893,1.617,1.933,-0.673,2.842,0.864
12/28/1973,1.764,1.482,1.809,-0.685,2.855,0.867
01/04/1974,1.603,1.265,1.654,-0.702,2.869,0.868
01/11/1974,1.421,1.002,1.477,-0.722,2.882,0.869
01/18/1974,1.226,0.718,1.288,-0.745,2.896,0.867
01/25/1974,1.031,0.433,1.099,-0.77,2.911,0.865
02/01/1974,0.848,0.164,0.921,-0.795,2.926,0.861
02/08/1974,0.689,-0.078,0.767,-0.82,2.943,0.855
02/15/1974,0.563,-0.278,0.647,-0.843,2.96,0.847
02/22/1974,0.479,-0.418,0.568,-0.862,2.979,0.837
03/01/1974,0.442,-0.485,0.537,-0.876,2.998,0.826
03/08/1974,0.457,-0.474,0.557,-0.884,3.017,0.813
03/15/1974,0.525,-0.39,0.63,-0.885,3.037,0.798
03/22/1974,0.645,-0.247,0.755,-0.878,3.057,0.781
03/29/1974,0.815,-0.06,0.928,-0.863,3.076,0.764
04/05/1974,1.03,0.162,1.145,-0.84,3.095,0.745
04/12/1974,1.287,0.422,1.402,-0.809,3.113,0.725
04/19/1974,1.578,0.719,1.692,-0.77,3.13,0.704
04/26/1974,1.899,1.053,2.01,-0.725,3.146,0.683
05/03/1974,2.241,1.419,2.349,-0.674,3.159,0.661
05/10/1974,2.6,1.808,2.704,-0.617,3.172,0.64
05/17/1974,2.967,2.214,3.068,-0.556,3.182,0.619
05/24/1974,3.333,2.63,3.433,-0.49,3.19,0.598
05/31/1974,3.692,3.064,3.791,-0.421,3.197,0.578
06/07/1974,4.034,3.515,4.134,-0.349,3.201,0.558
06/14/1974,4.351,3.971,4.452,-0.276,3.203,0.539
06/21/1974,4.632,4.407,4.736,-0.201,3.202,0.521
06/28/1974,4.866,4.783,4.973,-0.127,3.198,0.504
07/05/1974,5.044,5.057,5.153,-0.054,3.19,0.489
07/12/1974,5.159,5.199,5.269,0.018,3.179,0.474
07/19/1974,5.211,5.208,5.319,0.087,3.162,0.461
07/26/1974,5.205,5.104,5.308,0.154,3.141,0.449
08/02/1974,5.149,4.926,5.245,0.219,3.114,0.438
08/09/1974,5.053,4.716,5.139,0.281,3.081,0.429
08/16/1974,4.931,4.519,5.005,0.343,3.041,0.421
08/23/1974,4.791,4.363,4.85,0.403,2.995,0.414
08/30/1974,4.641,4.265,4.686,0.463,2.943,0.407
09/06/1974,4.487,4.219,4.515,0.522,2.884,0.401
09/13/1974,4.329,4.206,4.341,0.58,2.818,0.396
09/20/1974,4.168,4.191,4.166,0.636,2.748,0.39
09/27/1974,4.001,4.126,3.985,0.688,2.672,0.384
10/04/1974,3.827,3.981,3.799,0.734,2.591,0.376
10/11/1974,3.645,3.745,3.607,0.773,2.507,0.367
10/18/1974,3.464,3.445,3.418,0.803,2.42,0.357
10/25/1974,3.293,3.125,3.239,0.823,2.33,0.344
11/01/1974,3.137,2.838,3.078,0.833,2.239,0.328
11/08/1974,3.004,2.628,2.94,0.832,2.145,0.309
11/15/1974,2.896,2.514,2.828,0.82,2.05,0.288
11/22/1974,2.81,2.484,2.739,0.797,1.953,0.263
11/29/1974,2.739,2.516,2.667,0.764,1.855,0.235
12/06/1974,2.677,2.572,2.606,0.721,1.755,0.205
12/13/1974,2.613,2.617,2.545,0.667,1.653,0.171
12/20/1974,2.54,2.624,2.478,0.604,1.549,0.135
12/27/1974,2.451,2.569,2.397,0.53,1.443,0.096
01/03/1975,2.341,2.441,2.298,0.447,1.337,0.056
01/10/1975,2.21,2.242,2.18,0.353,1.229,0.014
01/17/1975,2.062,1.986,2.046,0.251,1.12,-0.029
01/24/1975,1.903,1.7,1.902,0.14,1.011,-0.073
01/31/1975,1.739,1.413,1.754,0.021,0.902,-0.117
02/07/1975,1.575,1.151,1.608,-0.104,0.793,-0.162
02/14/1975,1.419,0.934,1.47,-0.234,0.684,-0.206
02/21/1975,1.272,0.762,1.342,-0.366,0.576,-0.25
02/28/1975,1.135,0.626,1.226,-0.5,0.468,-0.295
03/07/1975,1.01,0.518,1.122,-0.632,0.362,-0.338
03/14/1975,0.894,0.426,1.028,-0.762,0.256,-0.381
03/21/1975,0.786,0.344,0.942,-0.888,0.152,-0.424
03/28/1975,0.684,0.269,0.86,-1.007,0.05,-0.466
04/04/1975,0.584,0.198,0.779,-1.12,-0.05,-0.506
04/11/1975,0.487,0.125,0.696,-1.224,-0.146,-0.546
04/18/1975,0.392,0.046,0.611,-1.32,-0.239,-0.585
04/25/1975,0.298,-0.044,0.523,-1.407,-0.327,-0.623
05/02/1975,0.208,-0.143,0.435,-1.485,-0.412,-0.66
05/09/1975,0.123,-0.245,0.349,-1.555,-0.491,-0.695
05/16/1975,0.047,-0.34,0.269,-1.616,-0.565,-0.729
05/23/1975,-0.02,-0.419,0.197,-1.67,-0.633,-0.762
05/30/1975,-0.074,-0.472,0.138,-1.718,-0.696,-0.794
06/06/1975,-0.116,-0.499,0.093,-1.76,-0.752,-0.825
06/13/1975,-0.145,-0.505,0.062,-1.797,-0.803,-0.855
06/20/1975,-0.163,-0.498,0.044,-1.831,-0.849,-0.883
06/27/1975,-0.171,-0.487,0.038,-1.862,-0.889,-0.91
07/04/1975,-0.172,-0.48,0.039,-1.89,-0.923,-0.936
07/11/1975,-0.169,-0.483,0.046,-1.916,-0.953,-0.96
07/18/1975,-0.164,-0.497,0.055,-1.939,-0.979,-0.983
07/25/1975,-0.156,-0.519,0.066,-1.961,-1.001,-1.004
08/01/1975,-0.146,-0.545,0.077,-1.979,-1.019,-1.024
08/08/1975,-0.133,-0.569,0.091,-1.993,-1.036,-1.042
08/15/1975,-0.117,-0.586,0.106,-2.003,-1.05,-1.059
08/22/1975,-0.096,-0.589,0.124,-2.009,-1.064,-1.074
08/29/1975,-0.07,-0.574,0.145,-2.009,-1.077,-1.088
09/05/1975,-0.041,-0.542,0.169,-2.004,-1.091,-1.1
09/12/1975,-0.008,-0.493,0.196,-1.994,-1.104,-1.111
09/19/1975,0.027,-0.435,0.223,-1.981,-1.119,-1.121
09/26/1975,0.061,-0.376,0.25,-1.966,-1.135,-1.13
10/03/1975,0.093,-0.323,0.274,-1.949,-1.153,-1.138
10/10/1975,0.119,-0.282,0.293,-1.934,-1.171,-1.145
10/17/1975,0.139,-0.253,0.305,-1.919,-1.192,-1.153
10/24/1975,0.151,-0.234,0.31,-1.908,-1.214,-1.159
10/31/1975,0.154,-0.223,0.306,-1.9,-1.238,-1.166
11/07/1975,0.147,-0.218,0.294,-1.896,-1.264,-1.172
11/14/1975,0.13,-0.22,0.272,-1.894,-1.291,-1.178
11/21/1975,0.102,-0.23,0.241,-1.896,-1.319,-1.185
11/28/1975,0.063,-0.252,0.199,-1.9,-1.349,-1.191
12/05/1975,0.013,-0.289,0.147,-1.905,-1.379,-1.196
12/12/1975,-0.046,-0.341,0.086,-1.912,-1.41,-1.202
12/19/1975,-0.113,-0.407,0.02,-1.92,-1.441,-1.207
12/26/1975,-0.186,-0.487,-0.051,-1.93,-1.471,-1.212
01/02/1976,-0.261,-0.577,-0.124,-1.941,-1.501,-1.216
01/09/1976,-0.336,-0.675,-0.196,-1.954,-1.53,-1.219
01/16/1976,-0.408,-0.772,-0.264,-1.97,-1.557,-1.222
01/23/1976,-0.474,-0.863,-0.326,-1.987,-1.581,-1.223
01/30/1976,-0.533,-0.941,-0.382,-2.006,-1.603,-1.223
02/06/1976,-0.585,-1.001,-0.431,-2.026,-1.621,-1.221
02/13/1976,-0.628,-1.038,-0.473,-2.047,-1.635,-1.218
02/20/1976,-0.665,-1.059,-0.508,-2.068,-1.644,-1.214
02/27/1976,-0.694,-1.065,-0.537,-2.089,-1.65,-1.207
03/05/1976,-0.717,-1.062,-0.559,-2.109,-1.652,-1.199
03/12/1976,-0.733,-1.053,-0.575,-2.127,-1.649,-1.19
03/19/1976,-0.742,-1.039,-0.583,-2.144,-1.643,-1.179
03/26/1976,-0.743,-1.02,-0.583,-2.161,-1.633,-1.166
04/02/1976,-0.736,-0.993,-0.575,-2.176,-1.62,-1.153
04/09/1976,-0.72,-0.957,-0.558,-2.19,-1.604,-1.138
04/16/1976,-0.696,-0.908,-0.532,-2.203,-1.586,-1.123
04/23/1976,-0.664,-0.848,-0.499,-2.215,-1.565,-1.107
04/30/1976,-0.627,-0.776,-0.461,-2.226,-1.542,-1.09
05/07/1976,-0.587,-0.693,-0.42,-2.235,-1.518,-1.074
05/14/1976,-0.548,-0.606,-0.381,-2.242,-1.492,-1.058
05/21/1976,-0.513,-0.521,-0.346,-2.245,-1.465,-1.042
05/28/1976,-0.485,-0.446,-0.318,-2.246,-1.437,-1.027
06/04/1976,-0.466,-0.393,-0.302,-2.242,-1.408,-1.012
06/11/1976,-0.459,-0.368,-0.296,-2.235,-1.379,-0.998
06/18/1976,-0.463,-0.373,-0.303,-2.224,-1.349,-0.985
06/25/1976,-0.478,-0.409,-0.32,-2.208,-1.319,-0.972
07/02/1976,-0.5,-0.468,-0.346,-2.19,-1.289,-0.961
07/09/1976,-0.529,-0.543,-0.378,-2.168,-1.26,-0.95
07/16/1976,-0.56,-0.626,-0.415,-2.143,-1.232,-0.941
07/23/1976,-0.592,-0.71,-0.453,-2.115,-1.206,-0.933
07/30/1976,-0.623,-0.789,-0.491,-2.086,-1.182,-0.925
08/06/1976,-0.65,-0.859,-0.526,-2.054,-1.161,-0.919
08/13/1976,-0.674,-0.916,-0.558,-2.021,-1.142,-0.915
08/20/1976,-0.693,-0.96,-0.585,-1.986,-1.127,-0.911
08/27/1976,-0.708,-0.99,-0.607,-1.949,-1.116,-0.908
09/03/1976,-0.717,-1.008,-0.624,-1.912,-1.108,-0.906
09/10/1976,-0.723,-1.018,-0.636,-1.874,-1.105,-0.905
09/17/1976,-0.725,-1.024,-0.643,-1.836,-1.105,-0.904
09/24/1976,-0.724,-1.03,-0.646,-1.799,-1.109,-0.903
10/01/1976,-0.72,-1.037,-0.645,-1.763,-1.117,-0.903
10/08/1976,-0.714,-1.047,-0.641,-1.728,-1.127,-0.902
10/15/1976,-0.707,-1.056,-0.636,-1.697,-1.141,-0.901
10/22/1976,-0.698,-1.062,-0.63,-1.668,-1.157,-0.9
10/29/1976,-0.688,-1.06,-0.623,-1.643,-1.174,-0.897
11/05/1976,-0.679,-1.051,-0.617,-1.622,-1.193,-0.894
11/12/1976,-0.671,-1.033,-0.612,-1.605,-1.212,-0.889
11/19/1976,-0.666,-1.008,-0.61,-1.594,-1.231,-0.883
11/26/1976,-0.666,-0.984,-0.611,-1.587,-1.249,-0.876
12/03/1976,-0.671,-0.966,-0.617,-1.587,-1.267,-0.868
12/10/1976,-0.684,-0.961,-0.627,-1.592,-1.282,-0.859
12/17/1976,-0.703,-0.973,-0.642,-1.603,-1.296,-0.849
12/24/1976,-0.729,-1.004,-0.662,-1.62,-1.307,-0.838
12/31/1976,-0.761,-1.052,-0.685,-1.642,-1.316,-0.826
01/07/1977,-0.797,-1.111,-0.712,-1.668,-1.322,-0.813
01/14/1977,-0.834,-1.172,-0.739,-1.698,-1.325,-0.8
01/21/1977,-0.869,-1.228,-0.765,-1.728,-1.326,-0.787
01/28/1977,-0.9,-1.274,-0.788,-1.759,-1.326,-0.774
02/04/1977,-0.925,-1.304,-0.805,-1.789,-1.324,-0.76
02/11/1977,-0.941,-1.318,-0.816,-1.816,-1.321,-0.747
02/18/1977,-0.948,-1.315,-0.818,-1.84,-1.318,-0.733
02/25/1977,-0.945,-1.299,-0.812,-1.859,-1.315,-0.72
03/04/1977,-0.933,-1.27,-0.797,-1.873,-1.312,-0.707
03/11/1977,-0.913,-1.236,-0.774,-1.882,-1.31,-0.694
03/18/1977,-0.886,-1.199,-0.744,-1.885,-1.308,-0.681
03/25/1977,-0.853,-1.165,-0.708,-1.883,-1.306,-0.668
04/01/1977,-0.816,-1.137,-0.668,-1.875,-1.304,-0.656
04/08/1977,-0.776,-1.114,-0.626,-1.862,-1.302,-0.642
04/15/1977,-0.735,-1.093,-0.583,-1.844,-1.299,-0.629
04/22/1977,-0.693,-1.071,-0.542,-1.821,-1.295,-0.615
04/29/1977,-0.651,-1.046,-0.503,-1.794,-1.289,-0.601
05/06/1977,-0.612,-1.019,-0.468,-1.764,-1.281,-0.586
05/13/1977,-0.577,-0.992,-0.438,-1.73,-1.271,-0.57
05/20/1977,-0.546,-0.971,-0.415,-1.694,-1.258,-0.553
05/27/1977,-0.522,-0.957,-0.398,-1.657,-1.242,-0.535
06/03/1977,-0.504,-0.956,-0.388,-1.619,-1.224,-0.517
06/10/1977,-0.494,-0.966,-0.385,-1.581,-1.204,-0.498
06/17/1977,-0.489,-0.987,-0.387,-1.545,-1.181,-0.478
06/24/1977,-0.489,-1.019,-0.392,-1.511,-1.156,-0.457
07/01/1977,-0.492,-1.057,-0.4,-1.48,-1.128,-0.435
07/08/1977,-0.498,-1.099,-0.41,-1.452,-1.099,-0.413
07/15/1977,-0.505,-1.137,-0.419,-1.428,-1.069,-0.39
07/22/1977,-0.51,-1.166,-0.426,-1.407,-1.038,-0.368
07/29/1977,-0.512,-1.18,-0.43,-1.391,-1.006,-0.345
08/05/1977,-0.51,-1.177,-0.43,-1.378,-0.975,-0.322
08/12/1977,-0.505,-1.159,-0.427,-1.367,-0.943,-0.298
08/19/1977,-0.497,-1.131,-0.419,-1.359,-0.912,-0.275
08/26/1977,-0.485,-1.099,-0.407,-1.353,-0.882,-0.252
09/02/1977,-0.469,-1.065,-0.391,-1.348,-0.854,-0.229
09/09/1977,-0.451,-1.031,-0.371,-1.343,-0.827,-0.206
09/16/1977,-0.428,-0.992,-0.346,-1.339,-0.801,-0.184
09/23/1977,-0.403,-0.949,-0.318,-1.334,-0.777,-0.161
09/30/1977,-0.375,-0.901,-0.286,-1.327,-0.755,-0.139
10/07/1977,-0.347,-0.849,-0.254,-1.319,-0.735,-0.116
10/14/1977,-0.319,-0.798,-0.221,-1.308,-0.717,-0.094
10/21/1977,-0.292,-0.748,-0.19,-1.295,-0.7,-0.072
10/28/1977,-0.268,-0.701,-0.162,-1.277,-0.686,-0.05
11/04/1977,-0.247,-0.657,-0.138,-1.256,-0.673,-0.029
11/11/1977,-0.23,-0.615,-0.119,-1.229,-0.661,-0.008
11/18/1977,-0.219,-0.578,-0.107,-1.196,-0.651,0.012
11/25/1977,-0.214,-0.548,-0.102,-1.158,-0.643,0.031
12/02/1977,-0.214,-0.529,-0.103,-1.113,-0.635,0.05
12/09/1977,-0.22,-0.525,-0.11,-1.062,-0.629,0.068
12/16/1977,-0.23,-0.535,-0.123,-1.005,-0.625,0.086
12/23/1977,-0.243,-0.559,-0.141,-0.942,-0.622,0.102
12/30/1977,-0.258,-0.591,-0.161,-0.876,-0.621,0.117
01/06/1978,-0.274,-0.627,-0.182,-0.806,-0.622,0.13
01/13/1978,-0.287,-0.662,-0.201,-0.735,-0.625,0.142
01/20/1978,-0.295,-0.691,-0.215,-0.663,-0.631,0.153
01/27/1978,-0.296,-0.711,-0.222,-0.593,-0.64,0.162
02/03/1978,-0.289,-0.72,-0.219,-0.526,-0.652,0.169
02/10/1978,-0.274,-0.714,-0.207,-0.462,-0.667,0.175
02/17/1978,-0.25,-0.692,-0.183,-0.402,-0.685,0.179
02/24/1978,-0.217,-0.655,-0.149,-0.348,-0.706,0.181
03/03/1978,-0.176,-0.607,-0.105,-0.297,-0.729,0.183
03/10/1978,-0.128,-0.554,-0.052,-0.251,-0.754,0.183
03/17/1978,-0.075,-0.502,0.008,-0.21,-0.78,0.183
03/24/1978,-0.018,-0.454,0.073,-0.171,-0.807,0.182
03/31/1978,0.042,-0.409,0.141,-0.137,-0.833,0.181
04/07/1978,0.103,-0.366,0.212,-0.106,-0.858,0.181
04/14/1978,0.166,-0.321,0.283,-0.078,-0.88,0.182
04/21/1978,0.23,-0.274,0.356,-0.053,-0.9,0.185
04/28/1978,0.294,-0.224,0.428,-0.03,-0.916,0.189
05/05/1978,0.357,-0.175,0.497,-0.011,-0.927,0.196
05/12/1978,0.418,-0.128,0.563,0.006,-0.933,0.206
05/19/1978,0.475,-0.085,0.623,0.021,-0.935,0.218
05/26/1978,0.526,-0.047,0.677,0.034,-0.93,0.233
06/02/1978,0.57,-0.013,0.722,0.047,-0.92,0.25
06/09/1978,0.607,0.013,0.757,0.059,-0.905,0.271
06/16/1978,0.633,0.033,0.78,0.072,-0.884,0.293
06/23/1978,0.649,0.043,0.792,0.085,-0.857,0.318
06/30/1978,0.652,0.045,0.79,0.1,-0.825,0.344
07/07/1978,0.645,0.039,0.776,0.115,-0.789,0.372
07/14/1978,0.626,0.025,0.752,0.131,-0.748,0.401
07/21/1978,0.6,0,0.72,0.148,-0.702,0.429
07/28/1978,0.568,-0.037,0.683,0.165,-0.653,0.459
08/04/1978,0.534,-0.09,0.645,0.182,-0.6,0.487
08/11/1978,0.503,-0.156,0.614,0.198,-0.544,0.516
08/18/1978,0.483,-0.225,0.594,0.215,-0.485,0.543
08/25/1978,0.481,-0.282,0.594,0.231,-0.424,0.57
09/01/1978,0.501,-0.308,0.618,0.247,-0.36,0.595
09/08/1978,0.551,-0.286,0.674,0.263,-0.294,0.62
09/15/1978,0.632,-0.202,0.763,0.28,-0.227,0.644
09/22/1978,0.746,-0.056,0.885,0.298,-0.159,0.666
09/29/1978,0.889,0.152,1.038,0.318,-0.092,0.688
10/06/1978,1.056,0.409,1.214,0.338,-0.025,0.709
10/13/1978,1.237,0.697,1.405,0.36,0.039,0.73
10/20/1978,1.422,0.995,1.599,0.382,0.1,0.75
10/27/1978,1.6,1.277,1.785,0.405,0.158,0.77
11/03/1978,1.757,1.512,1.948,0.427,0.212,0.79
11/10/1978,1.885,1.683,2.079,0.45,0.261,0.81
11/17/1978,1.977,1.776,2.172,0.472,0.306,0.829
11/24/1978,2.026,1.784,2.219,0.494,0.345,0.85
12/01/1978,2.036,1.726,2.223,0.515,0.379,0.87
12/08/1978,2.006,1.618,2.183,0.536,0.408,0.891
12/15/1978,1.94,1.478,2.104,0.556,0.433,0.912
12/22/1978,1.845,1.322,1.994,0.575,0.453,0.933
12/29/1978,1.726,1.156,1.857,0.593,0.469,0.955
01/05/1979,1.588,0.982,1.702,0.609,0.48,0.976
01/12/1979,1.44,0.803,1.536,0.623,0.488,0.998
01/19/1979,1.286,0.621,1.367,0.635,0.491,1.019
01/26/1979,1.133,0.446,1.199,0.645,0.491,1.04
02/02/1979,0.986,0.287,1.039,0.652,0.488,1.06
02/09/1979,0.847,0.149,0.89,0.657,0.481,1.08
02/16/1979,0.72,0.03,0.754,0.662,0.473,1.099
02/23/1979,0.605,-0.077,0.632,0.667,0.462,1.118
03/02/1979,0.506,-0.175,0.525,0.674,0.45,1.135
03/09/1979,0.422,-0.27,0.433,0.682,0.438,1.151
03/16/1979,0.354,-0.358,0.357,0.693,0.426,1.166
03/23/1979,0.301,-0.432,0.296,0.708,0.414,1.181
03/30/1979,0.265,-0.484,0.251,0.726,0.404,1.194
04/06/1979,0.244,-0.513,0.221,0.748,0.395,1.206
04/13/1979,0.238,-0.523,0.205,0.774,0.387,1.218
04/20/1979,0.245,-0.52,0.203,0.804,0.382,1.228
04/27/1979,0.265,-0.512,0.214,0.837,0.377,1.237
05/04/1979,0.297,-0.501,0.238,0.873,0.374,1.246
05/11/1979,0.339,-0.48,0.273,0.913,0.372,1.254
05/18/1979,0.392,-0.441,0.318,0.955,0.37,1.261
05/25/1979,0.453,-0.38,0.374,0.999,0.369,1.267
06/01/1979,0.522,-0.297,0.438,1.044,0.368,1.273
06/08/1979,0.598,-0.205,0.51,1.09,0.368,1.279
06/15/1979,0.676,-0.117,0.587,1.135,0.368,1.284
06/22/1979,0.757,-0.045,0.669,1.179,0.368,1.289
06/29/1979,0.838,0.009,0.755,1.22,0.369,1.295
07/06/1979,0.919,0.051,0.844,1.258,0.371,1.3
07/13/1979,1,0.092,0.936,1.293,0.373,1.306
07/20/1979,1.083,0.142,1.033,1.324,0.377,1.312
07/27/1979,1.17,0.205,1.137,1.352,0.383,1.318
08/03/1979,1.262,0.278,1.248,1.379,0.389,1.325
08/10/1979,1.36,0.36,1.365,1.403,0.397,1.333
08/17/1979,1.466,0.455,1.489,1.428,0.406,1.342
08/24/1979,1.58,0.57,1.619,1.454,0.416,1.351
08/31/1979,1.7,0.712,1.753,1.48,0.427,1.361
09/07/1979,1.824,0.882,1.887,1.509,0.439,1.371
09/14/1979,1.95,1.076,2.019,1.54,0.45,1.381
09/21/1979,2.075,1.277,2.145,1.573,0.462,1.392
09/28/1979,2.192,1.471,2.261,1.607,0.472,1.403
10/05/1979,2.299,1.645,2.361,1.643,0.482,1.414
10/12/1979,2.39,1.795,2.441,1.679,0.491,1.424
10/19/1979,2.46,1.918,2.496,1.715,0.5,1.434
10/26/1979,2.505,2.009,2.524,1.751,0.506,1.444
11/02/1979,2.522,2.064,2.521,1.784,0.512,1.452
11/09/1979,2.508,2.065,2.488,1.815,0.517,1.461
11/16/1979,2.464,2.008,2.426,1.843,0.52,1.469
11/23/1979,2.394,1.897,2.34,1.868,0.523,1.476
11/30/1979,2.303,1.752,2.237,1.89,0.526,1.483
12/07/1979,2.199,1.602,2.125,1.908,0.53,1.489
12/14/1979,2.088,1.47,2.014,1.925,0.537,1.495
12/21/1979,1.982,1.372,1.914,1.941,0.547,1.501
12/28/1979,1.887,1.297,1.83,1.957,0.562,1.507
01/04/1980,1.811,1.23,1.771,1.977,0.583,1.513
01/11/1980,1.764,1.163,1.745,2.003,0.613,1.519
01/18/1980,1.753,1.092,1.756,2.038,0.651,1.526
01/25/1980,1.786,1.039,1.809,2.084,0.699,1.533
02/01/1980,1.87,1.036,1.907,2.143,0.757,1.54
02/08/1980,2.005,1.107,2.048,2.219,0.825,1.547
02/15/1980,2.191,1.267,2.229,2.312,0.903,1.555
02/22/1980,2.423,1.514,2.441,2.421,0.99,1.562
02/29/1980,2.69,1.832,2.673,2.546,1.082,1.57
03/07/1980,2.975,2.191,2.909,2.682,1.176,1.577
03/14/1980,3.262,2.575,3.136,2.825,1.27,1.583
03/21/1980,3.528,2.951,3.335,2.969,1.357,1.588
03/28/1980,3.748,3.287,3.488,3.106,1.435,1.592
04/04/1980,3.912,3.557,3.586,3.23,1.5,1.594
04/11/1980,4,3.716,3.618,3.334,1.547,1.593
04/18/1980,4.007,3.738,3.581,3.413,1.575,1.589
04/25/1980,3.934,3.625,3.481,3.46,1.579,1.581
05/02/1980,3.787,3.401,3.324,3.475,1.561,1.57
05/09/1980,3.576,3.114,3.12,3.455,1.519,1.554
05/16/1980,3.317,2.823,2.883,3.402,1.454,1.534
05/23/1980,3.024,2.563,2.626,3.317,1.369,1.51
05/30/1980,2.712,2.334,2.357,3.205,1.266,1.482
06/06/1980,2.394,2.123,2.09,3.07,1.147,1.45
06/13/1980,2.083,1.896,1.829,2.919,1.016,1.414
06/20/1980,1.784,1.629,1.581,2.756,0.876,1.375
06/27/1980,1.511,1.336,1.355,2.589,0.729,1.333
07/04/1980,1.274,1.051,1.158,2.423,0.581,1.29
07/11/1980,1.078,0.806,0.996,2.265,0.433,1.246
07/18/1980,0.931,0.638,0.875,2.12,0.289,1.201
07/25/1980,0.83,0.545,0.794,1.99,0.151,1.156
08/01/1980,0.775,0.515,0.753,1.88,0.022,1.113
08/08/1980,0.761,0.532,0.746,1.792,-0.096,1.071
08/15/1980,0.779,0.576,0.766,1.725,-0.201,1.03
08/22/1980,0.82,0.633,0.806,1.679,-0.294,0.991
08/29/1980,0.88,0.712,0.863,1.653,-0.372,0.955
09/05/1980,0.954,0.803,0.931,1.647,-0.435,0.921
09/12/1980,1.034,0.883,1.006,1.657,-0.485,0.889
09/19/1980,1.123,0.946,1.092,1.683,-0.522,0.86
09/26/1980,1.223,0.978,1.19,1.721,-0.544,0.834
10/03/1980,1.336,0.982,1.302,1.77,-0.555,0.81
10/10/1980,1.465,0.974,1.432,1.827,-0.553,0.789
10/17/1980,1.618,0.994,1.588,1.891,-0.539,0.77
10/24/1980,1.792,1.052,1.768,1.96,-0.515,0.754
10/31/1980,1.992,1.171,1.972,2.033,-0.48,0.74
11/07/1980,2.21,1.343,2.195,2.108,-0.435,0.729
11/14/1980,2.436,1.549,2.423,2.185,-0.381,0.72
11/21/1980,2.663,1.782,2.65,2.261,-0.319,0.714
11/28/1980,2.88,2.032,2.863,2.336,-0.251,0.71
12/05/1980,3.064,2.262,3.04,2.409,-0.179,0.708
12/12/1980,3.205,2.453,3.169,2.479,-0.106,0.709
12/19/1980,3.298,2.597,3.248,2.543,-0.032,0.711
12/26/1980,3.323,2.63,3.258,2.6,0.04,0.715
01/02/1981,3.29,2.558,3.209,2.649,0.108,0.721
01/09/1981,3.2,2.38,3.103,2.689,0.171,0.728
01/16/1981,3.065,2.129,2.955,2.718,0.228,0.737
01/23/1981,2.894,1.846,2.773,2.736,0.28,0.748
01/30/1981,2.703,1.578,2.575,2.743,0.326,0.759
02/06/1981,2.502,1.342,2.369,2.739,0.367,0.772
02/13/1981,2.307,1.155,2.173,2.725,0.403,0.785
02/20/1981,2.13,1.008,1.998,2.703,0.435,0.799
02/27/1981,1.971,0.87,1.844,2.675,0.465,0.814
03/06/1981,1.843,0.751,1.722,2.643,0.492,0.829
03/13/1981,1.748,0.66,1.636,2.609,0.519,0.844
03/20/1981,1.689,0.61,1.586,2.576,0.547,0.86
03/27/1981,1.668,0.616,1.574,2.547,0.575,0.874
04/03/1981,1.685,0.681,1.598,2.523,0.606,0.888
04/10/1981,1.735,0.775,1.653,2.507,0.641,0.901
04/17/1981,1.82,0.888,1.74,2.5,0.679,0.913
04/24/1981,1.929,0.986,1.846,2.502,0.722,0.923
05/01/1981,2.058,1.076,1.97,2.512,0.769,0.931
05/08/1981,2.207,1.183,2.112,2.529,0.82,0.937
05/15/1981,2.367,1.325,2.265,2.551,0.875,0.941
05/22/1981,2.534,1.512,2.426,2.574,0.934,0.944
05/29/1981,2.708,1.755,2.597,2.598,0.994,0.944
06/05/1981,2.877,2.018,2.767,2.619,1.056,0.943
06/12/1981,3.041,2.287,2.937,2.636,1.12,0.941
06/19/1981,3.189,2.534,3.096,2.65,1.185,0.937
06/26/1981,3.317,2.753,3.237,2.66,1.251,0.933
07/03/1981,3.418,2.942,3.353,2.667,1.318,0.929
07/10/1981,3.489,3.098,3.439,2.674,1.388,0.925
07/17/1981,3.53,3.212,3.492,2.682,1.459,0.921
07/24/1981,3.538,3.265,3.508,2.694,1.531,0.917
07/31/1981,3.521,3.26,3.495,2.709,1.606,0.915
08/07/1981,3.479,3.195,3.452,2.73,1.681,0.913
08/14/1981,3.418,3.098,3.386,2.756,1.755,0.913
08/21/1981,3.345,3.003,3.304,2.788,1.829,0.913
08/28/1981,3.268,2.938,3.216,2.826,1.901,0.915
09/04/1981,3.19,2.903,3.124,2.87,1.969,0.919
09/11/1981,3.119,2.892,3.036,2.918,2.034,0.923
09/18/1981,3.052,2.871,2.951,2.97,2.095,0.927
09/25/1981,2.989,2.831,2.868,3.024,2.15,0.932
10/02/1981,2.934,2.784,2.792,3.08,2.2,0.937
10/09/1981,2.878,2.735,2.715,3.134,2.244,0.941
10/16/1981,2.825,2.71,2.641,3.186,2.282,0.944
10/23/1981,2.77,2.705,2.567,3.233,2.313,0.946
10/30/1981,2.71,2.699,2.49,3.273,2.338,0.946
11/06/1981,2.641,2.662,2.409,3.305,2.356,0.943
11/13/1981,2.564,2.584,2.325,3.326,2.369,0.938
11/20/1981,2.479,2.469,2.239,3.337,2.376,0.93
11/27/1981,2.39,2.353,2.156,3.338,2.379,0.92
12/04/1981,2.305,2.272,2.079,3.33,2.379,0.906
12/11/1981,2.223,2.235,2.009,3.315,2.378,0.889
12/18/1981,2.146,2.232,1.943,3.297,2.377,0.87
12/25/1981,2.078,2.237,1.885,3.277,2.378,0.848
01/01/1982,2.016,2.214,1.83,3.258,2.38,0.824
01/08/1982,1.965,2.153,1.782,3.242,2.384,0.799
01/15/1982,1.93,2.079,1.746,3.23,2.389,0.771
01/22/1982,1.91,2.017,1.721,3.223,2.395,0.742
01/29/1982,1.909,2.005,1.713,3.22,2.402,0.713
02/05/1982,1.92,2.038,1.714,3.221,2.406,0.682
02/12/1982,1.943,2.107,1.728,3.223,2.409,0.652
02/19/1982,1.974,2.177,1.751,3.227,2.409,0.621
02/26/1982,2.008,2.223,1.779,3.23,2.406,0.591
03/05/1982,2.039,2.229,1.806,3.232,2.398,0.56
03/12/1982,2.065,2.21,1.832,3.232,2.387,0.53
03/19/1982,2.09,2.191,1.859,3.23,2.373,0.501
03/26/1982,2.111,2.187,1.884,3.226,2.357,0.471
04/02/1982,2.131,2.199,1.908,3.219,2.339,0.443
04/09/1982,2.154,2.229,1.937,3.211,2.321,0.414
04/16/1982,2.183,2.263,1.973,3.2,2.302,0.386
04/23/1982,2.22,2.295,2.017,3.187,2.283,0.359
04/30/1982,2.268,2.34,2.073,3.172,2.265,0.332
05/07/1982,2.33,2.415,2.145,3.154,2.247,0.305
05/14/1982,2.408,2.54,2.232,3.135,2.229,0.279
05/21/1982,2.5,2.721,2.333,3.115,2.212,0.252
05/28/1982,2.597,2.938,2.441,3.094,2.195,0.226
06/04/1982,2.693,3.161,2.546,3.073,2.177,0.199
06/11/1982,2.785,3.363,2.644,3.053,2.159,0.173
06/18/1982,2.862,3.508,2.727,3.035,2.139,0.146
06/25/1982,2.921,3.577,2.789,3.02,2.116,0.118
07/02/1982,2.961,3.574,2.829,3.007,2.091,0.091
07/09/1982,2.987,3.515,2.854,2.996,2.06,0.062
07/16/1982,3.003,3.42,2.868,2.985,2.024,0.034
07/23/1982,3.023,3.327,2.887,2.974,1.982,0.005
07/30/1982,3.054,3.262,2.918,2.961,1.932,-0.025
08/06/1982,3.106,3.258,2.972,2.945,1.876,-0.055
08/13/1982,3.179,3.337,3.047,2.925,1.811,-0.085
08/20/1982,3.264,3.5,3.137,2.9,1.74,-0.116
08/27/1982,3.352,3.737,3.23,2.87,1.661,-0.147
09/03/1982,3.425,4.011,3.31,2.834,1.577,-0.179
09/10/1982,3.467,4.259,3.356,2.794,1.487,-0.21
09/17/1982,3.459,4.417,3.353,2.749,1.393,-0.242
09/24/1982,3.386,4.424,3.282,2.699,1.295,-0.274
10/01/1982,3.242,4.252,3.139,2.645,1.193,-0.306
10/08/1982,3.031,3.914,2.929,2.587,1.089,-0.337
10/15/1982,2.767,3.457,2.663,2.525,0.983,-0.367
10/22/1982,2.469,2.956,2.365,2.46,0.876,-0.397
10/29/1982,2.16,2.476,2.054,2.39,0.77,-0.427
11/05/1982,1.86,2.071,1.752,2.316,0.664,-0.455
11/12/1982,1.583,1.764,1.473,2.239,0.561,-0.482
11/19/1982,1.341,1.56,1.229,2.157,0.461,-0.509
11/26/1982,1.136,1.444,1.024,2.073,0.365,-0.534
12/03/1982,0.968,1.388,0.856,1.986,0.271,-0.558
12/10/1982,0.832,1.363,0.721,1.896,0.182,-0.581
12/17/1982,0.719,1.342,0.611,1.806,0.096,-0.603
12/24/1982,0.622,1.297,0.518,1.716,0.013,-0.624
12/31/1982,0.534,1.217,0.435,1.626,-0.067,-0.644
01/07/1983,0.453,1.104,0.359,1.538,-0.146,-0.663
01/14/1983,0.377,0.973,0.289,1.453,-0.223,-0.681
01/21/1983,0.306,0.843,0.224,1.37,-0.3,-0.698
01/28/1983,0.241,0.73,0.165,1.291,-0.377,-0.714
02/04/1983,0.184,0.643,0.113,1.215,-0.453,-0.73
02/11/1983,0.136,0.575,0.07,1.142,-0.53,-0.744
02/18/1983,0.097,0.523,0.036,1.072,-0.607,-0.758
02/25/1983,0.068,0.48,0.012,1.003,-0.683,-0.771
03/04/1983,0.047,0.441,-0.004,0.936,-0.759,-0.783
03/11/1983,0.033,0.416,-0.013,0.87,-0.834,-0.794
03/18/1983,0.022,0.408,-0.016,0.804,-0.907,-0.804
03/25/1983,0.012,0.408,-0.018,0.739,-0.978,-0.814
04/01/1983,-0,0.407,-0.021,0.675,-1.045,-0.822
04/08/1983,-0.017,0.391,-0.028,0.613,-1.109,-0.829
04/15/1983,-0.038,0.345,-0.041,0.552,-1.169,-0.835
04/22/1983,-0.065,0.271,-0.058,0.494,-1.223,-0.84
04/29/1983,-0.095,0.177,-0.079,0.439,-1.271,-0.843
05/06/1983,-0.125,0.081,-0.101,0.388,-1.312,-0.845
05/13/1983,-0.153,-0.002,-0.122,0.341,-1.346,-0.845
05/20/1983,-0.175,-0.065,-0.138,0.298,-1.373,-0.843
05/27/1983,-0.19,-0.112,-0.149,0.259,-1.391,-0.84
06/03/1983,-0.197,-0.147,-0.152,0.225,-1.401,-0.836
06/10/1983,-0.196,-0.173,-0.149,0.197,-1.403,-0.829
06/17/1983,-0.188,-0.192,-0.14,0.173,-1.397,-0.822
06/24/1983,-0.174,-0.2,-0.127,0.155,-1.385,-0.812
07/01/1983,-0.156,-0.191,-0.11,0.143,-1.366,-0.802
07/08/1983,-0.136,-0.172,-0.094,0.136,-1.343,-0.79
07/15/1983,-0.117,-0.149,-0.079,0.135,-1.316,-0.778
07/22/1983,-0.101,-0.133,-0.067,0.139,-1.287,-0.764
07/29/1983,-0.088,-0.132,-0.06,0.148,-1.257,-0.75
08/05/1983,-0.081,-0.145,-0.059,0.161,-1.227,-0.734
08/12/1983,-0.078,-0.165,-0.063,0.177,-1.197,-0.718
08/19/1983,-0.08,-0.186,-0.071,0.196,-1.169,-0.702
08/26/1983,-0.085,-0.204,-0.082,0.216,-1.143,-0.685
09/02/1983,-0.09,-0.221,-0.093,0.237,-1.12,-0.667
09/09/1983,-0.095,-0.243,-0.102,0.258,-1.098,-0.649
09/16/1983,-0.096,-0.274,-0.107,0.278,-1.078,-0.63
09/23/1983,-0.093,-0.309,-0.105,0.295,-1.06,-0.611
09/30/1983,-0.083,-0.34,-0.097,0.31,-1.043,-0.591
10/07/1983,-0.067,-0.357,-0.081,0.321,-1.026,-0.571
10/14/1983,-0.046,-0.353,-0.059,0.328,-1.01,-0.551
10/21/1983,-0.02,-0.33,-0.03,0.332,-0.994,-0.53
10/28/1983,0.008,-0.301,-0,0.331,-0.976,-0.509
11/04/1983,0.036,-0.27,0.031,0.327,-0.957,-0.487
11/11/1983,0.061,-0.244,0.06,0.318,-0.937,-0.465
11/18/1983,0.082,-0.216,0.084,0.306,-0.914,-0.442
11/25/1983,0.098,-0.18,0.102,0.291,-0.888,-0.42
12/02/1983,0.107,-0.136,0.113,0.272,-0.86,-0.396
12/09/1983,0.108,-0.087,0.116,0.25,-0.83,-0.373
12/16/1983,0.101,-0.049,0.109,0.226,-0.797,-0.349
12/23/1983,0.084,-0.036,0.091,0.2,-0.763,-0.324
12/30/1983,0.058,-0.059,0.064,0.171,-0.728,-0.3
01/06/1984,0.024,-0.112,0.029,0.139,-0.693,-0.275
01/13/1984,-0.014,-0.185,-0.01,0.105,-0.659,-0.25
01/20/1984,-0.056,-0.265,-0.052,0.069,-0.627,-0.225
01/27/1984,-0.097,-0.338,-0.091,0.031,-0.596,-0.2
02/03/1984,-0.134,-0.4,-0.124,-0.009,-0.569,-0.175
02/10/1984,-0.164,-0.45,-0.149,-0.049,-0.545,-0.15
02/17/1984,-0.185,-0.487,-0.163,-0.089,-0.524,-0.125
02/24/1984,-0.196,-0.509,-0.165,-0.128,-0.506,-0.1
03/02/1984,-0.193,-0.512,-0.154,-0.164,-0.491,-0.075
03/09/1984,-0.177,-0.493,-0.128,-0.197,-0.479,-0.051
03/16/1984,-0.145,-0.452,-0.087,-0.226,-0.468,-0.026
03/23/1984,-0.097,-0.396,-0.03,-0.249,-0.459,-0.002
03/30/1984,-0.032,-0.328,0.043,-0.266,-0.451,0.023
04/06/1984,0.05,-0.248,0.133,-0.278,-0.444,0.047
04/13/1984,0.147,-0.156,0.237,-0.283,-0.436,0.071
04/20/1984,0.257,-0.044,0.354,-0.282,-0.429,0.095
04/27/1984,0.379,0.092,0.481,-0.275,-0.42,0.119
05/04/1984,0.507,0.247,0.615,-0.261,-0.411,0.142
05/11/1984,0.639,0.411,0.75,-0.242,-0.399,0.166
05/18/1984,0.767,0.57,0.881,-0.217,-0.386,0.189
05/25/1984,0.886,0.714,1.002,-0.186,-0.371,0.212
06/01/1984,0.993,0.846,1.108,-0.148,-0.353,0.235
06/08/1984,1.082,0.966,1.193,-0.105,-0.332,0.257
06/15/1984,1.151,1.078,1.255,-0.056,-0.309,0.279
06/22/1984,1.195,1.172,1.291,-0.003,-0.283,0.301
06/29/1984,1.212,1.233,1.298,0.053,-0.254,0.322
07/06/1984,1.2,1.239,1.273,0.111,-0.223,0.343
07/13/1984,1.158,1.181,1.219,0.169,-0.19,0.363
07/20/1984,1.093,1.07,1.142,0.225,-0.156,0.382
07/27/1984,1.011,0.925,1.048,0.277,-0.12,0.401
08/03/1984,0.92,0.777,0.946,0.325,-0.084,0.418
08/10/1984,0.827,0.65,0.843,0.366,-0.046,0.435
08/17/1984,0.737,0.557,0.745,0.401,-0.009,0.451
08/24/1984,0.652,0.496,0.654,0.428,0.028,0.466
08/31/1984,0.574,0.454,0.569,0.449,0.065,0.48
09/07/1984,0.504,0.421,0.493,0.463,0.1,0.494
09/14/1984,0.44,0.388,0.424,0.471,0.134,0.506
09/21/1984,0.38,0.347,0.359,0.473,0.164,0.518
09/28/1984,0.322,0.3,0.296,0.469,0.19,0.53
10/05/1984,0.266,0.25,0.235,0.461,0.212,0.54
10/12/1984,0.211,0.195,0.175,0.449,0.228,0.551
10/19/1984,0.157,0.136,0.117,0.432,0.238,0.561
10/26/1984,0.105,0.076,0.061,0.411,0.242,0.57
11/02/1984,0.056,0.016,0.01,0.385,0.24,0.58
11/09/1984,0.01,-0.041,-0.036,0.356,0.232,0.589
11/16/1984,-0.034,-0.095,-0.079,0.322,0.219,0.599
11/23/1984,-0.077,-0.139,-0.119,0.285,0.202,0.608
11/30/1984,-0.119,-0.176,-0.156,0.244,0.181,0.617
12/07/1984,-0.16,-0.204,-0.19,0.2,0.157,0.627
12/14/1984,-0.201,-0.232,-0.224,0.156,0.131,0.636
12/21/1984,-0.243,-0.263,-0.255,0.111,0.105,0.645
12/28/1984,-0.282,-0.299,-0.285,0.067,0.08,0.654
01/04/1985,-0.32,-0.341,-0.312,0.026,0.056,0.664
01/11/1985,-0.352,-0.383,-0.334,-0.011,0.034,0.673
01/18/1985,-0.375,-0.415,-0.349,-0.044,0.015,0.681
01/25/1985,-0.389,-0.431,-0.357,-0.07,-0,0.69
02/01/1985,-0.392,-0.43,-0.355,-0.089,-0.011,0.698
02/08/1985,-0.385,-0.413,-0.345,-0.101,-0.017,0.706
02/15/1985,-0.371,-0.386,-0.33,-0.105,-0.019,0.713
02/22/1985,-0.351,-0.355,-0.312,-0.102,-0.016,0.72
03/01/1985,-0.328,-0.323,-0.294,-0.093,-0.009,0.727
03/08/1985,-0.306,-0.294,-0.279,-0.077,0.001,0.732
03/15/1985,-0.288,-0.268,-0.271,-0.057,0.014,0.737
03/22/1985,-0.276,-0.247,-0.269,-0.032,0.027,0.741
03/29/1985,-0.271,-0.235,-0.276,-0.006,0.041,0.745
04/05/1985,-0.275,-0.239,-0.292,0.021,0.053,0.748
04/12/1985,-0.288,-0.261,-0.316,0.047,0.063,0.75
04/19/1985,-0.309,-0.301,-0.346,0.069,0.071,0.751
04/26/1985,-0.336,-0.353,-0.38,0.086,0.075,0.752
05/03/1985,-0.365,-0.408,-0.413,0.097,0.077,0.752
05/10/1985,-0.396,-0.459,-0.445,0.101,0.076,0.752
05/17/1985,-0.423,-0.493,-0.471,0.097,0.073,0.751
05/24/1985,-0.446,-0.508,-0.488,0.084,0.068,0.75
05/31/1985,-0.462,-0.5,-0.496,0.063,0.063,0.748
06/07/1985,-0.47,-0.467,-0.494,0.034,0.057,0.747
06/14/1985,-0.469,-0.414,-0.48,-0.001,0.051,0.745
06/21/1985,-0.459,-0.348,-0.457,-0.041,0.045,0.744
06/28/1985,-0.442,-0.274,-0.426,-0.084,0.04,0.743
07/05/1985,-0.418,-0.2,-0.39,-0.128,0.035,0.743
07/12/1985,-0.389,-0.133,-0.351,-0.172,0.03,0.743
07/19/1985,-0.356,-0.072,-0.309,-0.215,0.024,0.744
07/26/1985,-0.319,-0.016,-0.266,-0.254,0.016,0.747
08/02/1985,-0.281,0.037,-0.224,-0.288,0.007,0.75
08/09/1985,-0.243,0.093,-0.184,-0.318,-0.004,0.755
08/16/1985,-0.206,0.148,-0.147,-0.344,-0.018,0.76
08/23/1985,-0.174,0.201,-0.114,-0.364,-0.035,0.767
08/30/1985,-0.149,0.248,-0.088,-0.38,-0.055,0.775
09/06/1985,-0.132,0.283,-0.071,-0.391,-0.078,0.784
09/13/1985,-0.125,0.303,-0.062,-0.398,-0.104,0.794
09/20/1985,-0.13,0.306,-0.065,-0.402,-0.133,0.804
09/27/1985,-0.145,0.29,-0.079,-0.402,-0.162,0.814
10/04/1985,-0.171,0.255,-0.103,-0.399,-0.193,0.825
10/11/1985,-0.203,0.203,-0.134,-0.395,-0.224,0.834
10/18/1985,-0.238,0.142,-0.169,-0.389,-0.253,0.843
10/25/1985,-0.272,0.079,-0.204,-0.382,-0.281,0.851
11/01/1985,-0.302,0.027,-0.236,-0.375,-0.306,0.858
11/08/1985,-0.324,-0.004,-0.261,-0.368,-0.329,0.864
11/15/1985,-0.337,-0.009,-0.276,-0.363,-0.348,0.867
11/22/1985,-0.339,0.013,-0.281,-0.359,-0.365,0.87
11/29/1985,-0.333,0.051,-0.275,-0.358,-0.378,0.87
12/06/1985,-0.32,0.093,-0.262,-0.36,-0.388,0.869
12/13/1985,-0.303,0.129,-0.243,-0.364,-0.395,0.867
12/20/1985,-0.286,0.151,-0.222,-0.371,-0.399,0.863
12/27/1985,-0.269,0.161,-0.201,-0.38,-0.4,0.858
01/03/1986,-0.258,0.156,-0.184,-0.392,-0.399,0.852
01/10/1986,-0.251,0.139,-0.173,-0.404,-0.396,0.846
01/17/1986,-0.25,0.11,-0.167,-0.418,-0.39,0.839
01/24/1986,-0.254,0.067,-0.169,-0.432,-0.383,0.832
01/31/1986,-0.263,0.011,-0.177,-0.445,-0.375,0.824
02/07/1986,-0.273,-0.05,-0.188,-0.459,-0.366,0.817
02/14/1986,-0.284,-0.102,-0.201,-0.471,-0.356,0.81
02/21/1986,-0.294,-0.135,-0.214,-0.484,-0.346,0.803
02/28/1986,-0.303,-0.142,-0.225,-0.496,-0.337,0.797
03/07/1986,-0.31,-0.125,-0.235,-0.509,-0.328,0.791
03/14/1986,-0.318,-0.097,-0.244,-0.521,-0.32,0.786
03/21/1986,-0.327,-0.072,-0.252,-0.533,-0.313,0.781
03/28/1986,-0.34,-0.061,-0.262,-0.546,-0.307,0.776
04/04/1986,-0.357,-0.071,-0.274,-0.558,-0.302,0.772
04/11/1986,-0.378,-0.094,-0.289,-0.569,-0.297,0.768
04/18/1986,-0.401,-0.119,-0.305,-0.578,-0.291,0.765
04/25/1986,-0.426,-0.138,-0.322,-0.586,-0.284,0.763
05/02/1986,-0.447,-0.142,-0.338,-0.589,-0.274,0.76
05/09/1986,-0.465,-0.129,-0.352,-0.588,-0.262,0.759
05/16/1986,-0.476,-0.101,-0.364,-0.583,-0.245,0.757
05/23/1986,-0.481,-0.059,-0.372,-0.572,-0.224,0.756
05/30/1986,-0.479,-0.006,-0.378,-0.556,-0.199,0.756
06/06/1986,-0.473,0.056,-0.381,-0.535,-0.17,0.756
06/13/1986,-0.463,0.121,-0.385,-0.512,-0.137,0.757
06/20/1986,-0.453,0.18,-0.389,-0.487,-0.101,0.758
06/27/1986,-0.448,0.222,-0.398,-0.462,-0.062,0.76
07/04/1986,-0.449,0.239,-0.412,-0.439,-0.022,0.763
07/11/1986,-0.457,0.23,-0.431,-0.42,0.019,0.767
07/18/1986,-0.474,0.197,-0.455,-0.406,0.062,0.772
07/25/1986,-0.496,0.146,-0.481,-0.397,0.105,0.777
08/01/1986,-0.522,0.085,-0.508,-0.393,0.148,0.784
08/08/1986,-0.547,0.024,-0.531,-0.395,0.191,0.792
08/15/1986,-0.569,-0.031,-0.549,-0.4,0.235,0.802
08/22/1986,-0.584,-0.069,-0.558,-0.409,0.278,0.812
08/29/1986,-0.591,-0.085,-0.558,-0.42,0.321,0.824
09/05/1986,-0.59,-0.077,-0.549,-0.43,0.363,0.837
09/12/1986,-0.581,-0.047,-0.532,-0.438,0.404,0.851
09/19/1986,-0.569,-0.011,-0.513,-0.442,0.444,0.866
09/26/1986,-0.556,0.02,-0.495,-0.442,0.482,0.881
10/03/1986,-0.545,0.035,-0.479,-0.436,0.518,0.897
10/10/1986,-0.539,0.025,-0.47,-0.424,0.551,0.913
10/17/1986,-0.538,-0.005,-0.467,-0.407,0.581,0.929
10/24/1986,-0.54,-0.047,-0.469,-0.384,0.608,0.944
10/31/1986,-0.545,-0.091,-0.476,-0.358,0.631,0.959
11/07/1986,-0.551,-0.131,-0.486,-0.328,0.65,0.973
11/14/1986,-0.555,-0.16,-0.497,-0.297,0.663,0.986
11/21/1986,-0.556,-0.174,-0.506,-0.266,0.67,0.998
11/28/1986,-0.554,-0.172,-0.513,-0.235,0.671,1.009
12/05/1986,-0.547,-0.152,-0.516,-0.206,0.664,1.019
12/12/1986,-0.537,-0.117,-0.516,-0.179,0.651,1.027
12/19/1986,-0.525,-0.072,-0.514,-0.155,0.63,1.034
12/26/1986,-0.513,-0.028,-0.509,-0.135,0.602,1.039
01/02/1987,-0.504,0.001,-0.505,-0.119,0.568,1.043
01/09/1987,-0.497,0.01,-0.501,-0.106,0.528,1.045
01/16/1987,-0.492,-0.003,-0.495,-0.098,0.484,1.046
01/23/1987,-0.49,-0.031,-0.487,-0.094,0.437,1.046
01/30/1987,-0.489,-0.066,-0.476,-0.095,0.389,1.044
02/06/1987,-0.487,-0.1,-0.458,-0.1,0.34,1.04
02/13/1987,-0.479,-0.128,-0.432,-0.108,0.292,1.035
02/20/1987,-0.463,-0.148,-0.393,-0.12,0.245,1.028
02/27/1987,-0.437,-0.163,-0.341,-0.134,0.201,1.021
03/06/1987,-0.398,-0.169,-0.273,-0.151,0.16,1.012
03/13/1987,-0.342,-0.152,-0.186,-0.169,0.123,1.002
03/20/1987,-0.268,-0.103,-0.078,-0.187,0.088,0.992
03/27/1987,-0.174,-0.015,0.049,-0.206,0.057,0.981
04/03/1987,-0.064,0.115,0.193,-0.223,0.028,0.969
04/10/1987,0.058,0.277,0.347,-0.238,0.003,0.958
04/17/1987,0.185,0.463,0.504,-0.25,-0.021,0.947
04/24/1987,0.308,0.656,0.655,-0.258,-0.041,0.936
05/01/1987,0.417,0.84,0.788,-0.263,-0.06,0.926
05/08/1987,0.509,1.006,0.899,-0.265,-0.077,0.917
05/15/1987,0.574,1.134,0.979,-0.263,-0.092,0.908
05/22/1987,0.613,1.216,1.027,-0.258,-0.106,0.901
05/29/1987,0.621,1.234,1.038,-0.252,-0.117,0.894
06/05/1987,0.602,1.197,1.017,-0.245,-0.125,0.889
06/12/1987,0.56,1.119,0.968,-0.238,-0.129,0.884
06/19/1987,0.497,1.014,0.895,-0.233,-0.129,0.881
06/26/1987,0.424,0.905,0.807,-0.23,-0.122,0.878
07/03/1987,0.344,0.8,0.711,-0.23,-0.109,0.876
07/10/1987,0.263,0.698,0.615,-0.235,-0.086,0.876
07/17/1987,0.184,0.589,0.523,-0.243,-0.052,0.876
07/24/1987,0.111,0.47,0.441,-0.254,-0.007,0.876
07/31/1987,0.05,0.349,0.376,-0.267,0.051,0.878
08/07/1987,0.008,0.246,0.334,-0.281,0.122,0.88
08/14/1987,-0.013,0.177,0.319,-0.294,0.206,0.883
08/21/1987,-0.004,0.163,0.34,-0.305,0.303,0.887
08/28/1987,0.04,0.203,0.396,-0.312,0.412,0.891
09/04/1987,0.117,0.294,0.49,-0.314,0.529,0.895
09/11/1987,0.222,0.424,0.613,-0.309,0.653,0.9
09/18/1987,0.35,0.592,0.759,-0.298,0.78,0.905
09/25/1987,0.492,0.797,0.918,-0.281,0.906,0.909
10/02/1987,0.642,1.036,1.083,-0.257,1.026,0.914
10/09/1987,0.788,1.28,1.24,-0.229,1.137,0.919
10/16/1987,0.918,1.496,1.378,-0.198,1.233,0.924
10/23/1987,1.025,1.652,1.491,-0.166,1.312,0.928
10/30/1987,1.102,1.72,1.569,-0.135,1.369,0.931
11/06/1987,1.142,1.703,1.609,-0.107,1.404,0.935
11/13/1987,1.154,1.641,1.617,-0.083,1.417,0.937
11/20/1987,1.142,1.57,1.6,-0.064,1.407,0.939
11/27/1987,1.11,1.513,1.559,-0.049,1.377,0.941
12/04/1987,1.062,1.478,1.501,-0.04,1.328,0.942
12/11/1987,0.997,1.439,1.421,-0.033,1.263,0.942
12/18/1987,0.921,1.38,1.327,-0.03,1.185,0.942
12/25/1987,0.833,1.284,1.218,-0.028,1.096,0.941
01/01/1988,0.739,1.156,1.1,-0.028,1.001,0.941
01/08/1988,0.641,1.013,0.977,-0.028,0.901,0.94
01/15/1988,0.545,0.878,0.855,-0.029,0.799,0.938
01/22/1988,0.451,0.757,0.736,-0.031,0.699,0.937
01/29/1988,0.364,0.65,0.626,-0.034,0.601,0.936
02/05/1988,0.286,0.554,0.528,-0.038,0.508,0.935
02/12/1988,0.221,0.464,0.446,-0.043,0.422,0.934
02/19/1988,0.171,0.385,0.384,-0.049,0.343,0.933
02/26/1988,0.136,0.323,0.342,-0.057,0.274,0.933
03/04/1988,0.115,0.287,0.318,-0.066,0.215,0.932
03/11/1988,0.109,0.283,0.311,-0.075,0.165,0.933
03/18/1988,0.117,0.306,0.321,-0.085,0.125,0.933
03/25/1988,0.134,0.344,0.341,-0.095,0.095,0.934
04/01/1988,0.158,0.392,0.37,-0.104,0.074,0.935
04/08/1988,0.186,0.44,0.402,-0.113,0.061,0.936
04/15/1988,0.212,0.481,0.433,-0.12,0.054,0.938
04/22/1988,0.235,0.517,0.459,-0.127,0.054,0.94
04/29/1988,0.249,0.541,0.477,-0.132,0.058,0.942
05/06/1988,0.256,0.553,0.488,-0.137,0.066,0.944
05/13/1988,0.258,0.555,0.494,-0.142,0.077,0.947
05/20/1988,0.258,0.548,0.497,-0.146,0.089,0.949
05/27/1988,0.257,0.537,0.502,-0.151,0.101,0.952
06/03/1988,0.26,0.534,0.51,-0.157,0.114,0.954
06/10/1988,0.268,0.542,0.524,-0.162,0.126,0.956
06/17/1988,0.283,0.563,0.546,-0.168,0.137,0.959
06/24/1988,0.304,0.596,0.575,-0.175,0.147,0.96
07/01/1988,0.331,0.636,0.611,-0.18,0.154,0.962
07/08/1988,0.361,0.674,0.649,-0.186,0.16,0.963
07/15/1988,0.39,0.708,0.686,-0.189,0.162,0.964
07/22/1988,0.414,0.735,0.716,-0.191,0.162,0.964
07/29/1988,0.43,0.751,0.736,-0.19,0.16,0.964
08/05/1988,0.437,0.755,0.744,-0.185,0.155,0.963
08/12/1988,0.434,0.739,0.738,-0.177,0.148,0.961
08/19/1988,0.421,0.699,0.718,-0.166,0.138,0.959
08/26/1988,0.399,0.635,0.685,-0.151,0.128,0.957
09/02/1988,0.371,0.556,0.643,-0.133,0.116,0.954
09/09/1988,0.339,0.472,0.594,-0.114,0.104,0.951
09/16/1988,0.308,0.4,0.545,-0.094,0.091,0.947
09/23/1988,0.28,0.346,0.499,-0.075,0.079,0.943
09/30/1988,0.255,0.308,0.459,-0.058,0.067,0.94
10/07/1988,0.234,0.281,0.424,-0.043,0.056,0.936
10/14/1988,0.216,0.255,0.396,-0.032,0.046,0.933
10/21/1988,0.201,0.227,0.373,-0.023,0.037,0.929
10/28/1988,0.187,0.198,0.356,-0.017,0.03,0.927
11/04/1988,0.176,0.176,0.342,-0.013,0.024,0.925
11/11/1988,0.168,0.164,0.332,-0.01,0.019,0.924
11/18/1988,0.161,0.163,0.323,-0.006,0.016,0.923
11/25/1988,0.156,0.168,0.316,-0.002,0.014,0.923
12/02/1988,0.152,0.173,0.308,0.004,0.013,0.924
12/09/1988,0.148,0.174,0.299,0.011,0.013,0.926
12/16/1988,0.145,0.17,0.29,0.02,0.014,0.928
12/23/1988,0.143,0.166,0.281,0.031,0.016,0.931
12/30/1988,0.142,0.166,0.275,0.042,0.017,0.934
01/06/1989,0.145,0.173,0.273,0.053,0.017,0.937
01/13/1989,0.152,0.184,0.279,0.065,0.017,0.941
01/20/1989,0.166,0.198,0.296,0.077,0.016,0.945
01/27/1989,0.189,0.22,0.325,0.088,0.013,0.949
02/03/1989,0.226,0.26,0.371,0.099,0.009,0.953
02/10/1989,0.275,0.326,0.433,0.11,0.003,0.956
02/17/1989,0.338,0.427,0.51,0.123,-0.004,0.959
02/24/1989,0.41,0.556,0.595,0.136,-0.011,0.962
03/03/1989,0.488,0.704,0.684,0.15,-0.02,0.964
03/10/1989,0.563,0.848,0.767,0.166,-0.028,0.966
03/17/1989,0.632,0.971,0.839,0.183,-0.035,0.967
03/24/1989,0.685,1.059,0.891,0.201,-0.041,0.968
03/31/1989,0.718,1.105,0.918,0.219,-0.045,0.968
04/07/1989,0.728,1.114,0.917,0.236,-0.048,0.968
04/14/1989,0.714,1.087,0.889,0.252,-0.05,0.967
04/21/1989,0.675,1.026,0.836,0.267,-0.05,0.965
04/28/1989,0.621,0.936,0.767,0.279,-0.048,0.964
05/05/1989,0.555,0.821,0.687,0.29,-0.046,0.961
05/12/1989,0.486,0.692,0.604,0.299,-0.043,0.959
05/19/1989,0.42,0.565,0.526,0.307,-0.04,0.956
05/26/1989,0.364,0.461,0.458,0.315,-0.036,0.953
06/02/1989,0.321,0.396,0.405,0.323,-0.032,0.95
06/09/1989,0.293,0.373,0.365,0.33,-0.029,0.947
06/16/1989,0.276,0.381,0.337,0.338,-0.025,0.945
06/23/1989,0.265,0.4,0.316,0.347,-0.022,0.942
06/30/1989,0.256,0.405,0.298,0.355,-0.018,0.94
07/07/1989,0.246,0.383,0.28,0.363,-0.015,0.939
07/14/1989,0.233,0.331,0.261,0.37,-0.012,0.938
07/21/1989,0.219,0.263,0.243,0.377,-0.008,0.938
07/28/1989,0.207,0.203,0.229,0.384,-0.003,0.939
08/04/1989,0.2,0.166,0.222,0.392,0.002,0.94
08/11/1989,0.203,0.167,0.226,0.4,0.009,0.942
08/18/1989,0.215,0.205,0.241,0.409,0.018,0.945
08/25/1989,0.238,0.273,0.265,0.419,0.029,0.948
09/01/1989,0.269,0.359,0.296,0.432,0.043,0.952
09/08/1989,0.303,0.451,0.329,0.446,0.059,0.956
09/15/1989,0.337,0.539,0.36,0.463,0.078,0.96
09/22/1989,0.363,0.612,0.381,0.481,0.099,0.965
09/29/1989,0.38,0.663,0.389,0.499,0.122,0.969
10/06/1989,0.383,0.683,0.381,0.518,0.147,0.972
10/13/1989,0.37,0.667,0.355,0.537,0.174,0.975
10/20/1989,0.342,0.617,0.313,0.555,0.201,0.976
10/27/1989,0.301,0.542,0.257,0.571,0.229,0.976
11/03/1989,0.251,0.456,0.192,0.585,0.258,0.975
11/10/1989,0.199,0.372,0.124,0.598,0.286,0.973
11/17/1989,0.147,0.301,0.059,0.609,0.314,0.968
11/24/1989,0.101,0.246,0.001,0.617,0.341,0.963
12/01/1989,0.065,0.208,-0.045,0.625,0.366,0.956
12/08/1989,0.039,0.18,-0.078,0.631,0.389,0.948
12/15/1989,0.025,0.16,-0.097,0.636,0.41,0.938
12/22/1989,0.021,0.147,-0.103,0.641,0.427,0.928
12/29/1989,0.025,0.14,-0.099,0.647,0.44,0.918
01/05/1990,0.035,0.139,-0.089,0.653,0.448,0.907
01/12/1990,0.047,0.139,-0.077,0.661,0.451,0.896
01/19/1990,0.056,0.134,-0.067,0.671,0.448,0.886
01/26/1990,0.064,0.12,-0.061,0.684,0.438,0.877
02/02/1990,0.066,0.093,-0.063,0.699,0.422,0.869
02/09/1990,0.063,0.054,-0.07,0.715,0.4,0.862
02/16/1990,0.058,0.01,-0.081,0.732,0.371,0.856
02/23/1990,0.052,-0.033,-0.093,0.749,0.337,0.852
03/02/1990,0.047,-0.068,-0.103,0.764,0.299,0.85
03/09/1990,0.046,-0.094,-0.108,0.777,0.257,0.849
03/16/1990,0.052,-0.106,-0.106,0.787,0.213,0.849
03/23/1990,0.063,-0.106,-0.098,0.795,0.169,0.85
03/30/1990,0.078,-0.093,-0.085,0.8,0.125,0.852
04/06/1990,0.094,-0.068,-0.07,0.802,0.085,0.855
04/13/1990,0.106,-0.037,-0.058,0.802,0.049,0.858
04/20/1990,0.113,-0.005,-0.053,0.8,0.02,0.861
04/27/1990,0.11,0.017,-0.058,0.797,-0.001,0.864
05/04/1990,0.095,0.018,-0.075,0.792,-0.011,0.866
05/11/1990,0.069,-0.007,-0.105,0.787,-0.011,0.867
05/18/1990,0.034,-0.053,-0.144,0.78,0.002,0.868
05/25/1990,-0.007,-0.111,-0.19,0.773,0.026,0.867
06/01/1990,-0.05,-0.169,-0.239,0.766,0.062,0.866
06/08/1990,-0.09,-0.214,-0.285,0.759,0.11,0.863
06/15/1990,-0.123,-0.244,-0.325,0.754,0.167,0.859
06/22/1990,-0.146,-0.26,-0.354,0.75,0.231,0.854
06/29/1990,-0.156,-0.264,-0.37,0.749,0.302,0.848
07/06/1990,-0.153,-0.255,-0.374,0.751,0.375,0.841
07/13/1990,-0.137,-0.232,-0.364,0.758,0.45,0.834
07/20/1990,-0.11,-0.192,-0.342,0.771,0.522,0.825
07/27/1990,-0.073,-0.134,-0.309,0.788,0.59,0.816
08/03/1990,-0.029,-0.063,-0.268,0.811,0.652,0.806
08/10/1990,0.021,0.01,-0.219,0.839,0.705,0.795
08/17/1990,0.074,0.078,-0.169,0.872,0.748,0.784
08/24/1990,0.129,0.139,-0.115,0.91,0.781,0.773
08/31/1990,0.183,0.199,-0.063,0.95,0.802,0.761
09/07/1990,0.237,0.27,-0.012,0.994,0.811,0.749
09/14/1990,0.288,0.353,0.036,1.039,0.809,0.736
09/21/1990,0.336,0.447,0.078,1.084,0.796,0.724
09/28/1990,0.379,0.539,0.115,1.13,0.772,0.71
10/05/1990,0.412,0.606,0.14,1.175,0.739,0.697
10/12/1990,0.435,0.638,0.155,1.217,0.697,0.683
10/19/1990,0.449,0.639,0.161,1.257,0.648,0.668
10/26/1990,0.454,0.614,0.158,1.292,0.592,0.653
11/02/1990,0.455,0.584,0.151,1.321,0.53,0.637
11/09/1990,0.454,0.56,0.145,1.345,0.465,0.62
11/16/1990,0.454,0.548,0.142,1.36,0.395,0.602
11/23/1990,0.459,0.548,0.146,1.368,0.323,0.584
11/30/1990,0.469,0.561,0.159,1.367,0.249,0.564
12/07/1990,0.482,0.583,0.177,1.357,0.175,0.543
12/14/1990,0.496,0.618,0.199,1.338,0.1,0.522
12/21/1990,0.511,0.669,0.223,1.311,0.026,0.499
12/28/1990,0.518,0.72,0.239,1.277,-0.047,0.475
01/04/1991,0.51,0.749,0.241,1.237,-0.118,0.45
01/11/1991,0.489,0.744,0.227,1.192,-0.187,0.424
01/18/1991,0.45,0.689,0.195,1.143,-0.252,0.398
01/25/1991,0.391,0.581,0.142,1.091,-0.313,0.37
02/01/1991,0.322,0.451,0.079,1.037,-0.369,0.341
02/08/1991,0.247,0.32,0.009,0.982,-0.42,0.312
02/15/1991,0.172,0.212,-0.062,0.925,-0.465,0.281
02/22/1991,0.101,0.135,-0.128,0.87,-0.503,0.25
03/01/1991,0.037,0.085,-0.186,0.815,-0.535,0.217
03/08/1991,-0.021,0.047,-0.238,0.762,-0.56,0.185
03/15/1991,-0.071,0.008,-0.282,0.713,-0.579,0.151
03/22/1991,-0.113,-0.034,-0.317,0.667,-0.592,0.117
03/29/1991,-0.149,-0.077,-0.347,0.626,-0.599,0.082
04/05/1991,-0.178,-0.111,-0.37,0.589,-0.602,0.047
04/12/1991,-0.202,-0.133,-0.387,0.556,-0.6,0.012
04/19/1991,-0.222,-0.143,-0.399,0.526,-0.596,-0.023
04/26/1991,-0.235,-0.146,-0.406,0.501,-0.588,-0.058
05/03/1991,-0.243,-0.148,-0.407,0.478,-0.579,-0.092
05/10/1991,-0.247,-0.149,-0.404,0.458,-0.567,-0.126
05/17/1991,-0.245,-0.147,-0.397,0.44,-0.554,-0.16
05/24/1991,-0.241,-0.139,-0.387,0.424,-0.541,-0.192
05/31/1991,-0.236,-0.124,-0.376,0.409,-0.526,-0.224
06/07/1991,-0.234,-0.11,-0.37,0.395,-0.51,-0.256
06/14/1991,-0.238,-0.106,-0.37,0.383,-0.494,-0.286
06/21/1991,-0.249,-0.124,-0.379,0.371,-0.478,-0.315
06/28/1991,-0.269,-0.169,-0.398,0.361,-0.461,-0.343
07/05/1991,-0.299,-0.239,-0.428,0.351,-0.444,-0.37
07/12/1991,-0.334,-0.321,-0.466,0.343,-0.428,-0.396
07/19/1991,-0.374,-0.403,-0.509,0.336,-0.411,-0.421
07/26/1991,-0.415,-0.471,-0.555,0.329,-0.395,-0.444
08/02/1991,-0.452,-0.521,-0.598,0.324,-0.38,-0.466
08/09/1991,-0.485,-0.554,-0.637,0.319,-0.365,-0.486
08/16/1991,-0.51,-0.573,-0.67,0.314,-0.351,-0.506
08/23/1991,-0.528,-0.586,-0.695,0.31,-0.338,-0.524
08/30/1991,-0.541,-0.596,-0.714,0.304,-0.327,-0.54
09/06/1991,-0.549,-0.602,-0.727,0.298,-0.317,-0.556
09/13/1991,-0.554,-0.606,-0.736,0.291,-0.31,-0.571
09/20/1991,-0.558,-0.606,-0.742,0.283,-0.304,-0.586
09/27/1991,-0.561,-0.602,-0.745,0.273,-0.301,-0.6
10/04/1991,-0.564,-0.599,-0.747,0.262,-0.301,-0.614
10/11/1991,-0.569,-0.602,-0.748,0.249,-0.302,-0.628
10/18/1991,-0.575,-0.609,-0.75,0.236,-0.306,-0.642
10/25/1991,-0.582,-0.62,-0.753,0.222,-0.311,-0.657
11/01/1991,-0.59,-0.631,-0.758,0.209,-0.319,-0.672
11/08/1991,-0.6,-0.638,-0.765,0.199,-0.329,-0.688
11/15/1991,-0.61,-0.64,-0.774,0.19,-0.341,-0.705
11/22/1991,-0.619,-0.643,-0.783,0.183,-0.356,-0.723
11/29/1991,-0.629,-0.651,-0.793,0.177,-0.373,-0.741
12/06/1991,-0.64,-0.669,-0.804,0.172,-0.392,-0.761
12/13/1991,-0.65,-0.695,-0.812,0.167,-0.415,-0.781
12/20/1991,-0.658,-0.721,-0.817,0.159,-0.439,-0.801
12/27/1991,-0.664,-0.741,-0.817,0.149,-0.465,-0.822
01/03/1992,-0.666,-0.748,-0.811,0.136,-0.491,-0.843
01/10/1992,-0.667,-0.742,-0.8,0.119,-0.517,-0.864
01/17/1992,-0.664,-0.727,-0.784,0.098,-0.542,-0.884
01/24/1992,-0.66,-0.714,-0.766,0.074,-0.565,-0.904
01/31/1992,-0.657,-0.71,-0.749,0.049,-0.585,-0.924
02/07/1992,-0.655,-0.713,-0.733,0.023,-0.602,-0.942
02/14/1992,-0.654,-0.721,-0.719,-0.002,-0.616,-0.959
02/21/1992,-0.654,-0.727,-0.709,-0.025,-0.627,-0.976
02/28/1992,-0.655,-0.729,-0.704,-0.045,-0.634,-0.991
03/06/1992,-0.658,-0.728,-0.703,-0.064,-0.639,-1.005
03/13/1992,-0.663,-0.727,-0.706,-0.08,-0.641,-1.018
03/20/1992,-0.671,-0.733,-0.715,-0.094,-0.642,-1.029
03/27/1992,-0.683,-0.749,-0.73,-0.106,-0.643,-1.04
04/03/1992,-0.699,-0.773,-0.749,-0.118,-0.644,-1.049
04/10/1992,-0.718,-0.801,-0.771,-0.13,-0.647,-1.057
04/17/1992,-0.739,-0.829,-0.795,-0.141,-0.653,-1.065
04/24/1992,-0.761,-0.856,-0.82,-0.152,-0.662,-1.071
05/01/1992,-0.784,-0.88,-0.844,-0.164,-0.674,-1.077
05/08/1992,-0.805,-0.902,-0.867,-0.174,-0.689,-1.082
05/15/1992,-0.825,-0.921,-0.889,-0.184,-0.707,-1.086
05/22/1992,-0.844,-0.937,-0.908,-0.194,-0.726,-1.09
05/29/1992,-0.86,-0.948,-0.925,-0.202,-0.746,-1.093
06/05/1992,-0.875,-0.955,-0.941,-0.208,-0.766,-1.096
06/12/1992,-0.889,-0.962,-0.956,-0.213,-0.784,-1.099
06/19/1992,-0.902,-0.971,-0.971,-0.216,-0.8,-1.102
06/26/1992,-0.915,-0.984,-0.985,-0.217,-0.812,-1.104
07/03/1992,-0.925,-1,-0.998,-0.217,-0.818,-1.107
07/10/1992,-0.932,-1.015,-1.009,-0.215,-0.819,-1.109
07/17/1992,-0.937,-1.025,-1.018,-0.212,-0.813,-1.112
07/24/1992,-0.939,-1.025,-1.025,-0.207,-0.801,-1.115
07/31/1992,-0.937,-1.015,-1.029,-0.201,-0.785,-1.119
08/07/1992,-0.932,-0.999,-1.029,-0.193,-0.767,-1.122
08/14/1992,-0.924,-0.982,-1.027,-0.185,-0.747,-1.126
08/21/1992,-0.913,-0.967,-1.02,-0.176,-0.729,-1.13
08/28/1992,-0.898,-0.953,-1.007,-0.166,-0.714,-1.134
09/04/1992,-0.88,-0.937,-0.988,-0.157,-0.705,-1.139
09/11/1992,-0.859,-0.915,-0.961,-0.15,-0.702,-1.143
09/18/1992,-0.834,-0.883,-0.925,-0.145,-0.706,-1.147
09/25/1992,-0.805,-0.84,-0.882,-0.143,-0.718,-1.151
10/02/1992,-0.774,-0.791,-0.834,-0.143,-0.735,-1.155
10/09/1992,-0.744,-0.746,-0.785,-0.146,-0.756,-1.158
10/16/1992,-0.716,-0.706,-0.74,-0.151,-0.781,-1.161
10/23/1992,-0.695,-0.675,-0.703,-0.157,-0.807,-1.164
10/30/1992,-0.683,-0.654,-0.678,-0.163,-0.835,-1.165
11/06/1992,-0.681,-0.644,-0.669,-0.169,-0.862,-1.166
11/13/1992,-0.689,-0.646,-0.675,-0.174,-0.89,-1.166
11/20/1992,-0.707,-0.667,-0.696,-0.178,-0.917,-1.165
11/27/1992,-0.735,-0.708,-0.73,-0.181,-0.945,-1.163
12/04/1992,-0.77,-0.771,-0.774,-0.184,-0.973,-1.161
12/11/1992,-0.809,-0.846,-0.824,-0.186,-1.003,-1.158
12/18/1992,-0.846,-0.921,-0.871,-0.187,-1.033,-1.154
12/25/1992,-0.881,-0.985,-0.915,-0.189,-1.066,-1.149
01/01/1993,-0.909,-1.03,-0.949,-0.191,-1.099,-1.144
01/08/1993,-0.93,-1.055,-0.975,-0.194,-1.132,-1.139
01/15/1993,-0.945,-1.065,-0.992,-0.196,-1.166,-1.134
01/22/1993,-0.954,-1.068,-1.001,-0.197,-1.199,-1.128
01/29/1993,-0.957,-1.067,-1.005,-0.198,-1.231,-1.123
02/05/1993,-0.958,-1.064,-1.005,-0.199,-1.261,-1.118
02/12/1993,-0.957,-1.061,-1.002,-0.199,-1.287,-1.113
02/19/1993,-0.956,-1.055,-0.999,-0.199,-1.311,-1.108
02/26/1993,-0.957,-1.049,-0.997,-0.201,-1.331,-1.104
03/05/1993,-0.959,-1.044,-0.995,-0.203,-1.346,-1.101
03/12/1993,-0.963,-1.04,-0.995,-0.207,-1.354,-1.097
03/19/1993,-0.969,-1.038,-0.997,-0.213,-1.355,-1.094
03/26/1993,-0.975,-1.037,-1,-0.221,-1.347,-1.092
04/02/1993,-0.982,-1.035,-1.005,-0.23,-1.329,-1.089
04/09/1993,-0.989,-1.035,-1.01,-0.24,-1.302,-1.087
04/16/1993,-0.993,-1.034,-1.017,-0.251,-1.266,-1.085
04/23/1993,-0.995,-1.036,-1.023,-0.262,-1.224,-1.082
04/30/1993,-0.994,-1.041,-1.029,-0.273,-1.18,-1.08
05/07/1993,-0.991,-1.047,-1.033,-0.282,-1.137,-1.078
05/14/1993,-0.987,-1.051,-1.036,-0.291,-1.099,-1.075
05/21/1993,-0.983,-1.054,-1.038,-0.299,-1.07,-1.072
05/28/1993,-0.982,-1.056,-1.041,-0.306,-1.052,-1.069
06/04/1993,-0.984,-1.06,-1.044,-0.313,-1.048,-1.066
06/11/1993,-0.992,-1.069,-1.05,-0.319,-1.058,-1.062
06/18/1993,-1.005,-1.085,-1.059,-0.324,-1.079,-1.058
06/25/1993,-1.02,-1.106,-1.07,-0.329,-1.109,-1.054
07/02/1993,-1.037,-1.13,-1.082,-0.333,-1.145,-1.05
07/09/1993,-1.055,-1.15,-1.095,-0.335,-1.183,-1.045
07/16/1993,-1.07,-1.165,-1.108,-0.336,-1.221,-1.041
07/23/1993,-1.083,-1.173,-1.12,-0.333,-1.254,-1.036
07/30/1993,-1.091,-1.176,-1.131,-0.328,-1.282,-1.031
08/06/1993,-1.096,-1.177,-1.139,-0.32,-1.303,-1.026
08/13/1993,-1.097,-1.178,-1.145,-0.311,-1.316,-1.022
08/20/1993,-1.095,-1.179,-1.149,-0.299,-1.319,-1.017
08/27/1993,-1.091,-1.178,-1.149,-0.287,-1.314,-1.012
09/03/1993,-1.084,-1.171,-1.146,-0.276,-1.299,-1.008
09/10/1993,-1.076,-1.158,-1.14,-0.266,-1.274,-1.003
09/17/1993,-1.064,-1.139,-1.131,-0.259,-1.238,-0.998
09/24/1993,-1.051,-1.116,-1.12,-0.254,-1.19,-0.993
10/01/1993,-1.036,-1.094,-1.107,-0.253,-1.131,-0.988
10/08/1993,-1.02,-1.075,-1.093,-0.255,-1.063,-0.983
10/15/1993,-1.003,-1.056,-1.079,-0.26,-0.986,-0.977
10/22/1993,-0.984,-1.036,-1.065,-0.268,-0.905,-0.971
10/29/1993,-0.967,-1.015,-1.051,-0.278,-0.822,-0.965
11/05/1993,-0.951,-0.995,-1.039,-0.291,-0.742,-0.958
11/12/1993,-0.941,-0.981,-1.032,-0.304,-0.668,-0.95
11/19/1993,-0.936,-0.976,-1.03,-0.318,-0.602,-0.942
11/26/1993,-0.938,-0.985,-1.033,-0.332,-0.547,-0.933
12/03/1993,-0.946,-1.006,-1.042,-0.346,-0.501,-0.924
12/10/1993,-0.959,-1.032,-1.054,-0.361,-0.465,-0.914
12/17/1993,-0.975,-1.058,-1.067,-0.377,-0.436,-0.903
12/24/1993,-0.991,-1.077,-1.08,-0.392,-0.412,-0.892
12/31/1993,-1.005,-1.086,-1.09,-0.409,-0.392,-0.88
01/07/1994,-1.015,-1.085,-1.096,-0.425,-0.374,-0.869
01/14/1994,-1.02,-1.08,-1.097,-0.442,-0.356,-0.857
01/21/1994,-1.019,-1.068,-1.091,-0.458,-0.338,-0.844
01/28/1994,-1.012,-1.052,-1.078,-0.473,-0.321,-0.832
02/04/1994,-0.998,-1.031,-1.059,-0.487,-0.304,-0.82
02/11/1994,-0.977,-1.002,-1.031,-0.5,-0.289,-0.807
02/18/1994,-0.95,-0.964,-0.997,-0.51,-0.277,-0.795
02/25/1994,-0.92,-0.919,-0.957,-0.518,-0.271,-0.783
03/04/1994,-0.886,-0.868,-0.914,-0.522,-0.27,-0.771
03/11/1994,-0.852,-0.816,-0.869,-0.524,-0.276,-0.758
03/18/1994,-0.82,-0.77,-0.825,-0.521,-0.289,-0.746
03/25/1994,-0.79,-0.731,-0.784,-0.514,-0.309,-0.734
04/01/1994,-0.765,-0.701,-0.747,-0.504,-0.333,-0.722
04/08/1994,-0.746,-0.68,-0.718,-0.491,-0.361,-0.71
04/15/1994,-0.733,-0.663,-0.697,-0.475,-0.391,-0.698
04/22/1994,-0.724,-0.65,-0.683,-0.456,-0.422,-0.685
04/29/1994,-0.721,-0.641,-0.677,-0.437,-0.452,-0.672
05/06/1994,-0.719,-0.635,-0.674,-0.417,-0.48,-0.66
05/13/1994,-0.719,-0.635,-0.674,-0.399,-0.505,-0.647
05/20/1994,-0.72,-0.641,-0.676,-0.382,-0.527,-0.633
05/27/1994,-0.721,-0.647,-0.679,-0.367,-0.544,-0.62
06/03/1994,-0.72,-0.647,-0.68,-0.354,-0.557,-0.606
06/10/1994,-0.72,-0.64,-0.682,-0.345,-0.565,-0.592
06/17/1994,-0.718,-0.625,-0.683,-0.338,-0.568,-0.578
06/24/1994,-0.717,-0.608,-0.686,-0.333,-0.565,-0.565
07/01/1994,-0.718,-0.597,-0.693,-0.33,-0.558,-0.551
07/08/1994,-0.725,-0.601,-0.706,-0.329,-0.545,-0.537
07/15/1994,-0.737,-0.622,-0.725,-0.329,-0.528,-0.523
07/22/1994,-0.753,-0.658,-0.749,-0.33,-0.505,-0.51
07/29/1994,-0.771,-0.7,-0.775,-0.332,-0.477,-0.497
08/05/1994,-0.787,-0.741,-0.799,-0.334,-0.443,-0.485
08/12/1994,-0.8,-0.777,-0.818,-0.338,-0.404,-0.473
08/19/1994,-0.808,-0.802,-0.831,-0.342,-0.359,-0.461
08/26/1994,-0.807,-0.811,-0.834,-0.346,-0.309,-0.45
09/02/1994,-0.797,-0.802,-0.827,-0.35,-0.255,-0.439
09/09/1994,-0.779,-0.774,-0.81,-0.354,-0.198,-0.428
09/16/1994,-0.754,-0.727,-0.783,-0.358,-0.138,-0.418
09/23/1994,-0.725,-0.669,-0.752,-0.36,-0.079,-0.407
09/30/1994,-0.694,-0.608,-0.719,-0.36,-0.021,-0.397
10/07/1994,-0.666,-0.557,-0.687,-0.358,0.035,-0.387
10/14/1994,-0.641,-0.52,-0.659,-0.352,0.086,-0.376
10/21/1994,-0.62,-0.499,-0.635,-0.342,0.132,-0.366
10/28/1994,-0.6,-0.489,-0.613,-0.329,0.172,-0.355
11/04/1994,-0.58,-0.481,-0.592,-0.311,0.207,-0.343
11/11/1994,-0.558,-0.468,-0.57,-0.291,0.234,-0.331
11/18/1994,-0.532,-0.443,-0.546,-0.267,0.256,-0.318
11/25/1994,-0.503,-0.406,-0.519,-0.241,0.269,-0.305
12/02/1994,-0.473,-0.362,-0.493,-0.215,0.276,-0.291
12/09/1994,-0.444,-0.314,-0.468,-0.189,0.276,-0.277
12/16/1994,-0.421,-0.273,-0.449,-0.166,0.269,-0.262
12/23/1994,-0.407,-0.245,-0.439,-0.146,0.257,-0.247
12/30/1994,-0.405,-0.239,-0.442,-0.13,0.239,-0.231
01/06/1995,-0.416,-0.257,-0.457,-0.118,0.217,-0.216
01/13/1995,-0.438,-0.297,-0.484,-0.11,0.192,-0.201
01/20/1995,-0.469,-0.353,-0.521,-0.106,0.167,-0.187
01/27/1995,-0.505,-0.416,-0.562,-0.105,0.141,-0.173
02/03/1995,-0.541,-0.477,-0.605,-0.107,0.116,-0.159
02/10/1995,-0.574,-0.526,-0.644,-0.111,0.094,-0.147
02/17/1995,-0.602,-0.558,-0.677,-0.115,0.074,-0.136
02/24/1995,-0.622,-0.575,-0.703,-0.121,0.057,-0.126
03/03/1995,-0.634,-0.578,-0.719,-0.126,0.042,-0.117
03/10/1995,-0.639,-0.57,-0.728,-0.131,0.028,-0.109
03/17/1995,-0.64,-0.559,-0.732,-0.135,0.014,-0.103
03/24/1995,-0.639,-0.547,-0.733,-0.138,-0.001,-0.098
03/31/1995,-0.64,-0.539,-0.734,-0.14,-0.017,-0.094
04/07/1995,-0.642,-0.537,-0.736,-0.142,-0.036,-0.092
04/14/1995,-0.649,-0.543,-0.743,-0.142,-0.055,-0.091
04/21/1995,-0.659,-0.561,-0.753,-0.143,-0.075,-0.09
04/28/1995,-0.673,-0.589,-0.765,-0.142,-0.094,-0.092
05/05/1995,-0.687,-0.624,-0.778,-0.142,-0.112,-0.094
05/12/1995,-0.7,-0.659,-0.79,-0.142,-0.128,-0.097
05/19/1995,-0.709,-0.686,-0.798,-0.141,-0.139,-0.101
05/26/1995,-0.712,-0.699,-0.801,-0.141,-0.147,-0.106
06/02/1995,-0.709,-0.695,-0.799,-0.142,-0.149,-0.112
06/09/1995,-0.702,-0.679,-0.792,-0.143,-0.147,-0.118
06/16/1995,-0.692,-0.656,-0.782,-0.146,-0.143,-0.125
06/23/1995,-0.682,-0.636,-0.773,-0.149,-0.138,-0.133
06/30/1995,-0.673,-0.624,-0.764,-0.153,-0.134,-0.14
07/07/1995,-0.669,-0.622,-0.759,-0.158,-0.133,-0.147
07/14/1995,-0.669,-0.63,-0.759,-0.163,-0.138,-0.154
07/21/1995,-0.674,-0.643,-0.761,-0.167,-0.15,-0.161
07/28/1995,-0.681,-0.656,-0.766,-0.169,-0.172,-0.167
08/04/1995,-0.69,-0.669,-0.772,-0.169,-0.201,-0.173
08/11/1995,-0.7,-0.68,-0.778,-0.168,-0.238,-0.177
08/18/1995,-0.708,-0.687,-0.781,-0.164,-0.282,-0.181
08/25/1995,-0.713,-0.688,-0.781,-0.159,-0.329,-0.184
09/01/1995,-0.714,-0.681,-0.777,-0.153,-0.377,-0.186
09/08/1995,-0.712,-0.668,-0.77,-0.147,-0.423,-0.187
09/15/1995,-0.708,-0.651,-0.762,-0.142,-0.466,-0.187
09/22/1995,-0.703,-0.633,-0.752,-0.138,-0.502,-0.187
09/29/1995,-0.699,-0.617,-0.745,-0.134,-0.531,-0.186
10/06/1995,-0.698,-0.612,-0.742,-0.132,-0.553,-0.184
10/13/1995,-0.7,-0.616,-0.745,-0.129,-0.568,-0.182
10/20/1995,-0.706,-0.63,-0.753,-0.126,-0.575,-0.18
10/27/1995,-0.714,-0.65,-0.767,-0.123,-0.578,-0.177
11/03/1995,-0.726,-0.676,-0.784,-0.119,-0.577,-0.174
11/10/1995,-0.738,-0.701,-0.802,-0.114,-0.575,-0.171
11/17/1995,-0.747,-0.718,-0.817,-0.109,-0.572,-0.168
11/24/1995,-0.753,-0.726,-0.829,-0.103,-0.57,-0.165
12/01/1995,-0.754,-0.721,-0.836,-0.098,-0.57,-0.163
12/08/1995,-0.753,-0.703,-0.838,-0.094,-0.572,-0.16
12/15/1995,-0.748,-0.676,-0.837,-0.093,-0.579,-0.158
12/22/1995,-0.745,-0.648,-0.835,-0.093,-0.59,-0.157
12/29/1995,-0.745,-0.628,-0.834,-0.096,-0.606,-0.155
01/05/1996,-0.751,-0.626,-0.837,-0.103,-0.627,-0.154
01/12/1996,-0.762,-0.642,-0.842,-0.112,-0.651,-0.154
01/19/1996,-0.776,-0.675,-0.851,-0.123,-0.679,-0.154
01/26/1996,-0.794,-0.718,-0.86,-0.136,-0.707,-0.154
02/02/1996,-0.81,-0.759,-0.867,-0.15,-0.734,-0.155
02/09/1996,-0.821,-0.787,-0.868,-0.164,-0.758,-0.156
02/16/1996,-0.825,-0.798,-0.862,-0.179,-0.776,-0.157
02/23/1996,-0.821,-0.791,-0.848,-0.192,-0.786,-0.159
03/01/1996,-0.808,-0.768,-0.826,-0.203,-0.788,-0.161
03/08/1996,-0.789,-0.738,-0.8,-0.213,-0.78,-0.163
03/15/1996,-0.765,-0.701,-0.771,-0.22,-0.765,-0.165
03/22/1996,-0.742,-0.664,-0.743,-0.226,-0.741,-0.167
03/29/1996,-0.72,-0.627,-0.719,-0.229,-0.712,-0.169
04/05/1996,-0.703,-0.595,-0.702,-0.232,-0.677,-0.17
04/12/1996,-0.691,-0.57,-0.691,-0.234,-0.64,-0.171
04/19/1996,-0.685,-0.559,-0.689,-0.235,-0.602,-0.171
04/26/1996,-0.687,-0.566,-0.693,-0.237,-0.565,-0.171
05/03/1996,-0.692,-0.587,-0.703,-0.239,-0.53,-0.17
05/10/1996,-0.7,-0.617,-0.714,-0.241,-0.5,-0.168
05/17/1996,-0.709,-0.648,-0.725,-0.244,-0.474,-0.165
05/24/1996,-0.715,-0.671,-0.733,-0.247,-0.454,-0.162
05/31/1996,-0.718,-0.681,-0.736,-0.25,-0.439,-0.158
06/07/1996,-0.716,-0.681,-0.734,-0.253,-0.431,-0.152
06/14/1996,-0.711,-0.671,-0.73,-0.256,-0.428,-0.147
06/21/1996,-0.706,-0.66,-0.723,-0.258,-0.431,-0.14
06/28/1996,-0.702,-0.65,-0.717,-0.26,-0.44,-0.134
07/05/1996,-0.699,-0.644,-0.712,-0.262,-0.454,-0.126
07/12/1996,-0.699,-0.643,-0.71,-0.263,-0.474,-0.119
07/19/1996,-0.704,-0.65,-0.711,-0.265,-0.498,-0.112
07/26/1996,-0.712,-0.661,-0.715,-0.266,-0.525,-0.105
08/02/1996,-0.721,-0.676,-0.721,-0.268,-0.553,-0.098
08/09/1996,-0.732,-0.692,-0.727,-0.27,-0.581,-0.091
08/16/1996,-0.74,-0.703,-0.732,-0.272,-0.608,-0.085
08/23/1996,-0.745,-0.705,-0.734,-0.274,-0.633,-0.079
08/30/1996,-0.745,-0.696,-0.732,-0.275,-0.656,-0.074
09/06/1996,-0.741,-0.678,-0.728,-0.276,-0.678,-0.069
09/13/1996,-0.737,-0.656,-0.724,-0.274,-0.7,-0.064
09/20/1996,-0.733,-0.639,-0.721,-0.272,-0.724,-0.06
09/27/1996,-0.732,-0.632,-0.721,-0.268,-0.75,-0.057
10/04/1996,-0.736,-0.64,-0.725,-0.263,-0.779,-0.054
10/11/1996,-0.743,-0.665,-0.732,-0.257,-0.811,-0.051
10/18/1996,-0.754,-0.702,-0.742,-0.252,-0.844,-0.048
10/25/1996,-0.765,-0.744,-0.751,-0.247,-0.878,-0.046
11/01/1996,-0.776,-0.784,-0.758,-0.243,-0.911,-0.043
11/08/1996,-0.784,-0.814,-0.761,-0.241,-0.939,-0.041
11/15/1996,-0.786,-0.825,-0.758,-0.24,-0.962,-0.039
11/22/1996,-0.782,-0.819,-0.748,-0.24,-0.979,-0.037
11/29/1996,-0.772,-0.796,-0.733,-0.241,-0.989,-0.034
12/06/1996,-0.756,-0.765,-0.714,-0.242,-0.994,-0.032
12/13/1996,-0.738,-0.733,-0.694,-0.243,-0.995,-0.029
12/20/1996,-0.721,-0.708,-0.677,-0.243,-0.995,-0.026
12/27/1996,-0.707,-0.691,-0.664,-0.241,-0.997,-0.022
01/03/1997,-0.697,-0.683,-0.655,-0.239,-1.003,-0.018
01/10/1997,-0.693,-0.68,-0.652,-0.235,-1.016,-0.014
01/17/1997,-0.694,-0.686,-0.654,-0.231,-1.036,-0.01
01/24/1997,-0.7,-0.698,-0.66,-0.227,-1.062,-0.005
01/31/1997,-0.71,-0.716,-0.667,-0.223,-1.094,-0
02/07/1997,-0.72,-0.736,-0.674,-0.219,-1.128,0.005
02/14/1997,-0.73,-0.756,-0.68,-0.215,-1.16,0.011
02/21/1997,-0.735,-0.766,-0.682,-0.212,-1.188,0.017
02/28/1997,-0.736,-0.764,-0.679,-0.21,-1.209,0.023
03/07/1997,-0.73,-0.748,-0.67,-0.207,-1.221,0.03
03/14/1997,-0.72,-0.722,-0.658,-0.205,-1.223,0.036
03/21/1997,-0.706,-0.689,-0.643,-0.203,-1.216,0.043
03/28/1997,-0.691,-0.656,-0.626,-0.203,-1.201,0.049
04/04/1997,-0.675,-0.625,-0.607,-0.203,-1.18,0.055
04/11/1997,-0.66,-0.597,-0.59,-0.205,-1.156,0.061
04/18/1997,-0.648,-0.574,-0.574,-0.207,-1.133,0.067
04/25/1997,-0.639,-0.552,-0.56,-0.209,-1.111,0.072
05/02/1997,-0.633,-0.535,-0.55,-0.211,-1.093,0.076
05/09/1997,-0.629,-0.522,-0.542,-0.212,-1.078,0.081
05/16/1997,-0.628,-0.515,-0.538,-0.212,-1.067,0.084
05/23/1997,-0.628,-0.513,-0.537,-0.211,-1.06,0.087
05/30/1997,-0.628,-0.516,-0.539,-0.207,-1.054,0.089
06/06/1997,-0.63,-0.523,-0.545,-0.203,-1.049,0.091
06/13/1997,-0.633,-0.532,-0.553,-0.198,-1.043,0.093
06/20/1997,-0.637,-0.544,-0.563,-0.194,-1.035,0.094
06/27/1997,-0.641,-0.559,-0.574,-0.19,-1.025,0.094
07/04/1997,-0.646,-0.576,-0.586,-0.189,-1.014,0.095
07/11/1997,-0.651,-0.594,-0.595,-0.19,-1.002,0.095
07/18/1997,-0.655,-0.612,-0.603,-0.192,-0.991,0.095
07/25/1997,-0.657,-0.624,-0.607,-0.197,-0.984,0.095
08/01/1997,-0.659,-0.628,-0.607,-0.202,-0.98,0.096
08/08/1997,-0.658,-0.622,-0.603,-0.209,-0.981,0.097
08/15/1997,-0.656,-0.608,-0.596,-0.215,-0.987,0.098
08/22/1997,-0.653,-0.589,-0.585,-0.221,-0.999,0.099
08/29/1997,-0.648,-0.569,-0.572,-0.226,-1.015,0.101
09/05/1997,-0.642,-0.55,-0.556,-0.23,-1.033,0.103
09/12/1997,-0.635,-0.531,-0.537,-0.232,-1.053,0.106
09/19/1997,-0.626,-0.512,-0.516,-0.233,-1.072,0.109
09/26/1997,-0.614,-0.491,-0.491,-0.232,-1.089,0.113
10/03/1997,-0.599,-0.468,-0.465,-0.229,-1.102,0.117
10/10/1997,-0.58,-0.444,-0.436,-0.223,-1.111,0.122
10/17/1997,-0.558,-0.424,-0.407,-0.214,-1.116,0.127
10/24/1997,-0.535,-0.409,-0.38,-0.201,-1.116,0.132
10/31/1997,-0.512,-0.403,-0.358,-0.185,-1.113,0.138
11/07/1997,-0.494,-0.406,-0.345,-0.167,-1.107,0.144
11/14/1997,-0.481,-0.412,-0.339,-0.147,-1.099,0.151
11/21/1997,-0.474,-0.421,-0.344,-0.127,-1.089,0.158
11/28/1997,-0.474,-0.432,-0.357,-0.11,-1.078,0.165
12/05/1997,-0.479,-0.445,-0.376,-0.096,-1.065,0.172
12/12/1997,-0.487,-0.456,-0.399,-0.088,-1.049,0.179
12/19/1997,-0.499,-0.468,-0.425,-0.086,-1.032,0.186
12/26/1997,-0.514,-0.479,-0.452,-0.092,-1.014,0.193
01/02/1998,-0.53,-0.487,-0.476,-0.103,-0.996,0.199
01/09/1998,-0.547,-0.492,-0.497,-0.12,-0.981,0.206
01/16/1998,-0.565,-0.5,-0.517,-0.139,-0.97,0.211
01/23/1998,-0.582,-0.513,-0.534,-0.158,-0.965,0.217
01/30/1998,-0.599,-0.533,-0.55,-0.174,-0.968,0.221
02/06/1998,-0.614,-0.556,-0.563,-0.187,-0.977,0.225
02/13/1998,-0.626,-0.578,-0.573,-0.195,-0.993,0.229
02/20/1998,-0.634,-0.591,-0.58,-0.199,-1.015,0.231
02/27/1998,-0.639,-0.592,-0.584,-0.199,-1.038,0.233
03/06/1998,-0.638,-0.581,-0.583,-0.196,-1.061,0.234
03/13/1998,-0.635,-0.564,-0.579,-0.192,-1.081,0.234
03/20/1998,-0.631,-0.551,-0.574,-0.189,-1.094,0.234
03/27/1998,-0.626,-0.542,-0.568,-0.186,-1.1,0.233
04/03/1998,-0.621,-0.539,-0.56,-0.185,-1.097,0.232
04/10/1998,-0.616,-0.538,-0.554,-0.184,-1.085,0.231
04/17/1998,-0.61,-0.534,-0.549,-0.183,-1.066,0.229
04/24/1998,-0.604,-0.526,-0.544,-0.18,-1.04,0.228
05/01/1998,-0.598,-0.517,-0.542,-0.174,-1.011,0.226
05/08/1998,-0.591,-0.511,-0.541,-0.165,-0.98,0.225
05/15/1998,-0.585,-0.511,-0.541,-0.153,-0.95,0.224
05/22/1998,-0.578,-0.515,-0.543,-0.138,-0.922,0.223
05/29/1998,-0.571,-0.517,-0.544,-0.122,-0.895,0.222
06/05/1998,-0.565,-0.513,-0.547,-0.104,-0.868,0.221
06/12/1998,-0.56,-0.499,-0.55,-0.088,-0.839,0.221
06/19/1998,-0.557,-0.48,-0.554,-0.074,-0.806,0.221
06/26/1998,-0.556,-0.463,-0.557,-0.063,-0.764,0.221
07/03/1998,-0.555,-0.457,-0.559,-0.055,-0.711,0.221
07/10/1998,-0.553,-0.465,-0.558,-0.051,-0.645,0.221
07/17/1998,-0.547,-0.478,-0.552,-0.048,-0.566,0.221
07/24/1998,-0.533,-0.484,-0.538,-0.044,-0.474,0.222
07/31/1998,-0.51,-0.47,-0.516,-0.038,-0.372,0.223
08/07/1998,-0.476,-0.43,-0.483,-0.028,-0.264,0.224
08/14/1998,-0.431,-0.367,-0.439,-0.014,-0.155,0.225
08/21/1998,-0.377,-0.29,-0.384,0.006,-0.052,0.226
08/28/1998,-0.314,-0.208,-0.32,0.03,0.042,0.227
09/04/1998,-0.249,-0.128,-0.251,0.057,0.121,0.229
09/11/1998,-0.184,-0.046,-0.18,0.087,0.183,0.231
09/18/1998,-0.124,0.044,-0.112,0.117,0.228,0.234
09/25/1998,-0.07,0.14,-0.05,0.146,0.256,0.237
10/02/1998,-0.027,0.232,0,0.173,0.271,0.241
10/09/1998,0.003,0.302,0.035,0.197,0.277,0.245
10/16/1998,0.016,0.333,0.049,0.219,0.279,0.25
10/23/1998,0.011,0.315,0.039,0.237,0.282,0.256
10/30/1998,-0.006,0.261,0.013,0.25,0.291,0.263
11/06/1998,-0.032,0.191,-0.026,0.259,0.309,0.27
11/13/1998,-0.06,0.131,-0.07,0.263,0.338,0.279
11/20/1998,-0.089,0.088,-0.115,0.262,0.379,0.288
11/27/1998,-0.115,0.066,-0.157,0.255,0.429,0.298
12/04/1998,-0.136,0.053,-0.193,0.243,0.486,0.309
12/11/1998,-0.155,0.036,-0.222,0.224,0.546,0.32
12/18/1998,-0.173,0.008,-0.244,0.201,0.604,0.332
12/25/1998,-0.191,-0.027,-0.262,0.173,0.657,0.344
01/01/1999,-0.207,-0.059,-0.275,0.143,0.701,0.356
01/08/1999,-0.222,-0.081,-0.284,0.112,0.732,0.367
01/15/1999,-0.238,-0.095,-0.293,0.082,0.75,0.378
01/22/1999,-0.254,-0.105,-0.303,0.055,0.751,0.389
01/29/1999,-0.273,-0.12,-0.315,0.03,0.737,0.398
02/05/1999,-0.293,-0.145,-0.33,0.008,0.708,0.406
02/12/1999,-0.313,-0.176,-0.344,-0.009,0.666,0.413
02/19/1999,-0.334,-0.21,-0.36,-0.024,0.613,0.419
02/26/1999,-0.353,-0.236,-0.375,-0.035,0.555,0.423
03/05/1999,-0.37,-0.25,-0.388,-0.044,0.495,0.426
03/12/1999,-0.384,-0.254,-0.4,-0.05,0.438,0.428
03/19/1999,-0.396,-0.249,-0.41,-0.055,0.385,0.429
03/26/1999,-0.404,-0.24,-0.417,-0.058,0.339,0.429
04/02/1999,-0.41,-0.233,-0.423,-0.061,0.303,0.428
04/09/1999,-0.415,-0.23,-0.427,-0.064,0.276,0.427
04/16/1999,-0.42,-0.233,-0.431,-0.066,0.26,0.427
04/23/1999,-0.423,-0.241,-0.435,-0.068,0.255,0.426
04/30/1999,-0.426,-0.253,-0.437,-0.069,0.26,0.425
05/07/1999,-0.426,-0.263,-0.438,-0.07,0.274,0.426
05/14/1999,-0.422,-0.265,-0.434,-0.07,0.295,0.427
05/21/1999,-0.413,-0.255,-0.427,-0.069,0.322,0.428
05/28/1999,-0.401,-0.233,-0.415,-0.066,0.352,0.431
06/04/1999,-0.386,-0.205,-0.398,-0.063,0.386,0.435
06/11/1999,-0.369,-0.174,-0.379,-0.058,0.421,0.44
06/18/1999,-0.351,-0.145,-0.355,-0.053,0.457,0.446
06/25/1999,-0.331,-0.12,-0.329,-0.048,0.495,0.453
07/02/1999,-0.31,-0.095,-0.3,-0.043,0.535,0.46
07/09/1999,-0.286,-0.065,-0.268,-0.037,0.578,0.468
07/16/1999,-0.261,-0.026,-0.236,-0.032,0.625,0.476
07/23/1999,-0.235,0.02,-0.205,-0.026,0.677,0.484
07/30/1999,-0.211,0.066,-0.178,-0.02,0.732,0.493
08/06/1999,-0.19,0.109,-0.156,-0.014,0.79,0.501
08/13/1999,-0.173,0.14,-0.14,-0.009,0.848,0.509
08/20/1999,-0.16,0.159,-0.13,-0.004,0.903,0.516
08/27/1999,-0.149,0.171,-0.123,0,0.952,0.523
09/03/1999,-0.138,0.183,-0.114,0.003,0.991,0.53
09/10/1999,-0.125,0.203,-0.103,0.006,1.016,0.535
09/17/1999,-0.112,0.231,-0.089,0.007,1.027,0.54
09/24/1999,-0.1,0.264,-0.073,0.008,1.022,0.544
10/01/1999,-0.09,0.298,-0.057,0.009,1.003,0.548
10/08/1999,-0.084,0.324,-0.043,0.01,0.974,0.551
10/15/1999,-0.086,0.33,-0.038,0.013,0.941,0.554
10/22/1999,-0.096,0.312,-0.043,0.019,0.908,0.556
10/29/1999,-0.111,0.275,-0.059,0.027,0.884,0.558
11/05/1999,-0.128,0.227,-0.083,0.038,0.872,0.559
11/12/1999,-0.146,0.179,-0.114,0.051,0.877,0.561
11/19/1999,-0.16,0.145,-0.147,0.066,0.899,0.562
11/26/1999,-0.167,0.133,-0.176,0.081,0.936,0.563
12/03/1999,-0.17,0.14,-0.2,0.094,0.984,0.565
12/10/1999,-0.168,0.156,-0.218,0.103,1.041,0.566
12/17/1999,-0.167,0.166,-0.232,0.107,1.101,0.568
12/24/1999,-0.168,0.162,-0.241,0.105,1.16,0.571
12/31/1999,-0.172,0.145,-0.246,0.097,1.214,0.573
01/07/2000,-0.182,0.116,-0.252,0.083,1.261,0.577
01/14/2000,-0.193,0.087,-0.257,0.067,1.3,0.581
01/21/2000,-0.203,0.068,-0.26,0.052,1.329,0.586
01/28/2000,-0.211,0.06,-0.26,0.038,1.348,0.591
02/04/2000,-0.212,0.059,-0.257,0.029,1.357,0.598
02/11/2000,-0.21,0.059,-0.252,0.024,1.356,0.605
02/18/2000,-0.202,0.063,-0.242,0.024,1.343,0.613
02/25/2000,-0.189,0.072,-0.227,0.029,1.319,0.622
03/03/2000,-0.173,0.092,-0.208,0.038,1.284,0.632
03/10/2000,-0.153,0.125,-0.184,0.05,1.238,0.642
03/17/2000,-0.131,0.165,-0.155,0.063,1.182,0.653
03/24/2000,-0.109,0.2,-0.125,0.077,1.119,0.664
03/31/2000,-0.088,0.221,-0.095,0.091,1.051,0.676
04/07/2000,-0.073,0.22,-0.069,0.103,0.979,0.687
04/14/2000,-0.059,0.214,-0.044,0.115,0.905,0.698
04/21/2000,-0.046,0.212,-0.02,0.125,0.831,0.709
04/28/2000,-0.032,0.227,0.004,0.134,0.759,0.72
05/05/2000,-0.017,0.263,0.029,0.144,0.689,0.73
05/12/2000,-0.002,0.31,0.053,0.154,0.623,0.739
05/19/2000,0.012,0.356,0.072,0.164,0.561,0.747
05/26/2000,0.024,0.391,0.086,0.175,0.504,0.755
06/02/2000,0.032,0.407,0.092,0.185,0.45,0.762
06/09/2000,0.033,0.407,0.087,0.196,0.399,0.768
06/16/2000,0.028,0.398,0.075,0.205,0.349,0.773
06/23/2000,0.017,0.38,0.053,0.213,0.295,0.777
06/30/2000,-0.001,0.354,0.024,0.219,0.237,0.78
07/07/2000,-0.026,0.314,-0.009,0.224,0.17,0.783
07/14/2000,-0.055,0.261,-0.046,0.226,0.097,0.785
07/21/2000,-0.085,0.199,-0.082,0.227,0.016,0.786
07/28/2000,-0.116,0.135,-0.116,0.226,-0.071,0.787
08/04/2000,-0.143,0.083,-0.145,0.224,-0.161,0.788
08/11/2000,-0.167,0.048,-0.168,0.221,-0.251,0.788
08/18/2000,-0.186,0.033,-0.184,0.217,-0.337,0.787
08/25/2000,-0.198,0.031,-0.193,0.213,-0.419,0.787
09/01/2000,-0.205,0.032,-0.195,0.21,-0.494,0.786
09/08/2000,-0.208,0.033,-0.192,0.207,-0.561,0.784
09/15/2000,-0.206,0.032,-0.187,0.205,-0.618,0.783
09/22/2000,-0.202,0.032,-0.18,0.207,-0.667,0.781
09/29/2000,-0.196,0.035,-0.174,0.212,-0.709,0.779
10/06/2000,-0.19,0.04,-0.169,0.223,-0.747,0.777
10/13/2000,-0.182,0.046,-0.166,0.24,-0.784,0.775
10/20/2000,-0.175,0.043,-0.167,0.265,-0.826,0.773
10/27/2000,-0.168,0.032,-0.169,0.298,-0.875,0.77
11/03/2000,-0.158,0.02,-0.171,0.338,-0.934,0.768
11/10/2000,-0.144,0.014,-0.17,0.385,-1.004,0.765
11/17/2000,-0.126,0.022,-0.167,0.436,-1.086,0.762
11/24/2000,-0.106,0.047,-0.161,0.488,-1.179,0.759
12/01/2000,-0.086,0.083,-0.154,0.537,-1.281,0.757
12/08/2000,-0.071,0.117,-0.149,0.579,-1.387,0.754
12/15/2000,-0.065,0.136,-0.149,0.609,-1.493,0.751
12/22/2000,-0.07,0.133,-0.154,0.624,-1.593,0.748
12/29/2000,-0.09,0.103,-0.17,0.624,-1.682,0.745
01/05/2001,-0.12,0.058,-0.191,0.611,-1.759,0.742
01/12/2001,-0.155,0.008,-0.22,0.589,-1.822,0.739
01/19/2001,-0.191,-0.038,-0.25,0.562,-1.871,0.737
01/26/2001,-0.224,-0.076,-0.278,0.533,-1.909,0.734
02/02/2001,-0.251,-0.107,-0.299,0.503,-1.936,0.732
02/09/2001,-0.269,-0.133,-0.313,0.476,-1.955,0.73
02/16/2001,-0.278,-0.154,-0.316,0.452,-1.967,0.728
02/23/2001,-0.277,-0.168,-0.31,0.433,-1.975,0.727
03/02/2001,-0.271,-0.175,-0.299,0.417,-1.98,0.725
03/09/2001,-0.263,-0.173,-0.284,0.403,-1.982,0.724
03/16/2001,-0.254,-0.163,-0.268,0.389,-1.982,0.723
03/23/2001,-0.25,-0.156,-0.257,0.374,-1.98,0.723
03/30/2001,-0.253,-0.159,-0.253,0.357,-1.976,0.722
04/06/2001,-0.263,-0.175,-0.257,0.338,-1.97,0.721
04/13/2001,-0.282,-0.208,-0.272,0.317,-1.964,0.721
04/20/2001,-0.307,-0.25,-0.293,0.296,-1.957,0.72
04/27/2001,-0.333,-0.291,-0.317,0.274,-1.952,0.719
05/04/2001,-0.361,-0.327,-0.344,0.254,-1.949,0.717
05/11/2001,-0.386,-0.352,-0.369,0.237,-1.949,0.715
05/18/2001,-0.406,-0.369,-0.39,0.224,-1.953,0.713
05/25/2001,-0.422,-0.384,-0.408,0.214,-1.96,0.71
06/01/2001,-0.433,-0.402,-0.423,0.209,-1.969,0.707
06/08/2001,-0.441,-0.423,-0.435,0.206,-1.979,0.703
06/15/2001,-0.447,-0.445,-0.446,0.206,-1.989,0.698
06/22/2001,-0.452,-0.462,-0.456,0.206,-1.996,0.693
06/29/2001,-0.459,-0.473,-0.468,0.206,-2,0.687
07/06/2001,-0.468,-0.482,-0.48,0.204,-1.998,0.68
07/13/2001,-0.478,-0.491,-0.492,0.2,-1.989,0.672
07/20/2001,-0.489,-0.505,-0.502,0.195,-1.974,0.664
07/27/2001,-0.498,-0.526,-0.51,0.19,-1.954,0.655
08/03/2001,-0.503,-0.548,-0.511,0.187,-1.929,0.645
08/10/2001,-0.498,-0.558,-0.504,0.187,-1.9,0.635
08/17/2001,-0.485,-0.55,-0.489,0.191,-1.869,0.624
08/24/2001,-0.461,-0.52,-0.465,0.2,-1.837,0.613
08/31/2001,-0.43,-0.475,-0.437,0.214,-1.808,0.601
09/07/2001,-0.397,-0.425,-0.408,0.232,-1.781,0.589
09/14/2001,-0.365,-0.381,-0.383,0.252,-1.758,0.577
09/21/2001,-0.343,-0.354,-0.368,0.271,-1.74,0.566
09/28/2001,-0.337,-0.352,-0.367,0.289,-1.727,0.554
10/05/2001,-0.339,-0.357,-0.374,0.301,-1.715,0.543
10/12/2001,-0.35,-0.373,-0.389,0.31,-1.705,0.533
10/19/2001,-0.365,-0.395,-0.406,0.314,-1.694,0.523
10/26/2001,-0.382,-0.419,-0.424,0.314,-1.68,0.515
11/02/2001,-0.393,-0.44,-0.435,0.311,-1.664,0.508
11/09/2001,-0.398,-0.456,-0.44,0.306,-1.643,0.502
11/16/2001,-0.397,-0.46,-0.438,0.301,-1.617,0.498
11/23/2001,-0.387,-0.443,-0.428,0.297,-1.587,0.495
11/30/2001,-0.373,-0.41,-0.416,0.292,-1.553,0.493
12/07/2001,-0.36,-0.37,-0.406,0.287,-1.515,0.493
12/14/2001,-0.354,-0.342,-0.401,0.279,-1.474,0.494
12/21/2001,-0.357,-0.337,-0.404,0.268,-1.431,0.495
12/28/2001,-0.37,-0.362,-0.415,0.253,-1.387,0.498
01/04/2002,-0.39,-0.408,-0.433,0.234,-1.342,0.5
01/11/2002,-0.415,-0.463,-0.456,0.212,-1.298,0.504
01/18/2002,-0.44,-0.507,-0.48,0.191,-1.256,0.507
01/25/2002,-0.461,-0.531,-0.502,0.17,-1.218,0.509
02/01/2002,-0.476,-0.533,-0.52,0.153,-1.185,0.512
02/08/2002,-0.486,-0.522,-0.533,0.139,-1.159,0.514
02/15/2002,-0.49,-0.508,-0.541,0.129,-1.144,0.515
02/22/2002,-0.49,-0.497,-0.543,0.121,-1.138,0.515
03/01/2002,-0.49,-0.49,-0.542,0.115,-1.143,0.515
03/08/2002,-0.489,-0.483,-0.538,0.108,-1.157,0.513
03/15/2002,-0.489,-0.474,-0.533,0.1,-1.179,0.511
03/22/2002,-0.493,-0.462,-0.531,0.089,-1.205,0.508
03/29/2002,-0.502,-0.452,-0.532,0.076,-1.232,0.505
04/05/2002,-0.515,-0.454,-0.537,0.059,-1.26,0.5
04/12/2002,-0.534,-0.473,-0.549,0.039,-1.285,0.495
04/19/2002,-0.556,-0.506,-0.564,0.018,-1.306,0.49
04/26/2002,-0.578,-0.546,-0.582,-0.003,-1.322,0.485
05/03/2002,-0.601,-0.587,-0.6,-0.022,-1.333,0.479
05/10/2002,-0.617,-0.614,-0.615,-0.036,-1.341,0.473
05/17/2002,-0.627,-0.628,-0.625,-0.045,-1.345,0.467
05/24/2002,-0.629,-0.629,-0.629,-0.046,-1.348,0.461
05/31/2002,-0.623,-0.624,-0.624,-0.04,-1.351,0.455
06/07/2002,-0.609,-0.618,-0.613,-0.027,-1.355,0.45
06/14/2002,-0.589,-0.61,-0.596,-0.007,-1.359,0.445
06/21/2002,-0.564,-0.6,-0.575,0.017,-1.364,0.44
06/28/2002,-0.537,-0.584,-0.551,0.043,-1.369,0.436
07/05/2002,-0.509,-0.56,-0.526,0.07,-1.373,0.432
07/12/2002,-0.482,-0.529,-0.5,0.095,-1.375,0.428
07/19/2002,-0.459,-0.499,-0.477,0.118,-1.373,0.425
07/26/2002,-0.438,-0.474,-0.456,0.137,-1.366,0.423
08/02/2002,-0.424,-0.46,-0.44,0.152,-1.354,0.421
08/09/2002,-0.413,-0.451,-0.427,0.164,-1.336,0.419
08/16/2002,-0.405,-0.448,-0.419,0.172,-1.311,0.418
08/23/2002,-0.397,-0.441,-0.412,0.178,-1.279,0.417
08/30/2002,-0.389,-0.429,-0.406,0.183,-1.244,0.417
09/06/2002,-0.378,-0.41,-0.398,0.187,-1.205,0.417
09/13/2002,-0.368,-0.391,-0.392,0.19,-1.166,0.417
09/20/2002,-0.358,-0.377,-0.387,0.192,-1.129,0.417
09/27/2002,-0.353,-0.372,-0.386,0.194,-1.095,0.417
10/04/2002,-0.352,-0.376,-0.389,0.195,-1.063,0.416
10/11/2002,-0.357,-0.389,-0.398,0.194,-1.033,0.416
10/18/2002,-0.37,-0.409,-0.412,0.191,-1.005,0.415
10/25/2002,-0.385,-0.43,-0.43,0.186,-0.976,0.414
11/01/2002,-0.403,-0.452,-0.451,0.18,-0.944,0.412
11/08/2002,-0.421,-0.472,-0.472,0.173,-0.91,0.41
11/15/2002,-0.436,-0.486,-0.492,0.166,-0.873,0.407
11/22/2002,-0.447,-0.492,-0.508,0.158,-0.833,0.403
11/29/2002,-0.453,-0.488,-0.52,0.15,-0.791,0.399
12/06/2002,-0.456,-0.476,-0.529,0.141,-0.749,0.394
12/13/2002,-0.459,-0.464,-0.536,0.131,-0.707,0.389
12/20/2002,-0.463,-0.455,-0.542,0.119,-0.667,0.383
12/27/2002,-0.47,-0.455,-0.547,0.104,-0.629,0.376
01/03/2003,-0.481,-0.466,-0.554,0.088,-0.596,0.37
01/10/2003,-0.494,-0.484,-0.561,0.071,-0.568,0.362
01/17/2003,-0.507,-0.501,-0.569,0.056,-0.545,0.355
01/24/2003,-0.516,-0.512,-0.575,0.042,-0.528,0.347
01/31/2003,-0.523,-0.519,-0.581,0.032,-0.518,0.339
02/07/2003,-0.527,-0.521,-0.585,0.024,-0.514,0.331
02/14/2003,-0.53,-0.526,-0.589,0.018,-0.52,0.323
02/21/2003,-0.532,-0.534,-0.593,0.012,-0.534,0.315
02/28/2003,-0.537,-0.548,-0.598,0.007,-0.556,0.306
03/07/2003,-0.543,-0.568,-0.603,0.001,-0.586,0.298
03/14/2003,-0.553,-0.592,-0.612,-0.007,-0.621,0.289
03/21/2003,-0.568,-0.622,-0.623,-0.017,-0.661,0.281
03/28/2003,-0.587,-0.658,-0.64,-0.028,-0.702,0.273
04/04/2003,-0.61,-0.702,-0.661,-0.039,-0.742,0.264
04/11/2003,-0.636,-0.746,-0.684,-0.05,-0.78,0.256
04/18/2003,-0.66,-0.786,-0.709,-0.059,-0.813,0.248
04/25/2003,-0.682,-0.817,-0.733,-0.064,-0.84,0.24
05/02/2003,-0.698,-0.833,-0.755,-0.067,-0.861,0.232
05/09/2003,-0.707,-0.834,-0.772,-0.066,-0.877,0.224
05/16/2003,-0.712,-0.824,-0.784,-0.064,-0.889,0.217
05/23/2003,-0.712,-0.808,-0.791,-0.061,-0.896,0.21
05/30/2003,-0.711,-0.792,-0.794,-0.059,-0.901,0.203
06/06/2003,-0.709,-0.776,-0.794,-0.06,-0.903,0.196
06/13/2003,-0.708,-0.764,-0.79,-0.066,-0.903,0.19
06/20/2003,-0.709,-0.756,-0.784,-0.076,-0.901,0.184
06/27/2003,-0.712,-0.751,-0.775,-0.091,-0.896,0.178
07/04/2003,-0.715,-0.749,-0.763,-0.108,-0.887,0.173
07/11/2003,-0.716,-0.75,-0.75,-0.128,-0.872,0.169
07/18/2003,-0.715,-0.751,-0.734,-0.147,-0.851,0.165
07/25/2003,-0.71,-0.748,-0.718,-0.164,-0.823,0.162
08/01/2003,-0.7,-0.739,-0.702,-0.178,-0.787,0.16
08/08/2003,-0.691,-0.728,-0.69,-0.188,-0.746,0.159
08/15/2003,-0.681,-0.715,-0.681,-0.194,-0.703,0.159
08/22/2003,-0.673,-0.704,-0.676,-0.198,-0.659,0.16
08/29/2003,-0.668,-0.699,-0.675,-0.2,-0.62,0.161
09/05/2003,-0.666,-0.702,-0.677,-0.202,-0.587,0.164
09/12/2003,-0.668,-0.708,-0.682,-0.203,-0.561,0.167
09/19/2003,-0.673,-0.716,-0.687,-0.206,-0.545,0.172
09/26/2003,-0.68,-0.723,-0.692,-0.21,-0.536,0.177
10/03/2003,-0.688,-0.728,-0.695,-0.216,-0.533,0.183
10/10/2003,-0.696,-0.732,-0.698,-0.223,-0.532,0.189
10/17/2003,-0.704,-0.739,-0.7,-0.231,-0.531,0.196
10/24/2003,-0.71,-0.747,-0.701,-0.238,-0.526,0.204
10/31/2003,-0.714,-0.758,-0.703,-0.245,-0.517,0.212
11/07/2003,-0.716,-0.765,-0.705,-0.251,-0.503,0.22
11/14/2003,-0.716,-0.766,-0.707,-0.256,-0.483,0.229
11/21/2003,-0.715,-0.758,-0.708,-0.26,-0.459,0.238
11/28/2003,-0.714,-0.745,-0.711,-0.265,-0.435,0.247
12/05/2003,-0.712,-0.728,-0.713,-0.269,-0.411,0.256
12/12/2003,-0.713,-0.715,-0.717,-0.276,-0.393,0.265
12/19/2003,-0.716,-0.709,-0.721,-0.283,-0.382,0.275
12/26/2003,-0.722,-0.709,-0.727,-0.293,-0.381,0.284
01/02/2004,-0.732,-0.715,-0.733,-0.303,-0.39,0.294
01/09/2004,-0.745,-0.723,-0.742,-0.314,-0.411,0.303
01/16/2004,-0.759,-0.732,-0.75,-0.324,-0.442,0.313
01/23/2004,-0.773,-0.743,-0.759,-0.331,-0.48,0.322
01/30/2004,-0.785,-0.756,-0.768,-0.336,-0.522,0.331
02/06/2004,-0.795,-0.771,-0.777,-0.338,-0.564,0.34
02/13/2004,-0.804,-0.786,-0.786,-0.338,-0.603,0.349
02/20/2004,-0.81,-0.799,-0.793,-0.336,-0.635,0.358
02/27/2004,-0.813,-0.804,-0.797,-0.334,-0.658,0.366
03/05/2004,-0.814,-0.802,-0.798,-0.333,-0.668,0.375
03/12/2004,-0.812,-0.797,-0.796,-0.333,-0.664,0.383
03/19/2004,-0.808,-0.792,-0.791,-0.335,-0.648,0.391
03/26/2004,-0.801,-0.789,-0.781,-0.34,-0.618,0.4
04/02/2004,-0.793,-0.79,-0.769,-0.346,-0.579,0.408
04/09/2004,-0.782,-0.788,-0.753,-0.351,-0.533,0.416
04/16/2004,-0.769,-0.778,-0.737,-0.356,-0.483,0.425
04/23/2004,-0.755,-0.757,-0.719,-0.358,-0.432,0.433
04/30/2004,-0.739,-0.73,-0.703,-0.358,-0.384,0.442
05/07/2004,-0.725,-0.702,-0.689,-0.354,-0.341,0.451
05/14/2004,-0.712,-0.682,-0.677,-0.348,-0.304,0.46
05/21/2004,-0.702,-0.674,-0.669,-0.34,-0.274,0.47
05/28/2004,-0.695,-0.677,-0.664,-0.333,-0.252,0.48
06/04/2004,-0.689,-0.686,-0.661,-0.325,-0.237,0.49
06/11/2004,-0.686,-0.69,-0.659,-0.319,-0.228,0.5
06/18/2004,-0.685,-0.687,-0.659,-0.314,-0.225,0.511
06/25/2004,-0.685,-0.679,-0.66,-0.31,-0.227,0.521
07/02/2004,-0.686,-0.67,-0.662,-0.307,-0.234,0.533
07/09/2004,-0.688,-0.667,-0.665,-0.304,-0.243,0.544
07/16/2004,-0.69,-0.672,-0.668,-0.3,-0.255,0.555
07/23/2004,-0.692,-0.684,-0.672,-0.296,-0.268,0.567
07/30/2004,-0.695,-0.699,-0.677,-0.29,-0.281,0.578
08/06/2004,-0.696,-0.712,-0.682,-0.282,-0.292,0.59
08/13/2004,-0.698,-0.719,-0.689,-0.274,-0.301,0.602
08/20/2004,-0.699,-0.721,-0.695,-0.265,-0.306,0.613
08/27/2004,-0.7,-0.721,-0.702,-0.256,-0.306,0.625
09/03/2004,-0.7,-0.718,-0.707,-0.248,-0.301,0.637
09/10/2004,-0.7,-0.712,-0.712,-0.242,-0.29,0.649
09/17/2004,-0.699,-0.701,-0.715,-0.238,-0.274,0.661
09/24/2004,-0.699,-0.684,-0.718,-0.236,-0.255,0.673
10/01/2004,-0.698,-0.66,-0.719,-0.237,-0.232,0.685
10/08/2004,-0.698,-0.636,-0.72,-0.24,-0.209,0.697
10/15/2004,-0.699,-0.62,-0.722,-0.244,-0.185,0.709
10/22/2004,-0.702,-0.617,-0.726,-0.249,-0.163,0.721
10/29/2004,-0.705,-0.626,-0.729,-0.254,-0.144,0.734
11/05/2004,-0.708,-0.645,-0.733,-0.257,-0.129,0.746
11/12/2004,-0.712,-0.667,-0.737,-0.26,-0.119,0.759
11/19/2004,-0.714,-0.682,-0.739,-0.262,-0.114,0.771
11/26/2004,-0.715,-0.69,-0.739,-0.261,-0.113,0.784
12/03/2004,-0.713,-0.689,-0.736,-0.26,-0.116,0.797
12/10/2004,-0.71,-0.684,-0.732,-0.257,-0.123,0.81
12/17/2004,-0.705,-0.679,-0.727,-0.253,-0.131,0.824
12/24/2004,-0.7,-0.675,-0.722,-0.249,-0.14,0.837
12/31/2004,-0.696,-0.675,-0.719,-0.245,-0.148,0.851
01/07/2005,-0.694,-0.677,-0.718,-0.241,-0.154,0.865
01/14/2005,-0.695,-0.68,-0.72,-0.239,-0.157,0.879
01/21/2005,-0.698,-0.684,-0.725,-0.238,-0.158,0.893
01/28/2005,-0.702,-0.689,-0.731,-0.238,-0.155,0.907
02/04/2005,-0.708,-0.694,-0.737,-0.239,-0.149,0.922
02/11/2005,-0.712,-0.698,-0.741,-0.24,-0.141,0.936
02/18/2005,-0.712,-0.695,-0.742,-0.241,-0.131,0.951
02/25/2005,-0.709,-0.686,-0.738,-0.241,-0.12,0.965
03/04/2005,-0.702,-0.666,-0.729,-0.238,-0.108,0.98
03/11/2005,-0.692,-0.64,-0.718,-0.233,-0.096,0.995
03/18/2005,-0.679,-0.612,-0.705,-0.225,-0.082,1.01
03/25/2005,-0.664,-0.589,-0.693,-0.214,-0.068,1.025
04/01/2005,-0.65,-0.573,-0.682,-0.201,-0.054,1.04
04/08/2005,-0.637,-0.567,-0.674,-0.185,-0.04,1.055
04/15/2005,-0.626,-0.565,-0.668,-0.169,-0.027,1.07
04/22/2005,-0.617,-0.567,-0.665,-0.152,-0.014,1.085
04/29/2005,-0.61,-0.568,-0.664,-0.137,-0.002,1.1
05/06/2005,-0.604,-0.569,-0.663,-0.124,0.011,1.116
05/13/2005,-0.601,-0.568,-0.664,-0.114,0.023,1.131
05/20/2005,-0.599,-0.565,-0.665,-0.108,0.036,1.147
05/27/2005,-0.599,-0.562,-0.666,-0.104,0.05,1.163
06/03/2005,-0.599,-0.554,-0.667,-0.103,0.064,1.18
06/10/2005,-0.6,-0.545,-0.668,-0.105,0.079,1.197
06/17/2005,-0.601,-0.534,-0.669,-0.107,0.095,1.214
06/24/2005,-0.603,-0.526,-0.671,-0.11,0.11,1.232
07/01/2005,-0.605,-0.522,-0.674,-0.113,0.125,1.25
07/08/2005,-0.607,-0.522,-0.677,-0.115,0.139,1.269
07/15/2005,-0.61,-0.525,-0.682,-0.115,0.152,1.289
07/22/2005,-0.612,-0.528,-0.686,-0.114,0.162,1.309
07/29/2005,-0.613,-0.525,-0.69,-0.113,0.169,1.33
08/05/2005,-0.612,-0.516,-0.691,-0.11,0.172,1.351
08/12/2005,-0.61,-0.504,-0.69,-0.107,0.171,1.373
08/19/2005,-0.605,-0.487,-0.685,-0.105,0.166,1.396
08/26/2005,-0.598,-0.467,-0.677,-0.103,0.154,1.42
09/02/2005,-0.591,-0.446,-0.666,-0.103,0.136,1.444
09/09/2005,-0.583,-0.424,-0.654,-0.105,0.112,1.468
09/16/2005,-0.575,-0.404,-0.64,-0.108,0.079,1.493
09/23/2005,-0.57,-0.392,-0.626,-0.113,0.039,1.517
09/30/2005,-0.567,-0.39,-0.615,-0.118,-0.008,1.542
10/07/2005,-0.567,-0.406,-0.606,-0.124,-0.061,1.566
10/14/2005,-0.571,-0.436,-0.601,-0.13,-0.117,1.59
10/21/2005,-0.577,-0.472,-0.597,-0.135,-0.174,1.614
10/28/2005,-0.583,-0.508,-0.595,-0.138,-0.229,1.636
11/04/2005,-0.587,-0.534,-0.593,-0.14,-0.279,1.658
11/11/2005,-0.588,-0.546,-0.589,-0.14,-0.321,1.679
11/18/2005,-0.585,-0.542,-0.584,-0.138,-0.353,1.699
11/25/2005,-0.58,-0.525,-0.578,-0.134,-0.374,1.718
12/02/2005,-0.574,-0.501,-0.572,-0.129,-0.383,1.736
12/09/2005,-0.567,-0.474,-0.569,-0.124,-0.382,1.754
12/16/2005,-0.562,-0.45,-0.569,-0.119,-0.372,1.77
12/23/2005,-0.561,-0.436,-0.574,-0.114,-0.355,1.786
12/30/2005,-0.563,-0.431,-0.584,-0.11,-0.335,1.802
01/06/2006,-0.569,-0.44,-0.599,-0.107,-0.315,1.818
01/13/2006,-0.579,-0.457,-0.616,-0.107,-0.298,1.833
01/20/2006,-0.59,-0.479,-0.633,-0.107,-0.286,1.849
01/27/2006,-0.603,-0.501,-0.648,-0.11,-0.282,1.866
02/03/2006,-0.614,-0.52,-0.66,-0.113,-0.286,1.883
02/10/2006,-0.622,-0.534,-0.668,-0.117,-0.298,1.9
02/17/2006,-0.629,-0.546,-0.672,-0.122,-0.316,1.919
02/24/2006,-0.633,-0.555,-0.672,-0.127,-0.338,1.938
03/03/2006,-0.634,-0.562,-0.668,-0.132,-0.363,1.958
03/10/2006,-0.633,-0.564,-0.662,-0.137,-0.389,1.979
03/17/2006,-0.632,-0.562,-0.656,-0.141,-0.413,2
03/24/2006,-0.63,-0.555,-0.65,-0.144,-0.436,2.022
03/31/2006,-0.628,-0.544,-0.645,-0.147,-0.456,2.044
04/07/2006,-0.626,-0.534,-0.64,-0.148,-0.473,2.067
04/14/2006,-0.623,-0.525,-0.636,-0.148,-0.489,2.089
04/21/2006,-0.622,-0.519,-0.633,-0.147,-0.502,2.112
04/28/2006,-0.619,-0.514,-0.627,-0.146,-0.513,2.134
05/05/2006,-0.614,-0.506,-0.619,-0.144,-0.522,2.155
05/12/2006,-0.606,-0.496,-0.607,-0.143,-0.528,2.176
05/19/2006,-0.595,-0.481,-0.59,-0.141,-0.53,2.195
05/26/2006,-0.582,-0.463,-0.572,-0.14,-0.53,2.214
06/02/2006,-0.568,-0.446,-0.553,-0.138,-0.526,2.232
06/09/2006,-0.554,-0.432,-0.535,-0.136,-0.518,2.249
06/16/2006,-0.541,-0.42,-0.521,-0.133,-0.508,2.265
06/23/2006,-0.533,-0.413,-0.514,-0.129,-0.496,2.28
06/30/2006,-0.528,-0.413,-0.514,-0.124,-0.483,2.294
07/07/2006,-0.529,-0.419,-0.521,-0.118,-0.471,2.307
07/14/2006,-0.535,-0.431,-0.535,-0.112,-0.462,2.319
07/21/2006,-0.545,-0.45,-0.554,-0.105,-0.457,2.331
07/28/2006,-0.558,-0.473,-0.576,-0.098,-0.456,2.342
08/04/2006,-0.572,-0.496,-0.597,-0.092,-0.46,2.353
08/11/2006,-0.585,-0.517,-0.616,-0.087,-0.468,2.363
08/18/2006,-0.596,-0.532,-0.631,-0.082,-0.479,2.373
08/25/2006,-0.603,-0.54,-0.64,-0.078,-0.491,2.383
09/01/2006,-0.606,-0.543,-0.645,-0.074,-0.503,2.392
09/08/2006,-0.606,-0.545,-0.647,-0.071,-0.514,2.401
09/15/2006,-0.605,-0.548,-0.647,-0.068,-0.521,2.41
09/22/2006,-0.605,-0.557,-0.65,-0.065,-0.524,2.419
09/29/2006,-0.606,-0.572,-0.655,-0.062,-0.522,2.428
10/06/2006,-0.609,-0.592,-0.664,-0.058,-0.517,2.437
10/13/2006,-0.615,-0.615,-0.676,-0.055,-0.508,2.446
10/20/2006,-0.622,-0.636,-0.688,-0.051,-0.498,2.454
10/27/2006,-0.628,-0.651,-0.7,-0.046,-0.486,2.463
11/03/2006,-0.631,-0.654,-0.708,-0.042,-0.474,2.472
11/10/2006,-0.633,-0.645,-0.712,-0.039,-0.461,2.48
11/17/2006,-0.631,-0.62,-0.713,-0.037,-0.448,2.489
11/24/2006,-0.627,-0.584,-0.71,-0.036,-0.435,2.498
12/01/2006,-0.623,-0.541,-0.705,-0.039,-0.42,2.507
12/08/2006,-0.62,-0.501,-0.701,-0.044,-0.406,2.515
12/15/2006,-0.62,-0.477,-0.7,-0.051,-0.39,2.524
12/22/2006,-0.625,-0.471,-0.702,-0.061,-0.375,2.533
12/29/2006,-0.633,-0.481,-0.709,-0.072,-0.36,2.542
01/05/2007,-0.645,-0.505,-0.72,-0.084,-0.347,2.55
01/12/2007,-0.658,-0.532,-0.732,-0.094,-0.337,2.559
01/19/2007,-0.67,-0.557,-0.743,-0.103,-0.332,2.567
01/26/2007,-0.68,-0.579,-0.75,-0.109,-0.331,2.576
02/02/2007,-0.683,-0.593,-0.752,-0.111,-0.334,2.584
02/09/2007,-0.682,-0.602,-0.748,-0.11,-0.34,2.593
02/16/2007,-0.674,-0.6,-0.738,-0.107,-0.347,2.601
02/23/2007,-0.662,-0.588,-0.724,-0.101,-0.352,2.609
03/02/2007,-0.647,-0.563,-0.708,-0.094,-0.355,2.618
03/09/2007,-0.632,-0.535,-0.693,-0.086,-0.353,2.626
03/16/2007,-0.62,-0.511,-0.682,-0.079,-0.347,2.634
03/23/2007,-0.612,-0.498,-0.674,-0.074,-0.336,2.642
03/30/2007,-0.606,-0.497,-0.669,-0.07,-0.321,2.65
04/06/2007,-0.602,-0.504,-0.665,-0.068,-0.302,2.658
04/13/2007,-0.598,-0.508,-0.659,-0.069,-0.281,2.666
04/20/2007,-0.594,-0.499,-0.651,-0.073,-0.259,2.673
04/27/2007,-0.587,-0.476,-0.639,-0.079,-0.236,2.68
05/04/2007,-0.579,-0.445,-0.623,-0.088,-0.211,2.687
05/11/2007,-0.57,-0.418,-0.606,-0.1,-0.184,2.694
05/18/2007,-0.561,-0.401,-0.588,-0.114,-0.152,2.7
05/25/2007,-0.553,-0.389,-0.572,-0.128,-0.114,2.706
06/01/2007,-0.546,-0.379,-0.559,-0.141,-0.069,2.711
06/08/2007,-0.543,-0.365,-0.551,-0.149,-0.015,2.717
06/15/2007,-0.539,-0.342,-0.546,-0.15,0.048,2.721
06/22/2007,-0.534,-0.322,-0.542,-0.141,0.12,2.726
06/29/2007,-0.522,-0.317,-0.534,-0.119,0.199,2.729
07/06/2007,-0.497,-0.327,-0.515,-0.082,0.282,2.733
07/13/2007,-0.452,-0.332,-0.476,-0.03,0.368,2.736
07/20/2007,-0.383,-0.303,-0.414,0.035,0.455,2.738
07/27/2007,-0.29,-0.202,-0.327,0.111,0.54,2.74
08/03/2007,-0.178,-0.022,-0.222,0.192,0.621,2.742
08/10/2007,-0.058,0.218,-0.109,0.271,0.699,2.743
08/17/2007,0.06,0.477,0.002,0.342,0.775,2.744
08/24/2007,0.154,0.685,0.09,0.397,0.85,2.744
08/31/2007,0.206,0.779,0.138,0.432,0.925,2.744
09/07/2007,0.222,0.776,0.151,0.444,1.001,2.744
09/14/2007,0.199,0.687,0.128,0.437,1.08,2.743
09/21/2007,0.142,0.548,0.074,0.413,1.162,2.742
09/28/2007,0.078,0.422,0.01,0.383,1.248,2.741
10/05/2007,0.017,0.327,-0.05,0.355,1.338,2.74
10/12/2007,-0.023,0.271,-0.089,0.334,1.432,2.739
10/19/2007,-0.03,0.258,-0.096,0.328,1.531,2.738
10/26/2007,0,0.288,-0.063,0.338,1.63,2.737
11/02/2007,0.067,0.372,0.009,0.364,1.727,2.736
11/09/2007,0.165,0.524,0.113,0.404,1.82,2.735
11/16/2007,0.275,0.724,0.231,0.452,1.904,2.733
11/23/2007,0.388,0.945,0.347,0.504,1.979,2.732
11/30/2007,0.481,1.131,0.443,0.553,2.039,2.73
12/07/2007,0.545,1.231,0.503,0.594,2.086,2.728
12/14/2007,0.572,1.231,0.522,0.626,2.118,2.726
12/21/2007,0.562,1.148,0.498,0.649,2.135,2.723
12/28/2007,0.523,1.025,0.442,0.666,2.139,2.719
01/04/2008,0.475,0.927,0.374,0.679,2.132,2.715
01/11/2008,0.43,0.872,0.306,0.697,2.118,2.709
01/18/2008,0.407,0.868,0.259,0.723,2.104,2.703
01/25/2008,0.414,0.901,0.246,0.759,2.091,2.695
02/01/2008,0.444,0.932,0.259,0.805,2.085,2.686
02/08/2008,0.505,0.979,0.307,0.862,2.088,2.676
02/15/2008,0.59,1.062,0.382,0.925,2.099,2.664
02/22/2008,0.689,1.195,0.477,0.988,2.116,2.65
02/29/2008,0.79,1.372,0.58,1.043,2.138,2.636
03/07/2008,0.881,1.561,0.678,1.085,2.162,2.619
03/14/2008,0.943,1.697,0.753,1.106,2.185,2.602
03/21/2008,0.968,1.741,0.798,1.102,2.207,2.584
03/28/2008,0.947,1.671,0.799,1.074,2.232,2.564
04/04/2008,0.895,1.534,0.767,1.026,2.258,2.544
04/11/2008,0.821,1.379,0.709,0.966,2.289,2.523
04/18/2008,0.739,1.251,0.638,0.899,2.328,2.502
04/25/2008,0.653,1.156,0.557,0.834,2.376,2.481
05/02/2008,0.578,1.082,0.482,0.78,2.433,2.46
05/09/2008,0.523,1.013,0.42,0.741,2.501,2.44
05/16/2008,0.49,0.936,0.38,0.718,2.574,2.42
05/23/2008,0.486,0.873,0.367,0.715,2.65,2.4
05/30/2008,0.507,0.861,0.38,0.727,2.725,2.382
06/06/2008,0.553,0.926,0.416,0.754,2.793,2.364
06/13/2008,0.606,1.043,0.462,0.787,2.849,2.346
06/20/2008,0.663,1.185,0.509,0.822,2.889,2.33
06/27/2008,0.714,1.302,0.549,0.857,2.911,2.314
07/04/2008,0.746,1.344,0.571,0.882,2.913,2.298
07/11/2008,0.755,1.315,0.572,0.897,2.894,2.284
07/18/2008,0.745,1.258,0.557,0.903,2.856,2.27
07/25/2008,0.717,1.197,0.527,0.904,2.804,2.256
08/01/2008,0.686,1.166,0.499,0.905,2.743,2.242
08/08/2008,0.671,1.162,0.491,0.915,2.678,2.229
08/15/2008,0.679,1.157,0.515,0.939,2.613,2.216
08/22/2008,0.735,1.169,0.592,0.986,2.555,2.202
08/29/2008,0.843,1.217,0.728,1.059,2.506,2.189
09/05/2008,1.011,1.355,0.929,1.159,2.472,2.175
09/12/2008,1.232,1.637,1.182,1.287,2.458,2.16
09/19/2008,1.515,2.097,1.488,1.444,2.464,2.144
09/26/2008,1.796,2.594,1.791,1.613,2.493,2.128
10/03/2008,2.076,3.062,2.088,1.791,2.543,2.11
10/10/2008,2.328,3.389,2.343,1.971,2.612,2.09
10/17/2008,2.525,3.509,2.541,2.141,2.694,2.069
10/24/2008,2.669,3.473,2.675,2.299,2.787,2.045
10/31/2008,2.792,3.432,2.778,2.442,2.884,2.019
11/07/2008,2.886,3.452,2.84,2.567,2.983,1.991
11/14/2008,2.967,3.594,2.876,2.672,3.078,1.961
11/21/2008,3.044,3.83,2.898,2.754,3.167,1.928
11/28/2008,3.071,3.995,2.882,2.796,3.248,1.893
12/05/2008,3.064,4.047,2.843,2.798,3.323,1.855
12/12/2008,3,3.927,2.765,2.756,3.396,1.815
12/19/2008,2.876,3.667,2.649,2.67,3.467,1.773
12/26/2008,2.717,3.374,2.515,2.553,3.541,1.73
01/02/2009,2.564,3.153,2.381,2.428,3.617,1.685
01/09/2009,2.411,3,2.252,2.298,3.694,1.638
01/16/2009,2.288,2.914,2.144,2.183,3.77,1.591
01/23/2009,2.197,2.853,2.064,2.089,3.837,1.543
01/30/2009,2.137,2.781,2.006,2.023,3.89,1.494
02/06/2009,2.107,2.717,1.969,1.986,3.923,1.445
02/13/2009,2.108,2.701,1.953,1.975,3.928,1.396
02/20/2009,2.124,2.747,1.947,1.983,3.9,1.346
02/27/2009,2.14,2.839,1.939,1.998,3.835,1.296
03/06/2009,2.144,2.932,1.921,2.009,3.733,1.246
03/13/2009,2.106,2.94,1.874,2,3.594,1.196
03/20/2009,2.034,2.847,1.8,1.968,3.426,1.146
03/27/2009,1.929,2.666,1.702,1.911,3.235,1.096
04/03/2009,1.804,2.447,1.588,1.832,3.029,1.045
04/10/2009,1.664,2.237,1.464,1.732,2.817,0.994
04/17/2009,1.522,2.074,1.339,1.621,2.608,0.942
04/24/2009,1.382,1.945,1.219,1.504,2.409,0.89
05/01/2009,1.247,1.818,1.105,1.387,2.225,0.838
05/08/2009,1.123,1.672,1.005,1.276,2.06,0.785
05/15/2009,1.022,1.514,0.922,1.179,1.916,0.732
05/22/2009,0.938,1.362,0.856,1.095,1.792,0.679
05/29/2009,0.878,1.26,0.81,1.026,1.686,0.625
06/05/2009,0.831,1.214,0.774,0.97,1.595,0.57
06/12/2009,0.795,1.219,0.742,0.927,1.516,0.516
06/19/2009,0.764,1.246,0.709,0.893,1.443,0.462
06/26/2009,0.727,1.241,0.67,0.86,1.373,0.408
07/03/2009,0.682,1.184,0.624,0.824,1.303,0.354
07/10/2009,0.627,1.076,0.571,0.784,1.23,0.302
07/17/2009,0.56,0.935,0.512,0.738,1.154,0.251
07/24/2009,0.489,0.799,0.453,0.687,1.075,0.202
07/31/2009,0.42,0.695,0.396,0.635,0.994,0.154
08/07/2009,0.36,0.632,0.344,0.588,0.915,0.109
08/14/2009,0.311,0.598,0.298,0.546,0.84,0.066
08/21/2009,0.271,0.571,0.26,0.508,0.771,0.025
08/28/2009,0.234,0.531,0.225,0.474,0.711,-0.014
09/04/2009,0.202,0.48,0.194,0.443,0.661,-0.05
09/11/2009,0.169,0.422,0.166,0.414,0.622,-0.084
09/18/2009,0.136,0.37,0.138,0.388,0.594,-0.116
09/25/2009,0.107,0.337,0.113,0.366,0.578,-0.146
10/02/2009,0.085,0.327,0.09,0.35,0.57,-0.174
10/09/2009,0.064,0.322,0.069,0.336,0.572,-0.2
10/16/2009,0.047,0.313,0.05,0.324,0.579,-0.226
10/23/2009,0.033,0.295,0.035,0.314,0.592,-0.25
10/30/2009,0.025,0.271,0.023,0.303,0.607,-0.273
11/06/2009,0.017,0.243,0.013,0.289,0.622,-0.296
11/13/2009,0.005,0.218,0.004,0.27,0.637,-0.319
11/20/2009,-0.009,0.202,-0.004,0.245,0.648,-0.341
11/27/2009,-0.027,0.184,-0.012,0.213,0.657,-0.363
12/04/2009,-0.052,0.155,-0.02,0.174,0.662,-0.385
12/11/2009,-0.082,0.107,-0.03,0.13,0.663,-0.407
12/18/2009,-0.115,0.043,-0.042,0.087,0.66,-0.43
12/25/2009,-0.145,-0.025,-0.054,0.049,0.653,-0.453
01/01/2010,-0.17,-0.078,-0.065,0.021,0.64,-0.476
01/08/2010,-0.19,-0.11,-0.077,0.002,0.621,-0.5
01/15/2010,-0.2,-0.11,-0.088,-0.003,0.596,-0.524
01/22/2010,-0.199,-0.087,-0.097,0.002,0.565,-0.549
01/29/2010,-0.195,-0.063,-0.106,0.012,0.525,-0.574
02/05/2010,-0.192,-0.052,-0.116,0.021,0.479,-0.599
02/12/2010,-0.195,-0.065,-0.13,0.025,0.425,-0.625
02/19/2010,-0.212,-0.103,-0.151,0.017,0.366,-0.651
02/26/2010,-0.24,-0.152,-0.179,-0,0.303,-0.677
03/05/2010,-0.28,-0.205,-0.211,-0.028,0.239,-0.703
03/12/2010,-0.326,-0.254,-0.247,-0.062,0.178,-0.728
03/19/2010,-0.371,-0.298,-0.28,-0.098,0.121,-0.754
03/26/2010,-0.412,-0.344,-0.308,-0.13,0.072,-0.778
04/02/2010,-0.44,-0.389,-0.325,-0.153,0.033,-0.802
04/09/2010,-0.452,-0.424,-0.327,-0.162,0.006,-0.825
04/16/2010,-0.44,-0.43,-0.311,-0.155,-0.01,-0.846
04/23/2010,-0.405,-0.396,-0.275,-0.13,-0.015,-0.867
04/30/2010,-0.346,-0.314,-0.22,-0.09,-0.012,-0.885
05/07/2010,-0.27,-0.197,-0.153,-0.038,-0.003,-0.902
05/14/2010,-0.194,-0.08,-0.084,0.015,0.009,-0.918
05/21/2010,-0.121,0.022,-0.021,0.068,0.023,-0.931
05/28/2010,-0.067,0.085,0.028,0.111,0.034,-0.943
06/04/2010,-0.035,0.106,0.057,0.139,0.042,-0.954
06/11/2010,-0.026,0.101,0.065,0.154,0.046,-0.963
06/18/2010,-0.04,0.073,0.053,0.153,0.046,-0.971
06/25/2010,-0.067,0.038,0.026,0.141,0.041,-0.978
07/02/2010,-0.102,-0.001,-0.009,0.123,0.034,-0.985
07/09/2010,-0.143,-0.053,-0.051,0.099,0.023,-0.991
07/16/2010,-0.183,-0.11,-0.092,0.074,0.011,-0.997
07/23/2010,-0.217,-0.16,-0.129,0.054,-0.001,-1.003
07/30/2010,-0.241,-0.195,-0.158,0.039,-0.014,-1.01
08/06/2010,-0.256,-0.205,-0.18,0.031,-0.025,-1.018
08/13/2010,-0.261,-0.194,-0.194,0.029,-0.035,-1.026
08/20/2010,-0.263,-0.178,-0.203,0.029,-0.043,-1.036
08/27/2010,-0.265,-0.169,-0.211,0.027,-0.047,-1.046
09/03/2010,-0.272,-0.179,-0.22,0.022,-0.048,-1.057
09/10/2010,-0.287,-0.207,-0.231,0.009,-0.043,-1.07
09/17/2010,-0.306,-0.243,-0.244,-0.011,-0.034,-1.083
09/24/2010,-0.328,-0.275,-0.258,-0.035,-0.02,-1.097
10/01/2010,-0.351,-0.301,-0.271,-0.066,-0.001,-1.111
10/08/2010,-0.375,-0.323,-0.282,-0.099,0.02,-1.126
10/15/2010,-0.397,-0.345,-0.29,-0.133,0.042,-1.14
10/22/2010,-0.414,-0.369,-0.293,-0.165,0.063,-1.154
10/29/2010,-0.428,-0.394,-0.293,-0.194,0.081,-1.168
11/05/2010,-0.437,-0.411,-0.289,-0.22,0.095,-1.18
11/12/2010,-0.441,-0.415,-0.283,-0.239,0.103,-1.192
11/19/2010,-0.443,-0.412,-0.277,-0.256,0.104,-1.203
11/26/2010,-0.446,-0.408,-0.273,-0.27,0.097,-1.212
12/03/2010,-0.451,-0.416,-0.272,-0.284,0.084,-1.22
12/10/2010,-0.463,-0.441,-0.277,-0.3,0.064,-1.227
12/17/2010,-0.478,-0.476,-0.286,-0.317,0.041,-1.233
12/24/2010,-0.497,-0.513,-0.301,-0.334,0.014,-1.238
12/31/2010,-0.518,-0.542,-0.318,-0.351,-0.013,-1.241
01/07/2011,-0.54,-0.56,-0.337,-0.367,-0.04,-1.244
01/14/2011,-0.56,-0.574,-0.354,-0.381,-0.064,-1.246
01/21/2011,-0.578,-0.592,-0.368,-0.393,-0.084,-1.248
01/28/2011,-0.59,-0.616,-0.376,-0.402,-0.101,-1.249
02/04/2011,-0.595,-0.641,-0.377,-0.406,-0.112,-1.25
02/11/2011,-0.593,-0.655,-0.374,-0.405,-0.118,-1.251
02/18/2011,-0.584,-0.645,-0.366,-0.398,-0.118,-1.252
02/25/2011,-0.569,-0.61,-0.356,-0.389,-0.113,-1.253
03/04/2011,-0.556,-0.565,-0.348,-0.378,-0.103,-1.255
03/11/2011,-0.546,-0.526,-0.344,-0.369,-0.088,-1.256
03/18/2011,-0.54,-0.507,-0.346,-0.362,-0.069,-1.259
03/25/2011,-0.545,-0.519,-0.357,-0.359,-0.047,-1.261
04/01/2011,-0.556,-0.547,-0.372,-0.36,-0.022,-1.264
04/08/2011,-0.57,-0.578,-0.39,-0.364,0.003,-1.267
04/15/2011,-0.583,-0.597,-0.407,-0.367,0.029,-1.27
04/22/2011,-0.592,-0.602,-0.42,-0.37,0.053,-1.274
04/29/2011,-0.596,-0.6,-0.427,-0.37,0.075,-1.279
05/06/2011,-0.593,-0.599,-0.427,-0.367,0.094,-1.283
05/13/2011,-0.584,-0.603,-0.423,-0.361,0.111,-1.288
05/20/2011,-0.572,-0.608,-0.415,-0.352,0.126,-1.293
05/27/2011,-0.558,-0.605,-0.405,-0.341,0.141,-1.298
06/03/2011,-0.545,-0.587,-0.394,-0.332,0.158,-1.304
06/10/2011,-0.532,-0.556,-0.382,-0.324,0.179,-1.309
06/17/2011,-0.524,-0.528,-0.371,-0.317,0.208,-1.315
06/24/2011,-0.516,-0.515,-0.36,-0.312,0.245,-1.321
07/01/2011,-0.509,-0.523,-0.348,-0.304,0.293,-1.326
07/08/2011,-0.497,-0.537,-0.332,-0.291,0.353,-1.332
07/15/2011,-0.474,-0.533,-0.311,-0.269,0.424,-1.338
07/22/2011,-0.44,-0.495,-0.282,-0.238,0.504,-1.344
07/29/2011,-0.391,-0.415,-0.245,-0.195,0.592,-1.35
08/05/2011,-0.328,-0.302,-0.2,-0.142,0.684,-1.356
08/12/2011,-0.257,-0.186,-0.15,-0.083,0.775,-1.362
08/19/2011,-0.194,-0.1,-0.105,-0.026,0.86,-1.368
08/26/2011,-0.136,-0.038,-0.063,0.027,0.936,-1.374
09/02/2011,-0.093,-0.004,-0.032,0.069,0.998,-1.38
09/09/2011,-0.062,0.026,-0.008,0.102,1.045,-1.386
09/16/2011,-0.044,0.055,0.007,0.122,1.075,-1.393
09/23/2011,-0.035,0.084,0.015,0.131,1.087,-1.399
09/30/2011,-0.037,0.093,0.016,0.13,1.083,-1.406
10/07/2011,-0.049,0.073,0.011,0.12,1.062,-1.412
10/14/2011,-0.07,0.023,0.002,0.105,1.028,-1.419
10/21/2011,-0.088,-0.03,-0.005,0.092,0.982,-1.426
10/28/2011,-0.102,-0.067,-0.01,0.083,0.928,-1.432
11/04/2011,-0.103,-0.066,-0.009,0.081,0.87,-1.438
11/11/2011,-0.096,-0.034,-0.004,0.087,0.808,-1.445
11/18/2011,-0.084,0.01,0.002,0.096,0.746,-1.451
11/25/2011,-0.071,0.047,0.006,0.107,0.685,-1.456
12/02/2011,-0.07,0.053,0.005,0.111,0.625,-1.462
12/09/2011,-0.076,0.038,-0.003,0.11,0.568,-1.467
12/16/2011,-0.089,0.015,-0.018,0.102,0.513,-1.472
12/23/2011,-0.114,-0.014,-0.04,0.085,0.46,-1.476
12/30/2011,-0.148,-0.045,-0.069,0.06,0.408,-1.48
01/06/2012,-0.189,-0.084,-0.104,0.03,0.358,-1.483
01/13/2012,-0.235,-0.138,-0.144,-0.004,0.312,-1.485
01/20/2012,-0.28,-0.204,-0.184,-0.038,0.268,-1.487
01/27/2012,-0.322,-0.269,-0.221,-0.069,0.228,-1.487
02/03/2012,-0.354,-0.315,-0.253,-0.095,0.193,-1.487
02/10/2012,-0.378,-0.339,-0.28,-0.115,0.164,-1.486
02/17/2012,-0.394,-0.344,-0.3,-0.129,0.14,-1.484
02/24/2012,-0.406,-0.348,-0.315,-0.14,0.121,-1.481
03/02/2012,-0.417,-0.363,-0.326,-0.15,0.109,-1.478
03/09/2012,-0.425,-0.387,-0.333,-0.156,0.103,-1.473
03/16/2012,-0.433,-0.416,-0.338,-0.162,0.102,-1.468
03/23/2012,-0.436,-0.434,-0.338,-0.164,0.109,-1.462
03/30/2012,-0.434,-0.433,-0.336,-0.161,0.121,-1.456
04/06/2012,-0.427,-0.415,-0.331,-0.151,0.138,-1.45
04/13/2012,-0.414,-0.39,-0.324,-0.136,0.158,-1.444
04/20/2012,-0.398,-0.37,-0.315,-0.115,0.181,-1.437
04/27/2012,-0.377,-0.352,-0.304,-0.088,0.204,-1.431
05/04/2012,-0.351,-0.331,-0.29,-0.057,0.226,-1.425
05/11/2012,-0.32,-0.297,-0.272,-0.023,0.245,-1.42
05/18/2012,-0.287,-0.248,-0.254,0.01,0.26,-1.415
05/25/2012,-0.26,-0.199,-0.239,0.038,0.27,-1.411
06/01/2012,-0.242,-0.16,-0.229,0.06,0.274,-1.407
06/08/2012,-0.235,-0.147,-0.226,0.072,0.272,-1.404
06/15/2012,-0.24,-0.163,-0.233,0.076,0.266,-1.401
06/22/2012,-0.255,-0.199,-0.247,0.072,0.257,-1.399
06/29/2012,-0.275,-0.237,-0.266,0.062,0.245,-1.397
07/06/2012,-0.298,-0.27,-0.289,0.048,0.233,-1.396
07/13/2012,-0.321,-0.29,-0.314,0.032,0.221,-1.396
07/20/2012,-0.345,-0.305,-0.34,0.015,0.211,-1.396
07/27/2012,-0.367,-0.319,-0.364,-0.002,0.201,-1.396
08/03/2012,-0.388,-0.341,-0.387,-0.02,0.192,-1.396
08/10/2012,-0.407,-0.37,-0.408,-0.037,0.185,-1.397
08/17/2012,-0.425,-0.398,-0.426,-0.054,0.177,-1.398
08/24/2012,-0.443,-0.424,-0.444,-0.071,0.169,-1.399
08/31/2012,-0.461,-0.444,-0.459,-0.089,0.16,-1.401
09/07/2012,-0.479,-0.462,-0.474,-0.106,0.15,-1.402
09/14/2012,-0.498,-0.486,-0.489,-0.122,0.137,-1.404
09/21/2012,-0.515,-0.513,-0.503,-0.135,0.122,-1.406
09/28/2012,-0.528,-0.542,-0.515,-0.144,0.104,-1.408
10/05/2012,-0.539,-0.569,-0.527,-0.149,0.083,-1.41
10/12/2012,-0.546,-0.585,-0.538,-0.148,0.059,-1.412
10/19/2012,-0.55,-0.59,-0.547,-0.144,0.033,-1.413
10/26/2012,-0.55,-0.581,-0.555,-0.136,0.004,-1.415
11/02/2012,-0.548,-0.57,-0.562,-0.128,-0.027,-1.417
11/09/2012,-0.546,-0.562,-0.566,-0.12,-0.06,-1.419
11/16/2012,-0.546,-0.559,-0.57,-0.115,-0.096,-1.42
11/23/2012,-0.55,-0.565,-0.573,-0.116,-0.133,-1.422
11/30/2012,-0.555,-0.572,-0.574,-0.121,-0.171,-1.423
12/07/2012,-0.564,-0.579,-0.575,-0.132,-0.209,-1.424
12/14/2012,-0.575,-0.586,-0.576,-0.147,-0.247,-1.424
12/21/2012,-0.587,-0.594,-0.577,-0.164,-0.283,-1.424
12/28/2012,-0.599,-0.604,-0.58,-0.18,-0.316,-1.424
01/04/2013,-0.614,-0.621,-0.586,-0.197,-0.345,-1.423
01/11/2013,-0.626,-0.637,-0.593,-0.211,-0.368,-1.422
01/18/2013,-0.636,-0.649,-0.599,-0.221,-0.386,-1.42
01/25/2013,-0.643,-0.654,-0.604,-0.229,-0.397,-1.417
02/01/2013,-0.646,-0.652,-0.608,-0.235,-0.404,-1.413
02/08/2013,-0.648,-0.649,-0.61,-0.238,-0.407,-1.408
02/15/2013,-0.649,-0.653,-0.611,-0.241,-0.406,-1.403
02/22/2013,-0.65,-0.665,-0.611,-0.243,-0.404,-1.396
03/01/2013,-0.65,-0.683,-0.61,-0.246,-0.401,-1.389
03/08/2013,-0.652,-0.708,-0.608,-0.252,-0.397,-1.381
03/15/2013,-0.655,-0.729,-0.606,-0.26,-0.394,-1.373
03/22/2013,-0.658,-0.743,-0.603,-0.27,-0.392,-1.364
03/29/2013,-0.663,-0.754,-0.602,-0.283,-0.39,-1.354
04/05/2013,-0.67,-0.762,-0.602,-0.299,-0.39,-1.345
04/12/2013,-0.681,-0.773,-0.604,-0.316,-0.392,-1.335
04/19/2013,-0.691,-0.786,-0.605,-0.333,-0.396,-1.325
04/26/2013,-0.703,-0.803,-0.607,-0.35,-0.403,-1.315
05/03/2013,-0.713,-0.819,-0.606,-0.364,-0.415,-1.305
05/10/2013,-0.718,-0.829,-0.602,-0.372,-0.432,-1.296
05/17/2013,-0.715,-0.827,-0.594,-0.375,-0.454,-1.288
05/24/2013,-0.706,-0.811,-0.581,-0.37,-0.482,-1.279
05/31/2013,-0.69,-0.781,-0.564,-0.361,-0.514,-1.272
06/07/2013,-0.67,-0.741,-0.546,-0.348,-0.551,-1.265
06/14/2013,-0.652,-0.701,-0.529,-0.334,-0.591,-1.258
06/21/2013,-0.636,-0.67,-0.515,-0.322,-0.631,-1.252
06/28/2013,-0.629,-0.657,-0.507,-0.313,-0.672,-1.246
07/05/2013,-0.629,-0.662,-0.505,-0.309,-0.709,-1.241
07/12/2013,-0.636,-0.683,-0.509,-0.309,-0.742,-1.236
07/19/2013,-0.648,-0.713,-0.518,-0.312,-0.769,-1.231
07/26/2013,-0.66,-0.739,-0.527,-0.316,-0.787,-1.227
08/02/2013,-0.668,-0.753,-0.535,-0.32,-0.798,-1.222
08/09/2013,-0.672,-0.756,-0.54,-0.323,-0.799,-1.218
08/16/2013,-0.671,-0.749,-0.542,-0.324,-0.791,-1.214
08/23/2013,-0.668,-0.739,-0.542,-0.324,-0.773,-1.21
08/30/2013,-0.664,-0.732,-0.541,-0.325,-0.748,-1.206
09/06/2013,-0.662,-0.732,-0.542,-0.326,-0.715,-1.202
09/13/2013,-0.664,-0.738,-0.546,-0.329,-0.677,-1.198
09/20/2013,-0.669,-0.745,-0.553,-0.333,-0.635,-1.193
09/27/2013,-0.676,-0.751,-0.562,-0.34,-0.591,-1.189
10/04/2013,-0.685,-0.755,-0.573,-0.348,-0.549,-1.184
10/11/2013,-0.698,-0.763,-0.587,-0.358,-0.509,-1.179
10/18/2013,-0.711,-0.777,-0.601,-0.369,-0.473,-1.174
10/25/2013,-0.725,-0.795,-0.616,-0.38,-0.442,-1.169
11/01/2013,-0.737,-0.815,-0.629,-0.391,-0.416,-1.163
11/08/2013,-0.748,-0.835,-0.641,-0.401,-0.395,-1.158
11/15/2013,-0.756,-0.848,-0.649,-0.411,-0.379,-1.152
11/22/2013,-0.763,-0.855,-0.655,-0.42,-0.366,-1.146
11/29/2013,-0.769,-0.858,-0.658,-0.427,-0.355,-1.141
12/06/2013,-0.772,-0.863,-0.66,-0.433,-0.346,-1.135
12/13/2013,-0.775,-0.873,-0.66,-0.438,-0.337,-1.13
12/20/2013,-0.777,-0.886,-0.661,-0.44,-0.326,-1.125
12/27/2013,-0.778,-0.899,-0.661,-0.44,-0.314,-1.12
01/03/2014,-0.775,-0.904,-0.662,-0.436,-0.3,-1.116
01/10/2014,-0.773,-0.898,-0.664,-0.43,-0.285,-1.112
01/17/2014,-0.769,-0.885,-0.666,-0.424,-0.269,-1.109
01/24/2014,-0.765,-0.87,-0.669,-0.417,-0.253,-1.107
01/31/2014,-0.762,-0.86,-0.674,-0.411,-0.238,-1.105
02/07/2014,-0.763,-0.862,-0.68,-0.407,-0.227,-1.105
02/14/2014,-0.767,-0.872,-0.687,-0.405,-0.22,-1.105
02/21/2014,-0.771,-0.883,-0.694,-0.404,-0.218,-1.105
02/28/2014,-0.775,-0.887,-0.699,-0.403,-0.222,-1.107
03/07/2014,-0.778,-0.881,-0.704,-0.4,-0.232,-1.109
03/14/2014,-0.779,-0.867,-0.707,-0.396,-0.248,-1.111
03/21/2014,-0.778,-0.851,-0.708,-0.391,-0.268,-1.114
03/28/2014,-0.775,-0.836,-0.709,-0.384,-0.292,-1.117
04/04/2014,-0.773,-0.829,-0.709,-0.378,-0.317,-1.121
04/11/2014,-0.77,-0.824,-0.709,-0.372,-0.341,-1.124
04/18/2014,-0.769,-0.819,-0.71,-0.366,-0.365,-1.127
04/25/2014,-0.768,-0.813,-0.712,-0.363,-0.385,-1.129
05/02/2014,-0.769,-0.806,-0.714,-0.362,-0.401,-1.131
05/09/2014,-0.772,-0.802,-0.718,-0.362,-0.412,-1.132
05/16/2014,-0.776,-0.805,-0.721,-0.365,-0.416,-1.132
05/23/2014,-0.782,-0.817,-0.725,-0.37,-0.414,-1.132
05/30/2014,-0.788,-0.834,-0.728,-0.374,-0.404,-1.131
06/06/2014,-0.792,-0.848,-0.73,-0.379,-0.388,-1.128
06/13/2014,-0.792,-0.856,-0.728,-0.381,-0.365,-1.125
06/20/2014,-0.788,-0.855,-0.724,-0.382,-0.339,-1.122
06/27/2014,-0.782,-0.846,-0.718,-0.381,-0.31,-1.117
07/04/2014,-0.772,-0.83,-0.709,-0.379,-0.281,-1.111
07/11/2014,-0.76,-0.814,-0.699,-0.374,-0.255,-1.105
07/18/2014,-0.748,-0.798,-0.689,-0.369,-0.234,-1.099
07/25/2014,-0.738,-0.785,-0.68,-0.362,-0.22,-1.092
08/01/2014,-0.729,-0.776,-0.674,-0.355,-0.213,-1.084
08/08/2014,-0.724,-0.774,-0.669,-0.348,-0.213,-1.077
08/15/2014,-0.724,-0.78,-0.668,-0.341,-0.219,-1.069
08/22/2014,-0.724,-0.788,-0.668,-0.332,-0.23,-1.06
08/29/2014,-0.721,-0.796,-0.667,-0.321,-0.243,-1.052
09/05/2014,-0.715,-0.801,-0.663,-0.309,-0.256,-1.043
09/12/2014,-0.705,-0.796,-0.655,-0.295,-0.266,-1.035
09/19/2014,-0.69,-0.78,-0.644,-0.282,-0.271,-1.026
09/26/2014,-0.673,-0.758,-0.632,-0.269,-0.271,-1.018
10/03/2014,-0.656,-0.735,-0.618,-0.26,-0.265,-1.01
10/10/2014,-0.645,-0.72,-0.609,-0.254,-0.254,-1.001
10/17/2014,-0.637,-0.713,-0.602,-0.251,-0.24,-0.994
10/24/2014,-0.638,-0.721,-0.603,-0.251,-0.225,-0.986
10/31/2014,-0.643,-0.735,-0.608,-0.252,-0.209,-0.979
11/07/2014,-0.65,-0.75,-0.615,-0.253,-0.196,-0.972
11/14/2014,-0.656,-0.759,-0.62,-0.252,-0.185,-0.965
11/21/2014,-0.655,-0.755,-0.622,-0.247,-0.178,-0.959
11/28/2014,-0.649,-0.741,-0.618,-0.239,-0.176,-0.953
12/05/2014,-0.636,-0.72,-0.609,-0.226,-0.178,-0.948
12/12/2014,-0.616,-0.693,-0.593,-0.209,-0.185,-0.943
12/19/2014,-0.594,-0.668,-0.574,-0.191,-0.195,-0.938
12/26/2014,-0.572,-0.646,-0.554,-0.172,-0.208,-0.933
01/02/2015,-0.55,-0.626,-0.534,-0.154,-0.224,-0.928
01/09/2015,-0.531,-0.606,-0.516,-0.138,-0.241,-0.924
01/16/2015,-0.517,-0.586,-0.501,-0.125,-0.26,-0.919
01/23/2015,-0.509,-0.571,-0.491,-0.116,-0.279,-0.915
01/30/2015,-0.505,-0.561,-0.486,-0.111,-0.297,-0.911
02/06/2015,-0.506,-0.559,-0.485,-0.109,-0.312,-0.907
02/13/2015,-0.511,-0.565,-0.488,-0.11,-0.323,-0.903
02/20/2015,-0.517,-0.574,-0.494,-0.112,-0.329,-0.898
02/27/2015,-0.524,-0.583,-0.503,-0.115,-0.33,-0.894
03/06/2015,-0.529,-0.585,-0.511,-0.117,-0.327,-0.89
03/13/2015,-0.533,-0.582,-0.519,-0.118,-0.318,-0.886
03/20/2015,-0.536,-0.578,-0.527,-0.119,-0.307,-0.881
03/27/2015,-0.538,-0.576,-0.534,-0.118,-0.293,-0.877
04/03/2015,-0.539,-0.577,-0.54,-0.117,-0.278,-0.872
04/10/2015,-0.541,-0.58,-0.546,-0.116,-0.262,-0.868
04/17/2015,-0.543,-0.581,-0.55,-0.115,-0.249,-0.863
04/24/2015,-0.544,-0.58,-0.554,-0.114,-0.238,-0.858
05/01/2015,-0.545,-0.573,-0.557,-0.114,-0.23,-0.853
05/08/2015,-0.545,-0.563,-0.558,-0.113,-0.227,-0.848
05/15/2015,-0.545,-0.559,-0.558,-0.113,-0.228,-0.843
05/22/2015,-0.546,-0.56,-0.558,-0.112,-0.232,-0.838
05/29/2015,-0.546,-0.564,-0.557,-0.111,-0.238,-0.833
06/05/2015,-0.545,-0.568,-0.557,-0.11,-0.246,-0.827
06/12/2015,-0.544,-0.568,-0.556,-0.107,-0.252,-0.822
06/19/2015,-0.541,-0.56,-0.555,-0.102,-0.256,-0.817
06/26/2015,-0.539,-0.548,-0.555,-0.096,-0.255,-0.811
07/03/2015,-0.534,-0.535,-0.553,-0.087,-0.249,-0.806
07/10/2015,-0.529,-0.526,-0.553,-0.076,-0.235,-0.8
07/17/2015,-0.523,-0.525,-0.553,-0.064,-0.214,-0.795
07/24/2015,-0.514,-0.523,-0.549,-0.049,-0.185,-0.789
07/31/2015,-0.499,-0.515,-0.541,-0.032,-0.149,-0.784
08/07/2015,-0.48,-0.499,-0.528,-0.015,-0.108,-0.779
08/14/2015,-0.459,-0.475,-0.513,0.001,-0.064,-0.773
08/21/2015,-0.437,-0.446,-0.496,0.016,-0.021,-0.768
08/28/2015,-0.417,-0.42,-0.481,0.028,0.02,-0.763
09/04/2015,-0.404,-0.404,-0.472,0.038,0.055,-0.757
09/11/2015,-0.398,-0.399,-0.47,0.045,0.081,-0.752
09/18/2015,-0.398,-0.402,-0.474,0.049,0.098,-0.747
09/25/2015,-0.403,-0.411,-0.484,0.05,0.104,-0.742
10/02/2015,-0.413,-0.422,-0.498,0.049,0.1,-0.737
10/09/2015,-0.429,-0.437,-0.517,0.046,0.087,-0.732
10/16/2015,-0.443,-0.45,-0.535,0.044,0.067,-0.727
10/23/2015,-0.456,-0.462,-0.552,0.043,0.041,-0.722
10/30/2015,-0.465,-0.474,-0.565,0.045,0.011,-0.717
11/06/2015,-0.469,-0.48,-0.573,0.051,-0.021,-0.712
11/13/2015,-0.465,-0.479,-0.573,0.061,-0.051,-0.707
11/20/2015,-0.456,-0.468,-0.568,0.073,-0.078,-0.702
11/27/2015,-0.442,-0.446,-0.556,0.09,-0.099,-0.697
12/04/2015,-0.424,-0.415,-0.541,0.108,-0.112,-0.693
12/11/2015,-0.402,-0.378,-0.523,0.129,-0.116,-0.688
12/18/2015,-0.38,-0.345,-0.507,0.151,-0.112,-0.684
12/25/2015,-0.36,-0.32,-0.493,0.173,-0.098,-0.679
01/01/2016,-0.343,-0.305,-0.482,0.193,-0.077,-0.675
01/08/2016,-0.327,-0.299,-0.474,0.211,-0.051,-0.671
01/15/2016,-0.314,-0.293,-0.468,0.227,-0.021,-0.667
01/22/2016,-0.304,-0.287,-0.465,0.24,0.011,-0.664
01/29/2016,-0.298,-0.278,-0.465,0.248,0.041,-0.66
02/05/2016,-0.294,-0.267,-0.467,0.251,0.068,-0.657
02/12/2016,-0.294,-0.26,-0.47,0.249,0.091,-0.654
02/19/2016,-0.303,-0.265,-0.477,0.241,0.11,-0.652
02/26/2016,-0.315,-0.28,-0.485,0.228,0.123,-0.649
03/04/2016,-0.331,-0.3,-0.493,0.212,0.13,-0.647
03/11/2016,-0.346,-0.318,-0.502,0.195,0.131,-0.645
03/18/2016,-0.36,-0.33,-0.51,0.179,0.126,-0.643
03/25/2016,-0.369,-0.33,-0.515,0.166,0.116,-0.642
04/01/2016,-0.376,-0.322,-0.519,0.156,0.102,-0.64
04/08/2016,-0.38,-0.311,-0.521,0.15,0.084,-0.639
04/15/2016,-0.382,-0.303,-0.522,0.147,0.063,-0.638
04/22/2016,-0.384,-0.299,-0.522,0.147,0.043,-0.637
04/29/2016,-0.384,-0.298,-0.522,0.15,0.025,-0.636
05/06/2016,-0.382,-0.297,-0.521,0.155,0.011,-0.635
05/13/2016,-0.38,-0.296,-0.521,0.161,0.003,-0.634
05/20/2016,-0.377,-0.291,-0.519,0.166,0.002,-0.633
05/27/2016,-0.373,-0.284,-0.516,0.172,0.008,-0.632
06/03/2016,-0.366,-0.273,-0.512,0.177,0.019,-0.631
06/10/2016,-0.359,-0.261,-0.508,0.181,0.035,-0.63
06/17/2016,-0.351,-0.248,-0.504,0.185,0.054,-0.629
06/24/2016,-0.346,-0.238,-0.5,0.186,0.072,-0.629
07/01/2016,-0.343,-0.231,-0.497,0.184,0.089,-0.628
07/08/2016,-0.344,-0.231,-0.494,0.178,0.102,-0.627
07/15/2016,-0.349,-0.237,-0.491,0.17,0.11,-0.627
07/22/2016,-0.353,-0.243,-0.487,0.161,0.113,-0.626
07/29/2016,-0.357,-0.25,-0.482,0.151,0.11,-0.626
08/05/2016,-0.36,-0.25,-0.476,0.144,0.101,-0.625
08/12/2016,-0.36,-0.245,-0.47,0.14,0.088,-0.625
08/19/2016,-0.357,-0.233,-0.464,0.139,0.07,-0.625
08/26/2016,-0.352,-0.215,-0.458,0.142,0.047,-0.625
09/02/2016,-0.345,-0.196,-0.452,0.148,0.021,-0.624
09/09/2016,-0.339,-0.182,-0.449,0.154,-0.009,-0.624
09/16/2016,-0.335,-0.174,-0.447,0.16,-0.044,-0.624
09/23/2016,-0.334,-0.172,-0.448,0.164,-0.084,-0.624
09/30/2016,-0.337,-0.177,-0.453,0.166,-0.13,-0.624
10/07/2016,-0.344,-0.189,-0.459,0.164,-0.184,-0.623
10/14/2016,-0.353,-0.206,-0.465,0.158,-0.245,-0.623
10/21/2016,-0.364,-0.227,-0.472,0.15,-0.312,-0.622
10/28/2016,-0.378,-0.256,-0.479,0.139,-0.386,-0.621
11/04/2016,-0.39,-0.289,-0.484,0.127,-0.463,-0.619
11/11/2016,-0.404,-0.324,-0.488,0.113,-0.541,-0.618
11/18/2016,-0.417,-0.354,-0.491,0.1,-0.616,-0.616
11/25/2016,-0.428,-0.376,-0.493,0.086,-0.684,-0.613
12/02/2016,-0.438,-0.387,-0.494,0.073,-0.743,-0.611
12/09/2016,-0.446,-0.391,-0.495,0.061,-0.791,-0.608
12/16/2016,-0.453,-0.389,-0.496,0.05,-0.826,-0.604
12/23/2016,-0.459,-0.385,-0.498,0.039,-0.848,-0.601
12/30/2016,-0.465,-0.385,-0.5,0.029,-0.857,-0.597
01/06/2017,-0.471,-0.385,-0.502,0.019,-0.855,-0.593
01/13/2017,-0.477,-0.386,-0.505,0.01,-0.842,-0.589
01/20/2017,-0.481,-0.386,-0.507,0.001,-0.822,-0.585
01/27/2017,-0.485,-0.386,-0.508,-0.006,-0.796,-0.581
02/03/2017,-0.487,-0.388,-0.509,-0.011,-0.766,-0.578
02/10/2017,-0.489,-0.393,-0.51,-0.014,-0.732,-0.574
02/17/2017,-0.488,-0.4,-0.511,-0.015,-0.697,-0.57
02/24/2017,-0.486,-0.406,-0.512,-0.013,-0.662,-0.567
03/03/2017,-0.484,-0.415,-0.513,-0.009,-0.626,-0.563
03/10/2017,-0.481,-0.419,-0.516,-0.005,-0.591,-0.56
03/17/2017,-0.479,-0.42,-0.518,-0.002,-0.556,-0.557
03/24/2017,-0.477,-0.42,-0.522,0.001,-0.523,-0.555
03/31/2017,-0.479,-0.422,-0.527,0.001,-0.492,-0.553
04/07/2017,-0.482,-0.425,-0.533,-0,-0.464,-0.551
04/14/2017,-0.488,-0.431,-0.543,-0.002,-0.44,-0.549
04/21/2017,-0.496,-0.438,-0.554,-0.005,-0.421,-0.547
04/28/2017,-0.506,-0.446,-0.569,-0.009,-0.406,-0.546
05/05/2017,-0.516,-0.455,-0.583,-0.012,-0.397,-0.545
05/12/2017,-0.526,-0.465,-0.597,-0.016,-0.392,-0.545
05/19/2017,-0.535,-0.477,-0.61,-0.02,-0.391,-0.544
05/26/2017,-0.544,-0.49,-0.619,-0.025,-0.393,-0.544
06/02/2017,-0.552,-0.5,-0.626,-0.031,-0.397,-0.545
06/09/2017,-0.557,-0.506,-0.63,-0.038,-0.402,-0.545
06/16/2017,-0.562,-0.51,-0.631,-0.045,-0.407,-0.546
06/23/2017,-0.565,-0.512,-0.631,-0.052,-0.411,-0.547
06/30/2017,-0.568,-0.52,-0.63,-0.059,-0.413,-0.549
07/07/2017,-0.571,-0.534,-0.629,-0.065,-0.412,-0.55
07/14/2017,-0.574,-0.549,-0.629,-0.069,-0.409,-0.552
07/21/2017,-0.576,-0.561,-0.63,-0.072,-0.403,-0.554
07/28/2017,-0.576,-0.565,-0.629,-0.072,-0.396,-0.555
08/04/2017,-0.573,-0.556,-0.628,-0.069,-0.388,-0.557
08/11/2017,-0.568,-0.538,-0.626,-0.065,-0.381,-0.559
08/18/2017,-0.562,-0.517,-0.624,-0.061,-0.375,-0.561
08/25/2017,-0.558,-0.499,-0.622,-0.059,-0.371,-0.563
09/01/2017,-0.556,-0.488,-0.62,-0.058,-0.371,-0.564
09/08/2017,-0.556,-0.484,-0.618,-0.06,-0.375,-0.566
09/15/2017,-0.559,-0.488,-0.617,-0.064,-0.384,-0.567
09/22/2017,-0.563,-0.495,-0.617,-0.07,-0.396,-0.568
09/29/2017,-0.568,-0.504,-0.617,-0.078,-0.413,-0.569
10/06/2017,-0.575,-0.515,-0.618,-0.085,-0.432,-0.57
10/13/2017,-0.582,-0.527,-0.621,-0.093,-0.452,-0.57
10/20/2017,-0.589,-0.541,-0.625,-0.098,-0.474,-0.569
10/27/2017,-0.594,-0.554,-0.63,-0.101,-0.495,-0.568
11/03/2017,-0.599,-0.565,-0.635,-0.101,-0.515,-0.567
11/10/2017,-0.601,-0.573,-0.641,-0.099,-0.533,-0.565
11/17/2017,-0.602,-0.577,-0.646,-0.096,-0.548,-0.562
11/24/2017,-0.603,-0.577,-0.651,-0.093,-0.56,-0.559
12/01/2017,-0.604,-0.575,-0.655,-0.09,-0.569,-0.555
12/08/2017,-0.605,-0.573,-0.66,-0.088,-0.575,-0.55
12/15/2017,-0.608,-0.575,-0.664,-0.089,-0.578,-0.545
12/22/2017,-0.612,-0.582,-0.668,-0.091,-0.578,-0.539
12/29/2017,-0.615,-0.593,-0.67,-0.095,-0.578,-0.533
01/05/2018,-0.619,-0.603,-0.67,-0.099,-0.579,-0.527
01/12/2018,-0.619,-0.606,-0.666,-0.103,-0.581,-0.52
01/19/2018,-0.615,-0.601,-0.656,-0.105,-0.587,-0.513
01/26/2018,-0.606,-0.587,-0.642,-0.104,-0.597,-0.505
02/02/2018,-0.592,-0.566,-0.623,-0.1,-0.612,-0.498
02/09/2018,-0.575,-0.544,-0.602,-0.092,-0.632,-0.49
02/16/2018,-0.559,-0.527,-0.582,-0.081,-0.655,-0.482
02/23/2018,-0.544,-0.513,-0.564,-0.069,-0.68,-0.475
03/02/2018,-0.53,-0.499,-0.547,-0.057,-0.706,-0.467
03/09/2018,-0.516,-0.484,-0.533,-0.045,-0.729,-0.46
03/16/2018,-0.506,-0.466,-0.523,-0.036,-0.747,-0.452
03/23/2018,-0.498,-0.448,-0.517,-0.029,-0.759,-0.445
03/30/2018,-0.497,-0.438,-0.517,-0.026,-0.762,-0.438
04/06/2018,-0.501,-0.436,-0.524,-0.026,-0.755,-0.431
04/13/2018,-0.511,-0.448,-0.536,-0.029,-0.736,-0.425
04/20/2018,-0.525,-0.468,-0.553,-0.035,-0.706,-0.419
04/27/2018,-0.538,-0.489,-0.57,-0.042,-0.663,-0.413
05/04/2018,-0.55,-0.506,-0.587,-0.048,-0.609,-0.408
05/11/2018,-0.56,-0.518,-0.601,-0.054,-0.546,-0.403
05/18/2018,-0.564,-0.523,-0.612,-0.059,-0.475,-0.399
05/25/2018,-0.564,-0.522,-0.617,-0.062,-0.401,-0.395
06/01/2018,-0.559,-0.516,-0.617,-0.063,-0.327,-0.391
06/08/2018,-0.554,-0.51,-0.614,-0.064,-0.256,-0.388
06/15/2018,-0.547,-0.502,-0.61,-0.064,-0.191,-0.386
06/22/2018,-0.541,-0.495,-0.607,-0.063,-0.134,-0.383
06/29/2018,-0.538,-0.491,-0.605,-0.063,-0.086,-0.381
07/06/2018,-0.539,-0.495,-0.608,-0.063,-0.047,-0.379
07/13/2018,-0.545,-0.507,-0.615,-0.065,-0.014,-0.377
07/20/2018,-0.553,-0.524,-0.624,-0.067,0.012,-0.376
07/27/2018,-0.562,-0.544,-0.636,-0.07,0.035,-0.374
08/03/2018,-0.571,-0.562,-0.649,-0.073,0.056,-0.373
08/10/2018,-0.58,-0.574,-0.662,-0.076,0.076,-0.371
08/17/2018,-0.587,-0.58,-0.674,-0.079,0.098,-0.37
08/24/2018,-0.593,-0.583,-0.683,-0.082,0.121,-0.369
08/31/2018,-0.597,-0.588,-0.69,-0.085,0.146,-0.367
09/07/2018,-0.599,-0.594,-0.695,-0.088,0.172,-0.366
09/14/2018,-0.599,-0.602,-0.696,-0.09,0.197,-0.364
09/21/2018,-0.597,-0.607,-0.693,-0.091,0.222,-0.363
09/28/2018,-0.592,-0.605,-0.687,-0.091,0.245,-0.362
10/05/2018,-0.586,-0.596,-0.678,-0.089,0.265,-0.36
10/12/2018,-0.576,-0.579,-0.666,-0.085,0.282,-0.359
10/19/2018,-0.565,-0.564,-0.652,-0.079,0.296,-0.358
10/26/2018,-0.551,-0.551,-0.636,-0.07,0.307,-0.358
11/02/2018,-0.536,-0.544,-0.62,-0.057,0.316,-0.357
11/09/2018,-0.521,-0.539,-0.603,-0.042,0.322,-0.357
11/16/2018,-0.501,-0.525,-0.586,-0.024,0.326,-0.358
11/23/2018,-0.481,-0.501,-0.57,-0.005,0.326,-0.359
11/30/2018,-0.461,-0.468,-0.555,0.014,0.322,-0.36
12/07/2018,-0.442,-0.434,-0.543,0.031,0.313,-0.362
12/14/2018,-0.429,-0.41,-0.535,0.044,0.297,-0.364
12/21/2018,-0.423,-0.402,-0.533,0.051,0.274,-0.367
12/28/2018,-0.426,-0.411,-0.536,0.052,0.243,-0.371
01/04/2019,-0.439,-0.434,-0.548,0.046,0.206,-0.375
01/11/2019,-0.458,-0.459,-0.564,0.035,0.165,-0.38
01/18/2019,-0.482,-0.483,-0.583,0.021,0.122,-0.386
01/25/2019,-0.506,-0.504,-0.604,0.005,0.078,-0.392
02/01/2019,-0.53,-0.525,-0.626,-0.01,0.037,-0.4
02/08/2019,-0.55,-0.548,-0.647,-0.024,-0.002,-0.407
02/15/2019,-0.567,-0.573,-0.666,-0.034,-0.036,-0.416
02/22/2019,-0.581,-0.597,-0.682,-0.042,-0.066,-0.425
03/01/2019,-0.59,-0.613,-0.695,-0.047,-0.091,-0.434
03/08/2019,-0.595,-0.619,-0.704,-0.05,-0.111,-0.445
03/15/2019,-0.599,-0.618,-0.71,-0.052,-0.128,-0.455
03/22/2019,-0.603,-0.616,-0.716,-0.053,-0.142,-0.466
03/29/2019,-0.605,-0.617,-0.719,-0.054,-0.152,-0.476
04/05/2019,-0.609,-0.625,-0.722,-0.055,-0.159,-0.487
04/12/2019,-0.613,-0.637,-0.724,-0.056,-0.162,-0.498
04/19/2019,-0.615,-0.648,-0.725,-0.056,-0.162,-0.508
04/26/2019,-0.614,-0.652,-0.724,-0.055,-0.159,-0.518
05/03/2019,-0.61,-0.649,-0.721,-0.053,-0.153,-0.527
05/10/2019,-0.604,-0.639,-0.715,-0.049,-0.145,-0.536
05/17/2019,-0.596,-0.628,-0.709,-0.045,-0.134,-0.544
05/24/2019,-0.588,-0.62,-0.702,-0.041,-0.122,-0.552
05/31/2019,-0.58,-0.614,-0.695,-0.037,-0.11,-0.559
06/07/2019,-0.575,-0.611,-0.69,-0.034,-0.097,-0.565
06/14/2019,-0.573,-0.607,-0.687,-0.033,-0.084,-0.571
06/21/2019,-0.573,-0.603,-0.687,-0.032,-0.071,-0.577
06/28/2019,-0.575,-0.6,-0.69,-0.031,-0.058,-0.582
07/05/2019,-0.579,-0.601,-0.695,-0.029,-0.045,-0.587
07/12/2019,-0.58,-0.602,-0.7,-0.025,-0.032,-0.592
07/19/2019,-0.58,-0.603,-0.702,-0.021,-0.018,-0.596
07/26/2019,-0.577,-0.599,-0.702,-0.014,-0.004,-0.601
08/02/2019,-0.569,-0.586,-0.697,-0.006,0.011,-0.606
08/09/2019,-0.558,-0.565,-0.69,0.003,0.025,-0.611
08/16/2019,-0.546,-0.543,-0.681,0.013,0.039,-0.616
08/23/2019,-0.536,-0.528,-0.671,0.021,0.051,-0.621
08/30/2019,-0.527,-0.522,-0.66,0.027,0.06,-0.626
09/06/2019,-0.52,-0.527,-0.651,0.029,0.067,-0.631
09/13/2019,-0.514,-0.535,-0.642,0.029,0.071,-0.637
09/20/2019,-0.511,-0.54,-0.635,0.025,0.072,-0.642
09/27/2019,-0.511,-0.537,-0.633,0.02,0.07,-0.647
10/04/2019,-0.514,-0.528,-0.635,0.012,0.066,-0.652
10/11/2019,-0.523,-0.521,-0.642,0.003,0.059,-0.656
10/18/2019,-0.535,-0.524,-0.654,-0.005,0.052,-0.66
10/25/2019,-0.549,-0.541,-0.667,-0.013,0.047,-0.663
11/01/2019,-0.561,-0.565,-0.678,-0.019,0.043,-0.666
11/08/2019,-0.57,-0.587,-0.686,-0.023,0.044,-0.667
11/15/2019,-0.575,-0.595,-0.69,-0.024,0.048,-0.668
11/22/2019,-0.575,-0.586,-0.689,-0.025,0.058,-0.667
11/29/2019,-0.57,-0.563,-0.683,-0.025,0.072,-0.665
12/06/2019,-0.561,-0.537,-0.674,-0.026,0.091,-0.661
12/13/2019,-0.553,-0.525,-0.667,-0.031,0.114,-0.656
12/20/2019,-0.549,-0.528,-0.664,-0.039,0.141,-0.65
12/27/2019,-0.554,-0.543,-0.669,-0.052,0.171,-0.643
01/03/2020,-0.567,-0.559,-0.683,-0.068,0.206,-0.635
01/10/2020,-0.587,-0.57,-0.702,-0.084,0.245,-0.626
01/17/2020,-0.609,-0.58,-0.719,-0.097,0.289,-0.617
01/24/2020,-0.622,-0.594,-0.725,-0.101,0.339,-0.609
01/31/2020,-0.62,-0.618,-0.713,-0.092,0.395,-0.601
02/07/2020,-0.594,-0.646,-0.675,-0.065,0.459,-0.594
02/14/2020,-0.534,-0.647,-0.606,-0.016,0.529,-0.588
02/21/2020,-0.435,-0.583,-0.503,0.057,0.604,-0.585
02/28/2020,-0.296,-0.433,-0.371,0.151,0.681,-0.584
03/06/2020,-0.136,-0.212,-0.225,0.259,0.756,-0.586
03/13/2020,0.03,0.046,-0.081,0.371,0.823,-0.592
03/20/2020,0.174,0.278,0.039,0.475,0.88,-0.602
03/27/2020,0.266,0.419,0.113,0.555,0.921,-0.617
04/03/2020,0.304,0.457,0.134,0.609,0.946,-0.637
04/10/2020,0.29,0.405,0.107,0.633,0.953,-0.663
04/17/2020,0.235,0.303,0.041,0.628,0.943,-0.695
04/24/2020,0.157,0.192,-0.05,0.601,0.916,-0.734
05/01/2020,0.06,0.084,-0.156,0.555,0.873,-0.78
05/08/2020,-0.039,-0.017,-0.26,0.495,0.817,-0.834
05/15/2020,-0.128,-0.115,-0.351,0.43,0.751,-0.894
05/22/2020,-0.207,-0.222,-0.423,0.363,0.677,-0.96
05/29/2020,-0.27,-0.327,-0.474,0.301,0.599,-1.033
06/05/2020,-0.316,-0.411,-0.506,0.246,0.523,-1.111
06/12/2020,-0.345,-0.458,-0.523,0.203,0.452,-1.193
06/19/2020,-0.368,-0.472,-0.534,0.169,0.389,-1.278
06/26/2020,-0.386,-0.468,-0.542,0.142,0.338,-1.364
07/03/2020,-0.403,-0.465,-0.552,0.121,0.3,-1.449
07/10/2020,-0.421,-0.478,-0.564,0.102,0.277,-1.532
07/17/2020,-0.44,-0.503,-0.577,0.084,0.267,-1.612
07/24/2020,-0.458,-0.532,-0.593,0.067,0.27,-1.686
07/31/2020,-0.476,-0.551,-0.607,0.049,0.284,-1.753
08/07/2020,-0.489,-0.553,-0.617,0.033,0.306,-1.813
08/14/2020,-0.499,-0.551,-0.625,0.018,0.334,-1.864
08/21/2020,-0.505,-0.557,-0.628,0.006,0.367,-1.907
08/28/2020,-0.508,-0.579,-0.627,-0.003,0.4,-1.94
09/04/2020,-0.506,-0.617,-0.623,-0.008,0.434,-1.965
09/11/2020,-0.501,-0.651,-0.618,-0.009,0.466,-1.982
09/18/2020,-0.498,-0.669,-0.613,-0.01,0.496,-1.991
09/25/2020,-0.492,-0.658,-0.608,-0.009,0.522,-1.993
10/02/2020,-0.489,-0.625,-0.605,-0.009,0.541,-1.989
10/09/2020,-0.49,-0.58,-0.603,-0.011,0.553,-1.98
10/16/2020,-0.492,-0.545,-0.604,-0.015,0.556,-1.967
10/23/2020,-0.498,-0.526,-0.608,-0.021,0.55,-1.951
10/30/2020,-0.507,-0.524,-0.615,-0.029,0.534,-1.933
11/06/2020,-0.52,-0.532,-0.626,-0.038,0.51,-1.915
11/13/2020,-0.537,-0.543,-0.64,-0.047,0.478,-1.896
11/20/2020,-0.553,-0.548,-0.655,-0.057,0.44,-1.878
11/27/2020,-0.567,-0.548,-0.668,-0.065,0.397,-1.861
12/04/2020,-0.58,-0.547,-0.679,-0.073,0.352,-1.846
12/11/2020,-0.59,-0.55,-0.689,-0.08,0.307,-1.832
12/18/2020,-0.598,-0.556,-0.695,-0.086,0.26,-1.82
12/25/2020,-0.604,-0.562,-0.699,-0.092,0.213,-1.81
01/01/2021,-0.609,-0.566,-0.701,-0.099,0.164,-1.801
01/08/2021,-0.614,-0.565,-0.701,-0.105,0.112,-1.794
01/15/2021,-0.616,-0.566,-0.698,-0.111,0.056,-1.789
01/22/2021,-0.618,-0.57,-0.695,-0.117,-0.005,-1.784
01/29/2021,-0.619,-0.58,-0.689,-0.122,-0.073,-1.78
02/05/2021,-0.621,-0.599,-0.683,-0.126,-0.148,-1.776
02/12/2021,-0.623,-0.617,-0.677,-0.13,-0.226,-1.772
02/19/2021,-0.625,-0.63,-0.67,-0.134,-0.307,-1.768
02/26/2021,-0.627,-0.634,-0.664,-0.137,-0.385,-1.763
03/05/2021,-0.631,-0.633,-0.661,-0.142,-0.458,-1.757
03/12/2021,-0.636,-0.628,-0.66,-0.146,-0.521,-1.75
03/19/2021,-0.642,-0.626,-0.661,-0.152,-0.573,-1.741
03/26/2021,-0.649,-0.629,-0.665,-0.159,-0.611,-1.731
04/02/2021,-0.655,-0.636,-0.671,-0.166,-0.636,-1.719
04/09/2021,-0.664,-0.643,-0.678,-0.173,-0.649,-1.706
04/16/2021,-0.67,-0.646,-0.686,-0.18,-0.653,-1.691
04/23/2021,-0.676,-0.643,-0.693,-0.185,-0.649,-1.675
04/30/2021,-0.682,-0.637,-0.7,-0.188,-0.64,-1.657
05/07/2021,-0.687,-0.632,-0.707,-0.19,-0.627,-1.638
05/14/2021,-0.689,-0.632,-0.714,-0.188,-0.609,-1.617
05/21/2021,-0.691,-0.639,-0.72,-0.186,-0.588,-1.596
05/28/2021,-0.693,-0.651,-0.727,-0.182,-0.561,-1.574
06/04/2021,-0.694,-0.663,-0.732,-0.178,-0.531,-1.551
06/11/2021,-0.694,-0.67,-0.735,-0.174,-0.494,-1.528
06/18/2021,-0.69,-0.673,-0.737,-0.17,-0.452,-1.505
06/25/2021,-0.686,-0.675,-0.736,-0.167,-0.406,-1.482
07/02/2021,-0.681,-0.676,-0.734,-0.163,-0.357,-1.459
07/09/2021,-0.674,-0.678,-0.732,-0.159,-0.308,-1.437
07/16/2021,-0.667,-0.679,-0.728,-0.154,-0.262,-1.416
07/23/2021,-0.661,-0.678,-0.725,-0.15,-0.222,-1.396
07/30/2021,-0.655,-0.673,-0.722,-0.146,-0.19,-1.378
08/06/2021,-0.651,-0.666,-0.72,-0.142,-0.168,-1.361
08/13/2021,-0.648,-0.662,-0.719,-0.139,-0.158,-1.345
08/20/2021,-0.646,-0.664,-0.719,-0.137,-0.159,-1.332
08/27/2021,-0.647,-0.675,-0.719,-0.137,-0.172,-1.32
09/03/2021,-0.648,-0.691,-0.719,-0.137,-0.195,-1.309
09/10/2021,-0.65,-0.704,-0.719,-0.139,-0.227,-1.301
09/17/2021,-0.652,-0.71,-0.717,-0.14,-0.265,-1.293
09/24/2021,-0.653,-0.706,-0.713,-0.141,-0.306,-1.286
10/01/2021,-0.654,-0.694,-0.706,-0.141,-0.347,-1.28
10/08/2021,-0.652,-0.68,-0.697,-0.141,-0.383,-1.275
10/15/2021,-0.646,-0.667,-0.683,-0.139,-0.411,-1.269
10/22/2021,-0.636,-0.656,-0.666,-0.136,-0.43,-1.264
10/29/2021,-0.622,-0.642,-0.645,-0.132,-0.438,-1.258
11/05/2021,-0.604,-0.618,-0.623,-0.126,-0.437,-1.251
11/12/2021,-0.585,-0.585,-0.6,-0.121,-0.428,-1.243
11/19/2021,-0.567,-0.548,-0.58,-0.115,-0.413,-1.234
11/26/2021,-0.551,-0.514,-0.565,-0.11,-0.397,-1.224
12/03/2021,-0.54,-0.493,-0.555,-0.106,-0.38,-1.213
12/10/2021,-0.538,-0.492,-0.555,-0.103,-0.368,-1.201
12/17/2021,-0.541,-0.505,-0.561,-0.101,-0.361,-1.187
12/24/2021,-0.548,-0.524,-0.57,-0.099,-0.361,-1.173
12/31/2021,-0.556,-0.539,-0.581,-0.096,-0.369,-1.157
01/07/2022,-0.562,-0.544,-0.59,-0.091,-0.384,-1.141
01/14/2022,-0.562,-0.54,-0.592,-0.084,-0.407,-1.124
01/21/2022,-0.555,-0.532,-0.586,-0.074,-0.435,-1.106
01/28/2022,-0.541,-0.523,-0.572,-0.061,-0.466,-1.088
02/04/2022,-0.522,-0.51,-0.551,-0.046,-0.5,-1.07
02/11/2022,-0.497,-0.483,-0.522,-0.029,-0.533,-1.052
02/18/2022,-0.468,-0.437,-0.489,-0.011,-0.562,-1.035
02/25/2022,-0.439,-0.378,-0.456,0.007,-0.586,-1.017
03/04/2022,-0.412,-0.315,-0.426,0.022,-0.604,-0.999
03/11/2022,-0.391,-0.269,-0.402,0.036,-0.612,-0.982
03/18/2022,-0.379,-0.253,-0.387,0.046,-0.611,-0.966
03/25/2022,-0.374,-0.266,-0.38,0.054,-0.598,-0.949
04/01/2022,-0.371,-0.291,-0.377,0.06,-0.573,-0.934
04/08/2022,-0.368,-0.307,-0.376,0.065,-0.536,-0.919
04/15/2022,-0.362,-0.296,-0.372,0.07,-0.488,-0.904
04/22/2022,-0.351,-0.259,-0.366,0.076,-0.43,-0.89
04/29/2022,-0.336,-0.209,-0.355,0.085,-0.365,-0.876
05/06/2022,-0.319,-0.165,-0.341,0.096,-0.295,-0.863
05/13/2022,-0.3,-0.139,-0.325,0.108,-0.223,-0.851
05/20/2022,-0.281,-0.13,-0.307,0.123,-0.151,-0.839
05/27/2022,-0.259,-0.122,-0.287,0.139,-0.084,-0.827
06/03/2022,-0.236,-0.102,-0.267,0.156,-0.022,-0.816
06/10/2022,-0.212,-0.065,-0.247,0.173,0.033,-0.806
06/17/2022,-0.188,-0.02,-0.23,0.188,0.078,-0.795
06/24/2022,-0.172,0.01,-0.22,0.198,0.112,-0.785
07/01/2022,-0.166,0.01,-0.219,0.204,0.135,-0.775
07/08/2022,-0.17,-0.025,-0.225,0.204,0.146,-0.766
07/15/2022,-0.183,-0.081,-0.237,0.198,0.147,-0.757
07/22/2022,-0.202,-0.139,-0.252,0.188,0.138,-0.748
07/29/2022,-0.22,-0.179,-0.265,0.177,0.122,-0.74
08/05/2022,-0.233,-0.195,-0.271,0.168,0.103,-0.732
08/12/2022,-0.24,-0.196,-0.272,0.162,0.081,-0.725
08/19/2022,-0.238,-0.189,-0.264,0.161,0.061,-0.718
08/26/2022,-0.225,-0.181,-0.247,0.166,0.042,-0.712
09/02/2022,-0.205,-0.172,-0.225,0.177,0.026,-0.706
09/09/2022,-0.179,-0.156,-0.198,0.191,0.012,-0.701
09/16/2022,-0.152,-0.125,-0.172,0.207,0.001,-0.697
09/23/2022,-0.126,-0.081,-0.149,0.223,-0.009,-0.693
09/30/2022,-0.107,-0.038,-0.133,0.236,-0.019,-0.69
10/07/2022,-0.1,-0.009,-0.126,0.244,-0.03,-0.689
10/14/2022,-0.101,-0.006,-0.127,0.247,-0.042,-0.687
10/21/2022,-0.111,-0.029,-0.135,0.244,-0.056,-0.687
10/28/2022,-0.126,-0.067,-0.146,0.236,-0.073,-0.688
11/04/2022,-0.144,-0.108,-0.159,0.226,-0.093,-0.69
11/11/2022,-0.16,-0.138,-0.172,0.214,-0.114,-0.692
11/18/2022,-0.173,-0.152,-0.183,0.204,-0.138,-0.696
11/25/2022,-0.181,-0.153,-0.192,0.197,-0.164,-0.7
12/02/2022,-0.186,-0.151,-0.2,0.192,-0.192,-0.705
12/09/2022,-0.189,-0.154,-0.21,0.189,-0.224,-0.711
12/16/2022,-0.196,-0.167,-0.223,0.187,-0.259,-0.718
12/23/2022,-0.206,-0.186,-0.24,0.184,-0.296,-0.725
12/30/2022,-0.224,-0.212,-0.262,0.18,-0.334,-0.732
01/06/2023,-0.246,-0.237,-0.287,0.172,-0.37,-0.74
01/13/2023,-0.27,-0.26,-0.312,0.164,-0.402,-0.747
01/20/2023,-0.291,-0.278,-0.331,0.155,-0.426,-0.755
01/27/2023,-0.308,-0.297,-0.344,0.147,-0.44,-0.762
02/03/2023,-0.315,-0.31,-0.347,0.142,-0.441,-0.768
02/10/2023,-0.311,-0.314,-0.339,0.141,-0.427,-0.774
02/17/2023,-0.296,-0.3,-0.32,0.144,-0.396,-0.78
02/24/2023,-0.271,-0.264,-0.293,0.153,-0.349,-0.785
03/03/2023,-0.24,-0.211,-0.263,0.165,-0.285,-0.789
03/10/2023,-0.208,-0.154,-0.233,0.179,-0.205,-0.793
03/17/2023,-0.176,-0.106,-0.208,0.194,-0.11,-0.796
03/24/2023,-0.158,-0.088,-0.195,0.206,-0.006,-0.799
03/31/2023,-0.154,-0.102,-0.196,0.213,0.109,-0.802
04/07/2023,-0.157,-0.136,-0.206,0.217,0.23,-0.805
04/14/2023,-0.168,-0.178,-0.225,0.217,0.357,-0.807
04/21/2023,-0.181,-0.215,-0.248,0.213,0.487,-0.81
04/28/2023,-0.192,-0.236,-0.271,0.208,0.617,-0.812
05/05/2023,-0.201,-0.247,-0.291,0.202,0.742,-0.815
05/12/2023,-0.208,-0.25,-0.307,0.194,0.856,-0.818
05/19/2023,-0.212,-0.253,-0.318,0.186,0.956,-0.821
05/26/2023,-0.215,-0.255,-0.324,0.178,1.037,-0.824
06/02/2023,-0.216,-0.257,-0.327,0.17,1.095,-0.828
06/09/2023,-0.217,-0.252,-0.328,0.164,1.128,-0.832
06/16/2023,-0.219,-0.246,-0.328,0.159,1.132,-0.836
06/23/2023,-0.223,-0.241,-0.33,0.155,1.108,-0.841
06/30/2023,-0.229,-0.241,-0.333,0.151,1.057,-0.845
07/07/2023,-0.238,-0.249,-0.339,0.147,0.982,-0.849
07/14/2023,-0.251,-0.265,-0.348,0.143,0.886,-0.854
07/21/2023,-0.265,-0.283,-0.36,0.139,0.775,-0.858
07/28/2023,-0.281,-0.296,-0.373,0.136,0.657,-0.861
08/04/2023,-0.298,-0.303,-0.387,0.132,0.537,-0.864
08/11/2023,-0.314,-0.303,-0.4,0.129,0.423,-0.867
08/18/2023,-0.326,-0.299,-0.411,0.126,0.321,-0.869
08/25/2023,-0.335,-0.295,-0.417,0.125,0.235,-0.87
09/01/2023,-0.34,-0.292,-0.421,0.123,0.167,-0.871
09/08/2023,-0.34,-0.288,-0.418,0.124,0.117,-0.871
09/15/2023,-0.335,-0.284,-0.411,0.125,0.084,-0.87
09/22/2023,-0.326,-0.277,-0.4,0.127,0.067,-0.869
09/29/2023,-0.314,-0.264,-0.386,0.129,0.061,-0.867
10/06/2023,-0.303,-0.254,-0.372,0.13,0.063,-0.865
10/13/2023,-0.294,-0.246,-0.36,0.13,0.071,-0.862
10/20/2023,-0.288,-0.246,-0.351,0.129,0.08,-0.859
10/27/2023,-0.287,-0.256,-0.347,0.126,0.088,-0.856
11/03/2023,-0.292,-0.275,-0.348,0.12,0.095,-0.853
11/10/2023,-0.3,-0.297,-0.354,0.113,0.098,-0.85
11/17/2023,-0.311,-0.318,-0.362,0.105,0.097,-0.847
11/24/2023,-0.322,-0.334,-0.372,0.096,0.092,-0.844
12/01/2023,-0.332,-0.344,-0.381,0.088,0.083,-0.842
12/08/2023,-0.341,-0.352,-0.389,0.079,0.069,-0.839
12/15/2023,-0.35,-0.36,-0.396,0.071,0.052,-0.837
12/22/2023,-0.359,-0.37,-0.403,0.063,0.033,-0.835
12/29/2023,-0.367,-0.383,-0.408,0.055,0.012,-0.833
01/05/2024,-0.376,-0.398,-0.414,0.048,-0.01,-0.831
01/12/2024,-0.384,-0.41,-0.419,0.041,-0.03,-0.83
01/19/2024,-0.391,-0.418,-0.425,0.034,-0.048,-0.829
01/26/2024,-0.397,-0.422,-0.43,0.028,-0.065,-0.828
02/02/2024,-0.404,-0.425,-0.437,0.022,-0.078,-0.827
02/09/2024,-0.411,-0.428,-0.445,0.016,-0.09,-0.827
02/16/2024,-0.419,-0.436,-0.453,0.011,-0.101,-0.827
02/23/2024,-0.427,-0.447,-0.462,0.007,-0.111,-0.827
03/01/2024,-0.433,-0.461,-0.469,0.003,-0.121,-0.827
03/08/2024,-0.437,-0.474,-0.472,0,-0.131,-0.827
03/15/2024,-0.438,-0.483,-0.472,-0.002,-0.143,-0.828
03/22/2024,-0.437,-0.486,-0.468,-0.003,-0.156,-0.828
03/29/2024,-0.432,-0.482,-0.46,-0.004,-0.169,-0.828
04/05/2024,-0.426,-0.473,-0.45,-0.004,-0.184,-0.829
04/12/2024,-0.421,-0.462,-0.439,-0.005,-0.197,-0.829
04/19/2024,-0.415,-0.454,-0.428,-0.007,-0.208,-0.829
04/26/2024,-0.413,-0.453,-0.419,-0.009,-0.216,-0.829
05/03/2024,-0.413,-0.457,-0.413,-0.012,-0.218,-0.829
05/10/2024,-0.413,-0.463,-0.408,-0.015,-0.215,-0.829
05/17/2024,-0.414,-0.465,-0.405,-0.017,-0.205,-0.828
05/24/2024,-0.413,-0.461,-0.403,-0.018,-0.19,-0.828
05/31/2024,-0.409,-0.449,-0.399,-0.018,-0.169,-0.828
06/07/2024,-0.403,-0.432,-0.395,-0.017,-0.146,-0.828
06/14/2024,-0.396,-0.416,-0.389,-0.015,-0.122,-0.827
06/21/2024,-0.388,-0.404,-0.383,-0.012,-0.101,-0.827
06/28/2024,-0.381,-0.397,-0.376,-0.009,-0.087,-0.828
07/05/2024,-0.375,-0.392,-0.369,-0.006,-0.079,-0.828
07/12/2024,-0.37,-0.387,-0.362,-0.003,-0.08,-0.829
07/19/2024,-0.365,-0.38,-0.355,0,-0.09,-0.83
07/26/2024,-0.361,-0.374,-0.35,0.002,-0.107,-0.831
08/02/2024,-0.36,-0.371,-0.348,0.003,-0.131,-0.833
08/09/2024,-0.361,-0.375,-0.349,0.003,-0.16,-0.835
08/16/2024,-0.37,-0.389,-0.357,0.002,-0.193,-0.837
08/23/2024,-0.38,-0.408,-0.366,-0.002,-0.227,-0.84
08/30/2024,-0.392,-0.429,-0.377,-0.006,-0.26,-0.842
09/06/2024,-0.403,-0.449,-0.388,-0.012,-0.29,-0.845
09/13/2024,-0.413,-0.464,-0.396,-0.019,-0.315,-0.847
09/20/2024,-0.421,-0.475,-0.402,-0.026,-0.334,-0.85
09/27/2024,-0.428,-0.484,-0.406,-0.034,-0.346,-0.851
10/04/2024,-0.432,-0.493,-0.408,-0.042,-0.35,-0.853
10/11/2024,-0.436,-0.501,-0.41,-0.05,-0.346,-0.853
10/18/2024,-0.44,-0.51,-0.413,-0.058,-0.336,-0.853
10/25/2024,-0.445,-0.519,-0.417,-0.065,-0.32,-0.852
11/01/2024,-0.451,-0.528,-0.425,-0.071,-0.299,-0.849
11/08/2024,-0.459,-0.538,-0.435,-0.076,-0.277,-0.846
11/15/2024,-0.467,-0.545,-0.445,-0.079,-0.257,-0.841
11/22/2024,-0.472,-0.548,-0.455,-0.081,-0.24,-0.834
11/29/2024,-0.475,-0.546,-0.463,-0.081,-0.229,-0.827
12/06/2024,-0.477,-0.539,-0.471,-0.079,-0.226,-0.818
12/13/2024,-0.479,-0.531,-0.477,-0.077,-0.232,-0.808
12/20/2024,-0.48,-0.525,-0.483,-0.074,-0.247,-0.798
12/27/2024,-0.484,-0.525,-0.489,-0.073,-0.27,-0.787
01/03/2025,-0.489,-0.528,-0.495,-0.071,-0.3,-0.775
01/10/2025,-0.495,-0.534,-0.5,-0.071,-0.334,-0.763
01/17/2025,-0.5,-0.537,-0.504,-0.07,-0.37,-0.752
01/24/2025,-0.505,-0.535,-0.508,-0.07,-0.404,-0.74
01/31/2025,-0.508,-0.526,-0.509,-0.068,-0.434,-0.729
02/07/2025,-0.507,-0.509,-0.507,-0.064,-0.458,-0.719
02/14/2025,-0.502,-0.49,-0.502,-0.058,-0.475,-0.709
02/21/2025,-0.493,-0.473,-0.494,-0.05,-0.484,-0.7
02/28/2025,-0.48,-0.46,-0.481,-0.039,-0.487,-0.692
03/07/2025,-0.463,-0.451,-0.466,-0.027,-0.482,-0.685
03/14/2025,-0.444,-0.443,-0.449,-0.014,-0.474,-0.678
03/21/2025,-0.426,-0.433,-0.432,-0.002,-0.463,-0.672
03/28/2025,-0.41,-0.42,-0.416,0.007,-0.451,-0.667
04/04/2025,-0.395,-0.405,-0.401,0.014,-0.441,-0.663
04/11/2025,-0.384,-0.394,-0.391,0.018,-0.433,-0.659
04/18/2025,-0.384,-0.395,-0.39,0.017,-0.431,-0.655
04/25/2025,-0.391,-0.407,-0.396,0.013,-0.433,-0.652
05/02/2025,-0.405,-0.429,-0.408,0.007,-0.441,-0.648
05/09/2025,-0.422,-0.455,-0.423,-0.002,-0.453,-0.645
05/16/2025,-0.44,-0.478,-0.44,-0.012,-0.468,-0.642
05/23/2025,-0.454,-0.491,-0.456,-0.02,-0.485,-0.639
05/30/2025,-0.466,-0.496,-0.47,-0.027,-0.502,-0.636
06/06/2025,-0.476,-0.499,-0.482,-0.033,-0.519,-0.632
06/13/2025,-0.483,-0.502,-0.493,-0.037,-0.534,-0.629
06/20/2025,-0.489,-0.508,-0.502,-0.04,-0.547,-0.625
06/27/2025,-0.496,-0.518,-0.511,-0.043,-0.556,-0.621
07/04/2025,-0.502,-0.528,-0.519,-0.045,-0.56,-0.616
07/11/2025,-0.509,-0.536,-0.527,-0.047,-0.56,-0.611
07/18/2025,-0.514,-0.541,-0.534,-0.049,-0.555,-0.607
07/25/2025,-0.518,-0.545,-0.54,-0.051,-0.545,-0.601
08/01/2025,-0.521,-0.548,-0.546,-0.052,-0.531,-0.596
08/08/2025,-0.522,-0.553,-0.55,-0.053,-0.514,-0.591
08/15/2025,-0.525,-0.557,-0.555,-0.054,-0.495,-0.585
08/22/2025,-0.526,-0.558,-0.559,-0.053,-0.474,-0.579
08/29/2025,-0.527,-0.558,-0.563,-0.052,-0.451,-0.573
09/05/2025,-0.527,-0.556,-0.566,-0.05,-0.427,-0.567
09/12/2025,-0.527,-0.556,-0.569,-0.048,-0.4,-0.562
09/19/2025,-0.526,-0.558,-0.57,-0.046,-0.37,-0.556
09/26/2025,-0.525,-0.563,-0.572,-0.044,-0.339,-0.55
10/03/2025,-0.524,-0.568,-0.574,-0.042,-0.306,-0.544
10/10/2025,-0.522,-0.57,-0.575,-0.04,-0.272,-0.538
10/17/2025,-0.519,-0.567,-0.574,-0.037,-0.239,-0.533
10/24/2025,-0.516,-0.562,-0.575,-0.034,-0.207,-0.527
10/31/2025,-0.512,-0.556,-0.575,-0.03,-0.179,-0.522
11/07/2025,-0.509,-0.551,-0.576,-0.026,-0.156,-0.517
11/14/2025,-0.507,-0.547,-0.579,-0.021,-0.138,-0.512
11/21/2025,-0.506,-0.542,-0.583,-0.016,-0.125,-0.508
11/28/2025,-0.508,-0.537,-0.589,-0.013,-0.118,-0.503
12/05/2025,-0.511,-0.53,-0.597,-0.011,-0.116,-0.499
12/12/2025,-0.516,-0.526,-0.605,-0.012,-0.117,-0.494
12/19/2025,-0.524,-0.527,-0.616,-0.015,-0.119,-0.49
12/26/2025,-0.536,-0.536,-0.629,-0.021,-0.123,-0.486
01/02/2026,-0.547,-0.546,-0.64,-0.028,-0.125,-0.482
01/09/2026,-0.558,-0.555,-0.649,-0.035,-0.127,-0.479
01/16/2026,-0.565,-0.56,-0.654,-0.041,-0.126,-0.475
01/23/2026,-0.567,-0.559,-0.653,-0.044,-0.125,-0.471
01/30/2026,-0.563,-0.55,-0.647,-0.044,-0.122,-0.468
02/06/2026,-0.555,-0.538,-0.636,-0.041,-0.118,-0.464
02/13/2026,-0.542,-0.522,-0.621,-0.035,-0.111,-0.46
02/20/2026,-0.525,-0.502,-0.602,-0.027,-0.104,-0.457
02/27/2026,-0.506,-0.479,-0.581,-0.018,-0.093,-0.453
03/06/2026,-0.487,-0.452,-0.559,-0.009,-0.079,-0.449
03/13/2026,-0.471,-0.429,-0.541,-0.002,-0.06,-0.445
03/20/2026,-0.461,-0.415,-0.529,0.002,-0.036,-0.442
03/27/2026,-0.457,-0.411,-0.524,0.003,-0.004,-0.438
04/03/2026,-0.462,-0.421,-0.527,0.001,0.034,-0.434
04/10/2026,-0.471,-0.439,-0.538,-0.003,0.08,-0.43
04/17/2026,-0.482,-0.456,-0.553,-0.007,0.132,-0.426
04/24/2026,-0.492,-0.467,-0.567,-0.012,0.187,-0.423
05/01/2026,-0.499,-0.469,-0.58,-0.017,0.243,-0.419
05/08/2026,-0.502,-0.466,-0.589,-0.02,0.296,-0.415
05/15/2026,-0.502,-0.46,-0.594,-0.022,0.343,-0.411
05/22/2026,-0.499,-0.457,-0.596,-0.023,0.381,-0.408
05/29/2026,-0.497,-0.458,-0.595,-0.023,0.41,-0.404
06/05/2026,-0.495,-0.465,-0.593,-0.024,0.427,-0.4
06/12/2026,-0.495,-0.472,-0.591,-0.025,0.434,-0.397
06/19/2026,-0.499,-0.481,-0.591,-0.027,0.431,-0.393
06/26/2026,-0.505,-0.492,-0.592,-0.03,0.421,-0.39
07/03/2026,-0.515,-0.506,-0.594,-0.034,0.404,-0.386