date,aggregated_funding_rate_avg_pct,aggregated_predicted_funding_rate_avg_pct,futures_oi_7day_change_pct,liquidation_dominance_pct,funding_contract_count,predicted_funding_contract_count
2014-02-11,,,,0,,
2014-02-12,,,,0,,
2014-02-13,,,,0,,
2014-02-14,,,,0,,
2014-02-15,,,,0,,
2014-02-16,,,,0,,
2014-02-17,,,,0,,
2014-02-18,,,,0,,
2014-02-19,,,,0,,
2014-02-20,,,,0,,
2014-02-21,,,,0,,
2014-02-22,,,,0,,
2014-02-23,,,,0,,
2014-02-24,,,,0,,
2014-02-25,,,,0,,
2014-02-26,,,,0,,
2014-02-27,,,,0,,
2014-02-28,,,,0,,
2014-03-01,,,,0,,
2014-03-02,,,,0,,
2014-03-03,,,,0,,
2014-03-04,,,,0,,
2014-03-05,,,,0,,
2014-03-06,,,,0,,
2014-03-07,,,,0,,
2014-03-08,,,,0,,
2014-03-09,,,,0,,
2014-03-10,,,,0,,
2014-03-11,,,,0,,
2014-03-12,,,,0,,
2014-03-13,,,,0,,
2014-03-14,,,,0,,
2014-03-15,,,,0,,
2014-03-16,,,,0,,
2014-03-17,,,,0,,
2014-03-18,,,,0,,
2014-03-19,,,,0,,
2014-03-20,,,,0,,
2014-03-21,,,,0,,
2014-03-22,,,,0,,
2014-03-23,,,,0,,
2014-03-24,,,,0,,
2014-03-25,,,,0,,
2014-03-26,,,,0,,
2014-03-27,,,,0,,
2014-03-28,,,,0,,
2014-03-29,,,,0,,
2014-03-30,,,,0,,
2014-03-31,,,,0,,
2014-04-01,,,,0,,
2014-04-02,,,,0,,
2014-04-03,,,,0,,
2014-04-04,,,,0,,
2014-04-05,,,,0,,
2014-04-06,,,,0,,
2014-04-07,,,,0,,
2014-04-08,,,,0,,
2014-04-09,,,,0,,
2014-04-10,,,,0,,
2014-04-11,,,,0,,
2014-04-12,,,,0,,
2014-04-13,,,,0,,
2014-04-14,,,,0,,
2014-04-15,,,,0,,
2014-04-16,,,,0,,
2014-04-17,,,,0,,
2014-04-18,,,,0,,
2014-04-19,,,,0,,
2014-04-20,,,,0,,
2014-04-21,,,,0,,
2014-04-22,,,,0,,
2014-04-23,,,,0,,
2014-04-24,,,,0,,
2014-04-25,,,,0,,
2014-04-26,,,,0,,
2014-04-27,,,,0,,
2014-04-28,,,,0,,
2014-04-29,,,,0,,
2014-04-30,,,,0,,
2014-05-01,,,,0,,
2014-05-02,,,,0,,
2014-05-03,,,,0,,
2014-05-04,,,,0,,
2014-05-05,,,,0,,
2014-05-06,,,,0,,
2014-05-07,,,,0,,
2014-05-08,,,,0,,
2014-05-09,,,,0,,
2014-05-10,,,,0,,
2014-05-11,,,,0,,
2014-05-12,,,,0,,
2014-05-13,,,,0,,
2014-05-14,,,,0,,
2014-05-15,,,,0,,
2014-05-16,,,,0,,
2014-05-17,,,,0,,
2014-05-18,,,,0,,
2014-05-19,,,,0,,
2014-05-20,,,,0,,
2014-05-21,,,,0,,
2014-05-22,,,,0,,
2014-05-23,,,,0,,
2014-05-24,,,,0,,
2014-05-25,,,,0,,
2014-05-26,,,,0,,
2014-05-27,,,,0,,
2014-05-28,,,,0,,
2014-05-29,,,,0,,
2014-05-30,,,,0,,
2014-05-31,,,,0,,
2014-06-01,,,,0,,
2014-06-02,,,,0,,
2014-06-03,,,,0,,
2014-06-04,,,,0,,
2014-06-05,,,,0,,
2014-06-06,,,,0,,
2014-06-07,,,,0,,
2014-06-08,,,,0,,
2014-06-09,,,,0,,
2014-06-10,,,,0,,
2014-06-11,,,,0,,
2014-06-12,,,,0,,
2014-06-13,,,,0,,
2014-06-14,,,,0,,
2014-06-15,,,,0,,
2014-06-16,,,,0,,
2014-06-17,,,,0,,
2014-06-18,,,,0,,
2014-06-19,,,,0,,
2014-06-20,,,,0,,
2014-06-21,,,,0,,
2014-06-22,,,,0,,
2014-06-23,,,,0,,
2014-06-24,,,,0,,
2014-06-25,,,,0,,
2014-06-26,,,,0,,
2014-06-27,,,,0,,
2014-06-28,,,,0,,
2014-06-29,,,,0,,
2014-06-30,,,,0,,
2014-07-01,,,,0,,
2014-07-02,,,,0,,
2014-07-03,,,,0,,
2014-07-04,,,,0,,
2014-07-05,,,,0,,
2014-07-06,,,,0,,
2014-07-07,,,,0,,
2014-07-08,,,,0,,
2014-07-09,,,,0,,
2014-07-10,,,,0,,
2014-07-11,,,,0,,
2014-07-12,,,,0,,
2014-07-13,,,,0,,
2014-07-14,,,,0,,
2014-07-15,,,,0,,
2014-07-16,,,,0,,
2014-07-17,,,,0,,
2014-07-18,,,,0,,
2014-07-19,,,,0,,
2014-07-20,,,,0,,
2014-07-21,,,,0,,
2014-07-22,,,,0,,
2014-07-23,,,,0,,
2014-07-24,,,,0,,
2014-07-25,,,,0,,
2014-07-26,,,,0,,
2014-07-27,,,,0,,
2014-07-28,,,,0,,
2014-07-29,,,,0,,
2014-07-30,,,,0,,
2014-07-31,,,,0,,
2014-08-01,,,,0,,
2014-08-02,,,,0,,
2014-08-03,,,,0,,
2014-08-04,,,,0,,
2014-08-05,,,,0,,
2014-08-06,,,,0,,
2014-08-07,,,,0,,
2014-08-08,,,,0,,
2014-08-09,,,,0,,
2014-08-10,,,,0,,
2014-08-11,,,,0,,
2014-08-12,,,,0,,
2014-08-13,,,,0,,
2014-08-14,,,,0,,
2014-08-15,,,,0,,
2014-08-16,,,,0,,
2014-08-17,,,,0,,
2014-08-18,,,,0,,
2014-08-19,,,,0,,
2014-08-20,,,,0,,
2014-08-21,,,,0,,
2014-08-22,,,,0,,
2014-08-23,,,,0,,
2014-08-24,,,,0,,
2014-08-25,,,,0,,
2014-08-26,,,,0,,
2014-08-27,,,,0,,
2014-08-28,,,,0,,
2014-08-29,,,,0,,
2014-08-30,,,,0,,
2014-08-31,,,,0,,
2014-09-01,,,,0,,
2014-09-02,,,,0,,
2014-09-03,,,,0,,
2014-09-04,,,,0,,
2014-09-05,,,,0,,
2014-09-06,,,,0,,
2014-09-07,,,,0,,
2014-09-08,,,,0,,
2014-09-09,,,,0,,
2014-09-10,,,,0,,
2014-09-11,,,,0,,
2014-09-12,,,,0,,
2014-09-13,,,,0,,
2014-09-14,,,,0,,
2014-09-15,,,,0,,
2014-09-16,,,,0,,
2014-09-17,,,,0,,
2014-09-18,,,,0,,
2014-09-19,,,,0,,
2014-09-20,,,,0,,
2014-09-21,,,,0,,
2014-09-22,,,,0,,
2014-09-23,,,,0,,
2014-09-24,,,,0,,
2014-09-25,,,,0,,
2014-09-26,,,,0,,
2014-09-27,,,,0,,
2014-09-28,,,,0,,
2014-09-29,,,,0,,
2014-09-30,,,,0,,
2014-10-01,,,,0,,
2014-10-02,,,,0,,
2014-10-03,,,,0,,
2014-10-04,,,,0,,
2014-10-05,,,,0,,
2014-10-06,,,,0,,
2014-10-07,,,,0,,
2014-10-08,,,,0,,
2014-10-09,,,,0,,
2014-10-10,,,,0,,
2014-10-11,,,,0,,
2014-10-12,,,,0,,
2014-10-13,,,,0,,
2014-10-14,,,,0,,
2014-10-15,,,,0,,
2014-10-16,,,,0,,
2014-10-17,,,,0,,
2014-10-18,,,,0,,
2014-10-19,,,,0,,
2014-10-20,,,,0,,
2014-10-21,,,,0,,
2014-10-22,,,,0,,
2014-10-23,,,,0,,
2014-10-24,,,,0,,
2014-10-25,,,,0,,
2014-10-26,,,,0,,
2014-10-27,,,,0,,
2014-10-28,,,,0,,
2014-10-29,,,,0,,
2014-10-30,,,,0,,
2014-10-31,,,,0,,
2014-11-01,,,,0,,
2014-11-02,,,,0,,
2014-11-03,,,,0,,
2014-11-04,,,,0,,
2014-11-05,,,,0,,
2014-11-06,,,,0,,
2014-11-07,,,,0,,
2014-11-08,,,,0,,
2014-11-09,,,,0,,
2014-11-10,,,,0,,
2014-11-11,,,,0,,
2014-11-12,,,,0,,
2014-11-13,,,,0,,
2014-11-14,,,,0,,
2014-11-15,,,,0,,
2014-11-16,,,,0,,
2014-11-17,,,,0,,
2014-11-18,,,,0,,
2014-11-19,,,,0,,
2014-11-20,,,,0,,
2014-11-21,,,,0,,
2014-11-22,,,,0,,
2014-11-23,,,,0,,
2014-11-24,,,,0,,
2014-11-25,,,,0,,
2014-11-26,,,,0,,
2014-11-27,,,,0,,
2014-11-28,,,,0,,
2014-11-29,,,,0,,
2014-11-30,,,,0,,
2014-12-01,,,,0,,
2014-12-02,,,,0,,
2014-12-03,,,,0,,
2014-12-04,,,,0,,
2014-12-05,,,,0,,
2014-12-06,,,,0,,
2014-12-07,,,,0,,
2014-12-08,,,,0,,
2014-12-09,,,,0,,
2014-12-10,,,,0,,
2014-12-11,,,,0,,
2014-12-12,,,,0,,
2014-12-13,,,,0,,
2014-12-14,,,,0,,
2014-12-15,,,,0,,
2014-12-16,,,,0,,
2014-12-17,,,,0,,
2014-12-18,,,,0,,
2014-12-19,,,,0,,
2014-12-20,,,,0,,
2014-12-21,,,,0,,
2014-12-22,,,,0,,
2014-12-23,,,,0,,
2014-12-24,,,,0,,
2014-12-25,,,,0,,
2014-12-26,,,,0,,
2014-12-27,,,,0,,
2014-12-28,,,,0,,
2014-12-29,,,,0,,
2014-12-30,,,,0,,
2014-12-31,,,,0,,
2015-01-01,,,,0,,
2015-01-02,,,,0,,
2015-01-03,,,,0,,
2015-01-04,,,,0,,
2015-01-05,,,,0,,
2015-01-06,,,,0,,
2015-01-07,,,,0,,
2015-01-08,,,,0,,
2015-01-09,,,,0,,
2015-01-10,,,,0,,
2015-01-11,,,,0,,
2015-01-12,,,,0,,
2015-01-13,,,,0,,
2015-01-14,,,,0,,
2015-01-15,,,,0,,
2015-01-16,,,,0,,
2015-01-17,,,,0,,
2015-01-18,,,,0,,
2015-01-19,,,,0,,
2015-01-20,,,,0,,
2015-01-21,,,,0,,
2015-01-22,,,,0,,
2015-01-23,,,,0,,
2015-01-24,,,,0,,
2015-01-25,,,,0,,
2015-01-26,,,,0,,
2015-01-27,,,,0,,
2015-01-28,,,,0,,
2015-01-29,,,,0,,
2015-01-30,,,,0,,
2015-01-31,,,,0,,
2015-02-01,,,,0,,
2015-02-02,,,,0,,
2015-02-03,,,,0,,
2015-02-04,,,,0,,
2015-02-05,,,,0,,
2015-02-06,,,,0,,
2015-02-07,,,,0,,
2015-02-08,,,,0,,
2015-02-09,,,,0,,
2015-02-10,,,,0,,
2015-02-11,,,,0,,
2015-02-12,,,,0,,
2015-02-13,,,,0,,
2015-02-14,,,,0,,
2015-02-15,,,,0,,
2015-02-16,,,,0,,
2015-02-17,,,,0,,
2015-02-18,,,,0,,
2015-02-19,,,,0,,
2015-02-20,,,,0,,
2015-02-21,,,,0,,
2015-02-22,,,,0,,
2015-02-23,,,,0,,
2015-02-24,,,,0,,
2015-02-25,,,,0,,
2015-02-26,,,,0,,
2015-02-27,,,,0,,
2015-02-28,,,,0,,
2015-03-01,,,,0,,
2015-03-02,,,,0,,
2015-03-03,,,,0,,
2015-03-04,,,,0,,
2015-03-05,,,,0,,
2015-03-06,,,,0,,
2015-03-07,,,,0,,
2015-03-08,,,,0,,
2015-03-09,,,,0,,
2015-03-10,,,,0,,
2015-03-11,,,,0,,
2015-03-12,,,,0,,
2015-03-13,,,,0,,
2015-03-14,,,,0,,
2015-03-15,,,,0,,
2015-03-16,,,,0,,
2015-03-17,,,,0,,
2015-03-18,,,,0,,
2015-03-19,,,,0,,
2015-03-20,,,,0,,
2015-03-21,,,,0,,
2015-03-22,,,,0,,
2015-03-23,,,,0,,
2015-03-24,,,,0,,
2015-03-25,,,,0,,
2015-03-26,,,,0,,
2015-03-27,,,,0,,
2015-03-28,,,,0,,
2015-03-29,,,,0,,
2015-03-30,,,,0,,
2015-03-31,,,,0,,
2015-04-01,,,,0,,
2015-04-02,,,,0,,
2015-04-03,,,,0,,
2015-04-04,,,,0,,
2015-04-05,,,,0,,
2015-04-06,,,,0,,
2015-04-07,,,,0,,
2015-04-08,,,,0,,
2015-04-09,,,,0,,
2015-04-10,,,,0,,
2015-04-11,,,,0,,
2015-04-12,,,,0,,
2015-04-13,,,,0,,
2015-04-14,,,,0,,
2015-04-15,,,,0,,
2015-04-16,,,,0,,
2015-04-17,,,,0,,
2015-04-18,,,,0,,
2015-04-19,,,,0,,
2015-04-20,,,,0,,
2015-04-21,,,,0,,
2015-04-22,,,,0,,
2015-04-23,,,,0,,
2015-04-24,,,,0,,
2015-04-25,,,,0,,
2015-04-26,,,,0,,
2015-04-27,,,,0,,
2015-04-28,,,,0,,
2015-04-29,,,,0,,
2015-04-30,,,,0,,
2015-05-01,,,,0,,
2015-05-02,,,,0,,
2015-05-03,,,,0,,
2015-05-04,,,,0,,
2015-05-05,,,,0,,
2015-05-06,,,,0,,
2015-05-07,,,,0,,
2015-05-08,,,,0,,
2015-05-09,,,,0,,
2015-05-10,,,,0,,
2015-05-11,,,,0,,
2015-05-12,,,,0,,
2015-05-13,,,,0,,
2015-05-14,,,,0,,
2015-05-15,,,,0,,
2015-05-16,,,,0,,
2015-05-17,,,,0,,
2015-05-18,,,,0,,
2015-05-19,,,,0,,
2015-05-20,,,,0,,
2015-05-21,,,,0,,
2015-05-22,,,,0,,
2015-05-23,,,,0,,
2015-05-24,,,,0,,
2015-05-25,,,,0,,
2015-05-26,,,,0,,
2015-05-27,,,,0,,
2015-05-28,,,,0,,
2015-05-29,,,,0,,
2015-05-30,,,,0,,
2015-05-31,,,,0,,
2015-06-01,,,,0,,
2015-06-02,,,,0,,
2015-06-03,,,,0,,
2015-06-04,,,,0,,
2015-06-05,,,,0,,
2015-06-06,,,,0,,
2015-06-07,,,,0,,
2015-06-08,,,,0,,
2015-06-09,,,,0,,
2015-06-10,,,,0,,
2015-06-11,,,,0,,
2015-06-12,,,,0,,
2015-06-13,,,,0,,
2015-06-14,,,,0,,
2015-06-15,,,,0,,
2015-06-16,,,,0,,
2015-06-17,,,,0,,
2015-06-18,,,,0,,
2015-06-19,,,,0,,
2015-06-20,,,,0,,
2015-06-21,,,,0,,
2015-06-22,,,,0,,
2015-06-23,,,,0,,
2015-06-24,,,,0,,
2015-06-25,,,,0,,
2015-06-26,,,,0,,
2015-06-27,,,,0,,
2015-06-28,,,,0,,
2015-06-29,,,,0,,
2015-06-30,,,,0,,
2015-07-01,,,,0,,
2015-07-02,,,,0,,
2015-07-03,,,,0,,
2015-07-04,,,,0,,
2015-07-05,,,,0,,
2015-07-06,,,,0,,
2015-07-07,,,,0,,
2015-07-08,,,,0,,
2015-07-09,,,,0,,
2015-07-10,,,,0,,
2015-07-11,,,,0,,
2015-07-12,,,,0,,
2015-07-13,,,,0,,
2015-07-14,,,,0,,
2015-07-15,,,,0,,
2015-07-16,,,,0,,
2015-07-17,,,,0,,
2015-07-18,,,,0,,
2015-07-19,,,,0,,
2015-07-20,,,,0,,
2015-07-21,,,,0,,
2015-07-22,,,,0,,
2015-07-23,,,,0,,
2015-07-24,,,,0,,
2015-07-25,,,,0,,
2015-07-26,,,,0,,
2015-07-27,,,,0,,
2015-07-28,,,,0,,
2015-07-29,,,,0,,
2015-07-30,,,,0,,
2015-07-31,,,,0,,
2015-08-01,,,,0,,
2015-08-02,,,,0,,
2015-08-03,,,,0,,
2015-08-04,,,,0,,
2015-08-05,,,,0,,
2015-08-06,,,,0,,
2015-08-07,,,,0,,
2015-08-08,,,,0,,
2015-08-09,,,,0,,
2015-08-10,,,,0,,
2015-08-11,,,,0,,
2015-08-12,,,,0,,
2015-08-13,,,,0,,
2015-08-14,,,,0,,
2015-08-15,,,,0,,
2015-08-16,,,,0,,
2015-08-17,,,,0,,
2015-08-18,,,,0,,
2015-08-19,,,,0,,
2015-08-20,,,,0,,
2015-08-21,,,,0,,
2015-08-22,,,,0,,
2015-08-23,,,,0,,
2015-08-24,,,,0,,
2015-08-25,,,,0,,
2015-08-26,,,,0,,
2015-08-27,,,,0,,
2015-08-28,,,,0,,
2015-08-29,,,,0,,
2015-08-30,,,,0,,
2015-08-31,,,,0,,
2015-09-01,,,,0,,
2015-09-02,,,,0,,
2015-09-03,,,,0,,
2015-09-04,,,,0,,
2015-09-05,,,,0,,
2015-09-06,,,,0,,
2015-09-07,,,,0,,
2015-09-08,,,,0,,
2015-09-09,,,,0,,
2015-09-10,,,,0,,
2015-09-11,,,,0,,
2015-09-12,,,,0,,
2015-09-13,,,,0,,
2015-09-14,,,,0,,
2015-09-15,,,,0,,
2015-09-16,,,,0,,
2015-09-17,,,,0,,
2015-09-18,,,,0,,
2015-09-19,,,,0,,
2015-09-20,,,,0,,
2015-09-21,,,,0,,
2015-09-22,,,,0,,
2015-09-23,,,,0,,
2015-09-24,,,,0,,
2015-09-25,,,,0,,
2015-09-26,,,,0,,
2015-09-27,,,,0,,
2015-09-28,,,,0,,
2015-09-29,,,,0,,
2015-09-30,,,,0,,
2015-10-01,,,,0,,
2015-10-02,,,,0,,
2015-10-03,,,,0,,
2015-10-04,,,,0,,
2015-10-05,,,,0,,
2015-10-06,,,,0,,
2015-10-07,,,,0,,
2015-10-08,,,,0,,
2015-10-09,,,,0,,
2015-10-10,,,,0,,
2015-10-11,,,,0,,
2015-10-12,,,,0,,
2015-10-13,,,,0,,
2015-10-14,,,,0,,
2015-10-15,,,,0,,
2015-10-16,,,,0,,
2015-10-17,,,,0,,
2015-10-18,,,,0,,
2015-10-19,,,,0,,
2015-10-20,,,,0,,
2015-10-21,,,,0,,
2015-10-22,,,,0,,
2015-10-23,,,,0,,
2015-10-24,,,,0,,
2015-10-25,,,,0,,
2015-10-26,,,,0,,
2015-10-27,,,,0,,
2015-10-28,,,,0,,
2015-10-29,,,,0,,
2015-10-30,,,,0,,
2015-10-31,,,,0,,
2015-11-01,,,,0,,
2015-11-02,,,,0,,
2015-11-03,,,,0,,
2015-11-04,,,,0,,
2015-11-05,,,,0,,
2015-11-06,,,,0,,
2015-11-07,,,,0,,
2015-11-08,,,,0,,
2015-11-09,,,,0,,
2015-11-10,,,,0,,
2015-11-11,,,,0,,
2015-11-12,,,,0,,
2015-11-13,,,,0,,
2015-11-14,,,,0,,
2015-11-15,,,,0,,
2015-11-16,,,,0,,
2015-11-17,,,,0,,
2015-11-18,,,,0,,
2015-11-19,,,,0,,
2015-11-20,,,,0,,
2015-11-21,,,,0,,
2015-11-22,,,,0,,
2015-11-23,,,,0,,
2015-11-24,,,,0,,
2015-11-25,,,,0,,
2015-11-26,,,,0,,
2015-11-27,,,,0,,
2015-11-28,,,,0,,
2015-11-29,,,,0,,
2015-11-30,,,,0,,
2015-12-01,,,,0,,
2015-12-02,,,,0,,
2015-12-03,,,,0,,
2015-12-04,,,,0,,
2015-12-05,,,,0,,
2015-12-06,,,,0,,
2015-12-07,,,,0,,
2015-12-08,,,,0,,
2015-12-09,,,,0,,
2015-12-10,,,,0,,
2015-12-11,,,,0,,
2015-12-12,,,,0,,
2015-12-13,,,,0,,
2015-12-14,,,,0,,
2015-12-15,,,,0,,
2015-12-16,,,,0,,
2015-12-17,,,,0,,
2015-12-18,,,,0,,
2015-12-19,,,,0,,
2015-12-20,,,,0,,
2015-12-21,,,,0,,
2015-12-22,,,,0,,
2015-12-23,,,,0,,
2015-12-24,,,,0,,
2015-12-25,,,,0,,
2015-12-26,,,,0,,
2015-12-27,,,,0,,
2015-12-28,,,,0,,
2015-12-29,,,,0,,
2015-12-30,,,,0,,
2015-12-31,,,,0,,
2016-01-01,,,,0,,
2016-01-02,,,,0,,
2016-01-03,,,,0,,
2016-01-04,,,,0,,
2016-01-05,,,,0,,
2016-01-06,,,,0,,
2016-01-07,,,,0,,
2016-01-08,,,,0,,
2016-01-09,,,,0,,
2016-01-10,,,,0,,
2016-01-11,,,,0,,
2016-01-12,,,,0,,
2016-01-13,,,,0,,
2016-01-14,,,,0,,
2016-01-15,,,,0,,
2016-01-16,,,,0,,
2016-01-17,,,,0,,
2016-01-18,,,,0,,
2016-01-19,,,,0,,
2016-01-20,,,,0,,
2016-01-21,,,,0,,
2016-01-22,,,,0,,
2016-01-23,,,,0,,
2016-01-24,,,,0,,
2016-01-25,,,,0,,
2016-01-26,,,,0,,
2016-01-27,,,,0,,
2016-01-28,,,,0,,
2016-01-29,,,,0,,
2016-01-30,,,,0,,
2016-01-31,,,,0,,
2016-02-01,,,,0,,
2016-02-02,,,,0,,
2016-02-03,,,,0,,
2016-02-04,,,,0,,
2016-02-05,,,,0,,
2016-02-06,,,,0,,
2016-02-07,,,,0,,
2016-02-08,,,,0,,
2016-02-09,,,,0,,
2016-02-10,,,,0,,
2016-02-11,,,,0,,
2016-02-12,,,,0,,
2016-02-13,,,,0,,
2016-02-14,,,,0,,
2016-02-15,,,,0,,
2016-02-16,,,,0,,
2016-02-17,,,,0,,
2016-02-18,,,,0,,
2016-02-19,,,,0,,
2016-02-20,,,,0,,
2016-02-21,,,,0,,
2016-02-22,,,,0,,
2016-02-23,,,,0,,
2016-02-24,,,,0,,
2016-02-25,,,,0,,
2016-02-26,,,,0,,
2016-02-27,,,,0,,
2016-02-28,,,,0,,
2016-02-29,,,,0,,
2016-03-01,,,,0,,
2016-03-02,,,,0,,
2016-03-03,,,,0,,
2016-03-04,,,,0,,
2016-03-05,,,,0,,
2016-03-06,,,,0,,
2016-03-07,,,,0,,
2016-03-08,,,,0,,
2016-03-09,,,,0,,
2016-03-10,,,,0,,
2016-03-11,,,,0,,
2016-03-12,,,,0,,
2016-03-13,,,,0,,
2016-03-14,,,,0,,
2016-03-15,,,,0,,
2016-03-16,,,,0,,
2016-03-17,,,,0,,
2016-03-18,,,,0,,
2016-03-19,,,,0,,
2016-03-20,,,,0,,
2016-03-21,,,,0,,
2016-03-22,,,,0,,
2016-03-23,,,,0,,
2016-03-24,,,,0,,
2016-03-25,,,,0,,
2016-03-26,,,,0,,
2016-03-27,,,,0,,
2016-03-28,,,,0,,
2016-03-29,,,,0,,
2016-03-30,,,,0,,
2016-03-31,,,,0,,
2016-04-01,,,,0,,
2016-04-02,,,,0,,
2016-04-03,,,,0,,
2016-04-04,,,,0,,
2016-04-05,,,,0,,
2016-04-06,,,,0,,
2016-04-07,,,,0,,
2016-04-08,,,,0,,
2016-04-09,,,,0,,
2016-04-10,,,,0,,
2016-04-11,,,,0,,
2016-04-12,,,,0,,
2016-04-13,,,,0,,
2016-04-14,,,,0,,
2016-04-15,,,,0,,
2016-04-16,,,,0,,
2016-04-17,,,,0,,
2016-04-18,,,,0,,
2016-04-19,,,,0,,
2016-04-20,,,,0,,
2016-04-21,,,,0,,
2016-04-22,,,,0,,
2016-04-23,,,,0,,
2016-04-24,,,,0,,
2016-04-25,,,,0,,
2016-04-26,,,,0,,
2016-04-27,,,,0,,
2016-04-28,,,,0,,
2016-04-29,,,,0,,
2016-04-30,,,,0,,
2016-05-01,,,,0,,
2016-05-02,,,,0,,
2016-05-03,,,,0,,
2016-05-04,,,,0,,
2016-05-05,,,,0,,
2016-05-06,,,,0,,
2016-05-07,,,,0,,
2016-05-08,,,,0,,
2016-05-09,,,,0,,
2016-05-10,,,,0,,
2016-05-11,,,,0,,
2016-05-12,,,,0,,
2016-05-13,,,,0,,
2016-05-14,,,,0,,
2016-05-15,,,,0,,
2016-05-16,,,,0,,
2016-05-17,,,,0,,
2016-05-18,,,,0,,
2016-05-19,,,,0,,
2016-05-20,,,,0,,
2016-05-21,,,,0,,
2016-05-22,,,,0,,
2016-05-23,,,,0,,
2016-05-24,,,,0,,
2016-05-25,,,,0,,
2016-05-26,,,,0,,
2016-05-27,,,,0,,
2016-05-28,,,,0,,
2016-05-29,,,,0,,
2016-05-30,,,,0,,
2016-05-31,,,,0,,
2016-06-01,,,,0,,
2016-06-02,,,,0,,
2016-06-03,,,,0,,
2016-06-04,,,,0,,
2016-06-05,,,,0,,
2016-06-06,,,,0,,
2016-06-07,,,,0,,
2016-06-08,,,,0,,
2016-06-09,,,,0,,
2016-06-10,,,,0,,
2016-06-11,,,,0,,
2016-06-12,,,,0,,
2016-06-13,,,,0,,
2016-06-14,,,,0,,
2016-06-15,,,,0,,
2016-06-16,,,,0,,
2016-06-17,,,,0,,
2016-06-18,,,,0,,
2016-06-19,,,,0,,
2016-06-20,,,,0,,
2016-06-21,,,,0,,
2016-06-22,,,,0,,
2016-06-23,,,,0,,
2016-06-24,,,,0,,
2016-06-25,,,,0,,
2016-06-26,,,,0,,
2016-06-27,,,,0,,
2016-06-28,,,,0,,
2016-06-29,,,,0,,
2016-06-30,,,,0,,
2016-07-01,,,,0,,
2016-07-02,,,,0,,
2016-07-03,,,,0,,
2016-07-04,,,,0,,
2016-07-05,,,,0,,
2016-07-06,,,,0,,
2016-07-07,,,,0,,
2016-07-08,,,,0,,
2016-07-09,,,,0,,
2016-07-10,,,,0,,
2016-07-11,,,,0,,
2016-07-12,,,,0,,
2016-07-13,,,,0,,
2016-07-14,,,,0,,
2016-07-15,,,,0,,
2016-07-16,,,,0,,
2016-07-17,,,,0,,
2016-07-18,,,,0,,
2016-07-19,,,,0,,
2016-07-20,,,,0,,
2016-07-21,,,,0,,
2016-07-22,,,,0,,
2016-07-23,,,,0,,
2016-07-24,,,,0,,
2016-07-25,,,,0,,
2016-07-26,,,,0,,
2016-07-27,,,,0,,
2016-07-28,,,,0,,
2016-07-29,,,,0,,
2016-07-30,,,,0,,
2016-07-31,,,,0,,
2016-08-01,,,,0,,
2016-08-02,,,,0,,
2016-08-03,,,,0,,
2016-08-04,,,,0,,
2016-08-05,,,,0,,
2016-08-06,,,,0,,
2016-08-07,,,,0,,
2016-08-08,,,,0,,
2016-08-09,,,,0,,
2016-08-10,,,,0,,
2016-08-11,,,,0,,
2016-08-12,,,,0,,
2016-08-13,,,,0,,
2016-08-14,,,,0,,
2016-08-15,,,,0,,
2016-08-16,,,,0,,
2016-08-17,,,,0,,
2016-08-18,,,,0,,
2016-08-19,,,,0,,
2016-08-20,,,,0,,
2016-08-21,,,,0,,
2016-08-22,,,,0,,
2016-08-23,,,,0,,
2016-08-24,,,,0,,
2016-08-25,,,,0,,
2016-08-26,,,,0,,
2016-08-27,,,,0,,
2016-08-28,,,,0,,
2016-08-29,,,,0,,
2016-08-30,,,,0,,
2016-08-31,,,,0,,
2016-09-01,,,,0,,
2016-09-02,,,,0,,
2016-09-03,,,,0,,
2016-09-04,,,,0,,
2016-09-05,,,,0,,
2016-09-06,,,,0,,
2016-09-07,,,,0,,
2016-09-08,,,,0,,
2016-09-09,,,,0,,
2016-09-10,,,,0,,
2016-09-11,,,,0,,
2016-09-12,,,,0,,
2016-09-13,,,,0,,
2016-09-14,,,,0,,
2016-09-15,,,,0,,
2016-09-16,,,,0,,
2016-09-17,,,,0,,
2016-09-18,,,,0,,
2016-09-19,,,,0,,
2016-09-20,,,,0,,
2016-09-21,,,,0,,
2016-09-22,,,,0,,
2016-09-23,,,,0,,
2016-09-24,,,,0,,
2016-09-25,,,,0,,
2016-09-26,,,,0,,
2016-09-27,,,,0,,
2016-09-28,,,,0,,
2016-09-29,,,,0,,
2016-09-30,,,,0,,
2016-10-01,,,,0,,
2016-10-02,,,,0,,
2016-10-03,,,,0,,
2016-10-04,,,,0,,
2016-10-05,,,,0,,
2016-10-06,,,,0,,
2016-10-07,,,,0,,
2016-10-08,,,,0,,
2016-10-09,,,,0,,
2016-10-10,,,,0,,
2016-10-11,,,,0,,
2016-10-12,,,,0,,
2016-10-13,,,,0,,
2016-10-14,,,,0,,
2016-10-15,,,,0,,
2016-10-16,,,,0,,
2016-10-17,,,,0,,
2016-10-18,,,,0,,
2016-10-19,,,,0,,
2016-10-20,,,,0,,
2016-10-21,,,,0,,
2016-10-22,,,,0,,
2016-10-23,,,,0,,
2016-10-24,,,,0,,
2016-10-25,,,,0,,
2016-10-26,,,,0,,
2016-10-27,,,,0,,
2016-10-28,,,,0,,
2016-10-29,,,,0,,
2016-10-30,,,,0,,
2016-10-31,,,,0,,
2016-11-01,,,,0,,
2016-11-02,,,,0,,
2016-11-03,,,,0,,
2016-11-04,,,,0,,
2016-11-05,,,,0,,
2016-11-06,,,,0,,
2016-11-07,,,,0,,
2016-11-08,,,,0,,
2016-11-09,,,,0,,
2016-11-10,,,,0,,
2016-11-11,,,,0,,
2016-11-12,,,,0,,
2016-11-13,,,,0,,
2016-11-14,,,,0,,
2016-11-15,,,,0,,
2016-11-16,,,,0,,
2016-11-17,,,,0,,
2016-11-18,,,,0,,
2016-11-19,,,,0,,
2016-11-20,,,,0,,
2016-11-21,,,,0,,
2016-11-22,,,,0,,
2016-11-23,,,,0,,
2016-11-24,,,,0,,
2016-11-25,,,,0,,
2016-11-26,,,,0,,
2016-11-27,,,,0,,
2016-11-28,,,,0,,
2016-11-29,,,,0,,
2016-11-30,,,,0,,
2016-12-01,,,,0,,
2016-12-02,,,,0,,
2016-12-03,,,,0,,
2016-12-04,,,,0,,
2016-12-05,,,,0,,
2016-12-06,,,,0,,
2016-12-07,,,,0,,
2016-12-08,,,,0,,
2016-12-09,,,,0,,
2016-12-10,,,,0,,
2016-12-11,,,,0,,
2016-12-12,,,,0,,
2016-12-13,,,,0,,
2016-12-14,,,,0,,
2016-12-15,,,,0,,
2016-12-16,,,,0,,
2016-12-17,,,,0,,
2016-12-18,,,,0,,
2016-12-19,,,,0,,
2016-12-20,,,,0,,
2016-12-21,,,,0,,
2016-12-22,,,,0,,
2016-12-23,,,,0,,
2016-12-24,,,,0,,
2016-12-25,,,,0,,
2016-12-26,,,,0,,
2016-12-27,,,,0,,
2016-12-28,,,,0,,
2016-12-29,,,,0,,
2016-12-30,,,,0,,
2016-12-31,,,,0,,
2017-01-01,,,,0,,
2017-01-02,,,,0,,
2017-01-03,,,,0,,
2017-01-04,,,,0,,
2017-01-05,,,,0,,
2017-01-06,,,,0,,
2017-01-07,,,,0,,
2017-01-08,,,,0,,
2017-01-09,,,,0,,
2017-01-10,,,,0,,
2017-01-11,,,,0,,
2017-01-12,,,,0,,
2017-01-13,,,,0,,
2017-01-14,,,,0,,
2017-01-15,,,,0,,
2017-01-16,,,,0,,
2017-01-17,,,,0,,
2017-01-18,,,,0,,
2017-01-19,,,,0,,
2017-01-20,,,,0,,
2017-01-21,,,,0,,
2017-01-22,,,,0,,
2017-01-23,,,,0,,
2017-01-24,,,,0,,
2017-01-25,,,,0,,
2017-01-26,,,,0,,
2017-01-27,,,,0,,
2017-01-28,,,,0,,
2017-01-29,,,,0,,
2017-01-30,,,,0,,
2017-01-31,,,,0,,
2017-02-01,,,,0,,
2017-02-02,,,,0,,
2017-02-03,,,,0,,
2017-02-04,,,,0,,
2017-02-05,,,,0,,
2017-02-06,,,,0,,
2017-02-07,,,,0,,
2017-02-08,,,,0,,
2017-02-09,,,,0,,
2017-02-10,,,,0,,
2017-02-11,,,,0,,
2017-02-12,,,,0,,
2017-02-13,,,,0,,
2017-02-14,,,,0,,
2017-02-15,,,,0,,
2017-02-16,,,,0,,
2017-02-17,,,,0,,
2017-02-18,,,,0,,
2017-02-19,,,,0,,
2017-02-20,,,,0,,
2017-02-21,,,,0,,
2017-02-22,,,,0,,
2017-02-23,,,,0,,
2017-02-24,,,,0,,
2017-02-25,,,,0,,
2017-02-26,,,,0,,
2017-02-27,,,,0,,
2017-02-28,,,,0,,
2017-03-01,,,,0,,
2017-03-02,,,,0,,
2017-03-03,,,,0,,
2017-03-04,,,,0,,
2017-03-05,,,,0,,
2017-03-06,,,,0,,
2017-03-07,,,,0,,
2017-03-08,,,,0,,
2017-03-09,,,,0,,
2017-03-10,,,,0,,
2017-03-11,,,,0,,
2017-03-12,,,,0,,
2017-03-13,,,,0,,
2017-03-14,,,,0,,
2017-03-15,,,,0,,
2017-03-16,,,,0,,
2017-03-17,,,,0,,
2017-03-18,,,,0,,
2017-03-19,,,,0,,
2017-03-20,,,,0,,
2017-03-21,,,,0,,
2017-03-22,,,,0,,
2017-03-23,,,,0,,
2017-03-24,,,,0,,
2017-03-25,,,,0,,
2017-03-26,,,,0,,
2017-03-27,,,,0,,
2017-03-28,,,,0,,
2017-03-29,,,,0,,
2017-03-30,,,,0,,
2017-03-31,,,,0,,
2017-04-01,,,,0,,
2017-04-02,,,,0,,
2017-04-03,,,,0,,
2017-04-04,,,,0,,
2017-04-05,,,,0,,
2017-04-06,,,,0,,
2017-04-07,,,,0,,
2017-04-08,,,,0,,
2017-04-09,,,,0,,
2017-04-10,,,,0,,
2017-04-11,,,,0,,
2017-04-12,,,,0,,
2017-04-13,,,,0,,
2017-04-14,,,,0,,
2017-04-15,,,,0,,
2017-04-16,,,,0,,
2017-04-17,,,,0,,
2017-04-18,,,,0,,
2017-04-19,,,,0,,
2017-04-20,,,,0,,
2017-04-21,,,,0,,
2017-04-22,,,,0,,
2017-04-23,,,,0,,
2017-04-24,,,,0,,
2017-04-25,,,,0,,
2017-04-26,,,,0,,
2017-04-27,,,,0,,
2017-04-28,,,,0,,
2017-04-29,,,,0,,
2017-04-30,,,,0,,
2017-05-01,,,,0,,
2017-05-02,,,,0,,
2017-05-03,,,,0,,
2017-05-04,,,,0,,
2017-05-05,,,,0,,
2017-05-06,,,,0,,
2017-05-07,,,,0,,
2017-05-08,,,,0,,
2017-05-09,,,,0,,
2017-05-10,,,,0,,
2017-05-11,,,,0,,
2017-05-12,,,,0,,
2017-05-13,,,,0,,
2017-05-14,,,,0,,
2017-05-15,,,,0,,
2017-05-16,,,,0,,
2017-05-17,,,,0,,
2017-05-18,,,,0,,
2017-05-19,,,,0,,
2017-05-20,,,,0,,
2017-05-21,,,,0,,
2017-05-22,,,,0,,
2017-05-23,,,,0,,
2017-05-24,,,,0,,
2017-05-25,,,,0,,
2017-05-26,,,,0,,
2017-05-27,,,,0,,
2017-05-28,,,,0,,
2017-05-29,,,,0,,
2017-05-30,,,,0,,
2017-05-31,,,,0,,
2017-06-01,,,,0,,
2017-06-02,,,,0,,
2017-06-03,,,,0,,
2017-06-04,,,,0,,
2017-06-05,,,,0,,
2017-06-06,,,,0,,
2017-06-07,,,,0,,
2017-06-08,,,,0,,
2017-06-09,,,,0,,
2017-06-10,,,,0,,
2017-06-11,,,,0,,
2017-06-12,,,,0,,
2017-06-13,,,,0,,
2017-06-14,,,,0,,
2017-06-15,,,,0,,
2017-06-16,,,,0,,
2017-06-17,,,,0,,
2017-06-18,,,,0,,
2017-06-19,,,,0,,
2017-06-20,,,,0,,
2017-06-21,,,,0,,
2017-06-22,,,,0,,
2017-06-23,,,,0,,
2017-06-24,,,,0,,
2017-06-25,,,,0,,
2017-06-26,,,,0,,
2017-06-27,,,,0,,
2017-06-28,,,,0,,
2017-06-29,,,,0,,
2017-06-30,,,,0,,
2017-07-01,,,,0,,
2017-07-02,,,,0,,
2017-07-03,,,,0,,
2017-07-04,,,,0,,
2017-07-05,,,,0,,
2017-07-06,,,,0,,
2017-07-07,,,,0,,
2017-07-08,,,,0,,
2017-07-09,,,,0,,
2017-07-10,,,,0,,
2017-07-11,,,,0,,
2017-07-12,,,,0,,
2017-07-13,,,,0,,
2017-07-14,,,,0,,
2017-07-15,,,,0,,
2017-07-16,,,,0,,
2017-07-17,,,,0,,
2017-07-18,,,,0,,
2017-07-19,,,,0,,
2017-07-20,,,,0,,
2017-07-21,,,,0,,
2017-07-22,,,,0,,
2017-07-23,,,,0,,
2017-07-24,,,,0,,
2017-07-25,,,,0,,
2017-07-26,,,,0,,
2017-07-27,,,,0,,
2017-07-28,,,,0,,
2017-07-29,,,,0,,
2017-07-30,,,,0,,
2017-07-31,,,,0,,
2017-08-01,,,,0,,
2017-08-02,,,,0,,
2017-08-03,,,,0,,
2017-08-04,,,,0,,
2017-08-05,,,,0,,
2017-08-06,,,,0,,
2017-08-07,,,,0,,
2017-08-08,,,,0,,
2017-08-09,,,,0,,
2017-08-10,,,,0,,
2017-08-11,,,,0,,
2017-08-12,,,,0,,
2017-08-13,,,,0,,
2017-08-14,,,,0,,
2017-08-15,,,,0,,
2017-08-16,,,,0,,
2017-08-17,,,,0,,
2017-08-18,,,,0,,
2017-08-19,,,,0,,
2017-08-20,,,,0,,
2017-08-21,,,,0,,
2017-08-22,,,,0,,
2017-08-23,,,,0,,
2017-08-24,,,,0,,
2017-08-25,,,,0,,
2017-08-26,,,,0,,
2017-08-27,,,,0,,
2017-08-28,,,,0,,
2017-08-29,,,,0,,
2017-08-30,,,,0,,
2017-08-31,,,,0,,
2017-09-01,,,,0,,
2017-09-02,,,,0,,
2017-09-03,,,,0,,
2017-09-04,,,,0,,
2017-09-05,,,,0,,
2017-09-06,,,,0,,
2017-09-07,,,,0,,
2017-09-08,,,,0,,
2017-09-09,,,,0,,
2017-09-10,,,,0,,
2017-09-11,,,,0,,
2017-09-12,,,,0,,
2017-09-13,,,,0,,
2017-09-14,,,,0,,
2017-09-15,,,,0,,
2017-09-16,,,,0,,
2017-09-17,,,,0,,
2017-09-18,,,,0,,
2017-09-19,,,,0,,
2017-09-20,,,,0,,
2017-09-21,,,,0,,
2017-09-22,,,,0,,
2017-09-23,,,,0,,
2017-09-24,,,,0,,
2017-09-25,,,,0,,
2017-09-26,,,,0,,
2017-09-27,,,,0,,
2017-09-28,,,,0,,
2017-09-29,,,,0,,
2017-09-30,,,,0,,
2017-10-01,,,,0,,
2017-10-02,,,,0,,
2017-10-03,,,,0,,
2017-10-04,,,,0,,
2017-10-05,,,,0,,
2017-10-06,,,,0,,
2017-10-07,,,,0,,
2017-10-08,,,,0,,
2017-10-09,,,,0,,
2017-10-10,,,,0,,
2017-10-11,,,,0,,
2017-10-12,,,,0,,
2017-10-13,,,,0,,
2017-10-14,,,,0,,
2017-10-15,,,,0,,
2017-10-16,,,,0,,
2017-10-17,,,,0,,
2017-10-18,,,,0,,
2017-10-19,,,,0,,
2017-10-20,,,,0,,
2017-10-21,,,,0,,
2017-10-22,,,,0,,
2017-10-23,,,,0,,
2017-10-24,,,,0,,
2017-10-25,,,,0,,
2017-10-26,,,,0,,
2017-10-27,,,,0,,
2017-10-28,,,,0,,
2017-10-29,,,,0,,
2017-10-30,,,,0,,
2017-10-31,,,,0,,
2017-11-01,,,,0,,
2017-11-02,,,,0,,
2017-11-03,,,,0,,
2017-11-04,,,,0,,
2017-11-05,,,,0,,
2017-11-06,,,,0,,
2017-11-07,,,,0,,
2017-11-08,,,,0,,
2017-11-09,,,,0,,
2017-11-10,,,,0,,
2017-11-11,,,,0,,
2017-11-12,,,,0,,
2017-11-13,,,,0,,
2017-11-14,,,,0,,
2017-11-15,,,,0,,
2017-11-16,,,,0,,
2017-11-17,,,,0,,
2017-11-18,,,,0,,
2017-11-19,,,,0,,
2017-11-20,,,,0,,
2017-11-21,,,,0,,
2017-11-22,,,,0,,
2017-11-23,,,,0,,
2017-11-24,,,,0,,
2017-11-25,,,,0,,
2017-11-26,,,,0,,
2017-11-27,,,,0,,
2017-11-28,,,,0,,
2017-11-29,,,,0,,
2017-11-30,,,,0,,
2017-12-01,,,,0,,
2017-12-02,,,,0,,
2017-12-03,,,,0,,
2017-12-04,,,,0,,
2017-12-05,,,,0,,
2017-12-06,,,,0,,
2017-12-07,,,,0,,
2017-12-08,,,,0,,
2017-12-09,,,,0,,
2017-12-10,,,,0,,
2017-12-11,,,,0,,
2017-12-12,,,,0,,
2017-12-13,,,,0,,
2017-12-14,,,,0,,
2017-12-15,,,,0,,
2017-12-16,,,,0,,
2017-12-17,,,,0,,
2017-12-18,,,,0,,
2017-12-19,,,,0,,
2017-12-20,,,,0,,
2017-12-21,,,,0,,
2017-12-22,,,,0,,
2017-12-23,,,,0,,
2017-12-24,,,,0,,
2017-12-25,,,,0,,
2017-12-26,,,,0,,
2017-12-27,,,,0,,
2017-12-28,,,,0,,
2017-12-29,,,,0,,
2017-12-30,,,,0,,
2017-12-31,,,,0,,
2018-01-01,,,,0,,
2018-01-02,,,,0,,
2018-01-03,,,,0,,
2018-01-04,,,,0,,
2018-01-05,,,,0,,
2018-01-06,,,,0,,
2018-01-07,,,,0,,
2018-01-08,,,,0,,
2018-01-09,,,,0,,
2018-01-10,,,,0,,
2018-01-11,,,,0,,
2018-01-12,,,,0,,
2018-01-13,,,,0,,
2018-01-14,,,,0,,
2018-01-15,,,,0,,
2018-01-16,,,,0,,
2018-01-17,,,,0,,
2018-01-18,,,,0,,
2018-01-19,,,,0,,
2018-01-20,,,,0,,
2018-01-21,,,,0,,
2018-01-22,,,,0,,
2018-01-23,,,,0,,
2018-01-24,,,,0,,
2018-01-25,,,,0,,
2018-01-26,,,,0,,
2018-01-27,,,,0,,
2018-01-28,,,,0,,
2018-01-29,,,,0,,
2018-01-30,,,,0,,
2018-01-31,,,,0,,
2018-02-01,,,,0,,
2018-02-02,,,,0,,
2018-02-03,,,,0,,
2018-02-04,,,,0,,
2018-02-05,,,,0,,
2018-02-06,,,,0,,
2018-02-07,,,,0,,
2018-02-08,,,,0,,
2018-02-09,,,,0,,
2018-02-10,,,,0,,
2018-02-11,,,,0,,
2018-02-12,,,,0,,
2018-02-13,,,,0,,
2018-02-14,,,,0,,
2018-02-15,,,,0,,
2018-02-16,,,,0,,
2018-02-17,,,,0,,
2018-02-18,,,,0,,
2018-02-19,,,,0,,
2018-02-20,,,,0,,
2018-02-21,,,,0,,
2018-02-22,,,,0,,
2018-02-23,,,,0,,
2018-02-24,,,,0,,
2018-02-25,,,,0,,
2018-02-26,,,,0,,
2018-02-27,,,,0,,
2018-02-28,,,,0,,
2018-03-01,,,,0,,
2018-03-02,,,,0,,
2018-03-03,,,,0,,
2018-03-04,,,,0,,
2018-03-05,,,,0,,
2018-03-06,,,,0,,
2018-03-07,,,,0,,
2018-03-08,,,,0,,
2018-03-09,,,,0,,
2018-03-10,,,,0,,
2018-03-11,,,,0,,
2018-03-12,,,,0,,
2018-03-13,,,,0,,
2018-03-14,,,,0,,
2018-03-15,,,,0,,
2018-03-16,,,,0,,
2018-03-17,,,,0,,
2018-03-18,,,,0,,
2018-03-19,,,,0,,
2018-03-20,,,,0,,
2018-03-21,,,,0,,
2018-03-22,,,,0,,
2018-03-23,,,,0,,
2018-03-24,,,,0,,
2018-03-25,,,,0,,
2018-03-26,,,,0,,
2018-03-27,,,,0,,
2018-03-28,,,,0,,
2018-03-29,,,,0,,
2018-03-30,,,,0,,
2018-03-31,,,,0,,
2018-04-01,,,,0,,
2018-04-02,,,,0,,
2018-04-03,,,,0,,
2018-04-04,,,,0,,
2018-04-05,,,,0,,
2018-04-06,,,,0,,
2018-04-07,,,,0,,
2018-04-08,,,,0,,
2018-04-09,,,,0,,
2018-04-10,,,,0,,
2018-04-11,,,,0,,
2018-04-12,,,,0,,
2018-04-13,,,,0,,
2018-04-14,,,,0,,
2018-04-15,,,,0,,
2018-04-16,,,,0,,
2018-04-17,,,,0,,
2018-04-18,,,,0,,
2018-04-19,,,,0,,
2018-04-20,,,,0,,
2018-04-21,,,,0,,
2018-04-22,,,,0,,
2018-04-23,,,,0,,
2018-04-24,,,,0,,
2018-04-25,,,,0,,
2018-04-26,,,,0,,
2018-04-27,,,,0,,
2018-04-28,,,,0,,
2018-04-29,,,,0,,
2018-04-30,,,,0,,
2018-05-01,,,,0,,
2018-05-02,,,,0,,
2018-05-03,,,,0,,
2018-05-04,,,,0,,
2018-05-05,,,,0,,
2018-05-06,,,,0,,
2018-05-07,,,,0,,
2018-05-08,,,,0,,
2018-05-09,,,,0,,
2018-05-10,,,,0,,
2018-05-11,,,,0,,
2018-05-12,,,,0,,
2018-05-13,,,,0,,
2018-05-14,,,,0,,
2018-05-15,,,,0,,
2018-05-16,,,,0,,
2018-05-17,,,,0,,
2018-05-18,,,,0,,
2018-05-19,,,,0,,
2018-05-20,,,,0,,
2018-05-21,,,,0,,
2018-05-22,,,,0,,
2018-05-23,,,,0,,
2018-05-24,,,,0,,
2018-05-25,,,,0,,
2018-05-26,,,,0,,
2018-05-27,,,,0,,
2018-05-28,,,,0,,
2018-05-29,,,,0,,
2018-05-30,,,,0,,
2018-05-31,,,,0,,
2018-06-01,,,,0,,
2018-06-02,,,,0,,
2018-06-03,,,,0,,
2018-06-04,,,,0,,
2018-06-05,,,,0,,
2018-06-06,,,,0,,
2018-06-07,,,,0,,
2018-06-08,,,,0,,
2018-06-09,,,,0,,
2018-06-10,,,,0,,
2018-06-11,,,,0,,
2018-06-12,,,,0,,
2018-06-13,,,,0,,
2018-06-14,,,,0,,
2018-06-15,,,,0,,
2018-06-16,,,,0,,
2018-06-17,,,,0,,
2018-06-18,,,,0,,
2018-06-19,,,,0,,
2018-06-20,,,,0,,
2018-06-21,,,,0,,
2018-06-22,,,,0,,
2018-06-23,,,,0,,
2018-06-24,,,,0,,
2018-06-25,,,,0,,
2018-06-26,,,,0,,
2018-06-27,,,,0,,
2018-06-28,,,,0,,
2018-06-29,,,,0,,
2018-06-30,,,,0,,
2018-07-01,,,,0,,
2018-07-02,,,,0,,
2018-07-03,,,,0,,
2018-07-04,,,,0,,
2018-07-05,,,,0,,
2018-07-06,,,,0,,
2018-07-07,,,,0,,
2018-07-08,,,,0,,
2018-07-09,,,,0,,
2018-07-10,,,,0,,
2018-07-11,,,,0,,
2018-07-12,,,,0,,
2018-07-13,,,,0,,
2018-07-14,,,,0,,
2018-07-15,,,,0,,
2018-07-16,,,,0,,
2018-07-17,,,,0,,
2018-07-18,,,,0,,
2018-07-19,,,,0,,
2018-07-20,,,,0,,
2018-07-21,,,,0,,
2018-07-22,,,,0,,
2018-07-23,,,,0,,
2018-07-24,,,,0,,
2018-07-25,,,,0,,
2018-07-26,,,,0,,
2018-07-27,,,,0,,
2018-07-28,,,,0,,
2018-07-29,,,,0,,
2018-07-30,,,,0,,
2018-07-31,,,,0,,
2018-08-01,,,,0,,
2018-08-02,,,,0,,
2018-08-03,,,,0,,
2018-08-04,,,,0,,
2018-08-05,,,,0,,
2018-08-06,,,,0,,
2018-08-07,,,,0,,
2018-08-08,,,,0,,
2018-08-09,,,,0,,
2018-08-10,,,,0,,
2018-08-11,,,,0,,
2018-08-12,,,,0,,
2018-08-13,,,,0,,
2018-08-14,,,,0,,
2018-08-15,,,,0,,
2018-08-16,,,,0,,
2018-08-17,,,,0,,
2018-08-18,,,,0,,
2018-08-19,,,,0,,
2018-08-20,,,,0,,
2018-08-21,,,,0,,
2018-08-22,,,,0,,
2018-08-23,,,,0,,
2018-08-24,,,,0,,
2018-08-25,,,,0,,
2018-08-26,,,,0,,
2018-08-27,,,,0,,
2018-08-28,,,,0,,
2018-08-29,,,,0,,
2018-08-30,,,,0,,
2018-08-31,,,,0,,
2018-09-01,,,,0,,
2018-09-02,,,,0,,
2018-09-03,,,,0,,
2018-09-04,,,,0,,
2018-09-05,,,,0,,
2018-09-06,,,,0,,
2018-09-07,,,,0,,
2018-09-08,,,,0,,
2018-09-09,,,,0,,
2018-09-10,,,,0,,
2018-09-11,,,,0,,
2018-09-12,,,,0,,
2018-09-13,,,,0,,
2018-09-14,,,,0,,
2018-09-15,,,,0,,
2018-09-16,,,,0,,
2018-09-17,,,,0,,
2018-09-18,,,,0,,
2018-09-19,,,,0,,
2018-09-20,,,,0,,
2018-09-21,,,,0,,
2018-09-22,,,,0,,
2018-09-23,,,,0,,
2018-09-24,,,,0,,
2018-09-25,,,,0,,
2018-09-26,,,,0,,
2018-09-27,,,,0,,
2018-09-28,,,,0,,
2018-09-29,,,,0,,
2018-09-30,,,,0,,
2018-10-01,,,,0,,
2018-10-02,,,,0,,
2018-10-03,,,,0,,
2018-10-04,,,,0,,
2018-10-05,,,,0,,
2018-10-06,,,,0,,
2018-10-07,,,,0,,
2018-10-08,,,,0,,
2018-10-09,,,,0,,
2018-10-10,,,,0,,
2018-10-11,,,,0,,
2018-10-12,,,,0,,
2018-10-13,,,,0,,
2018-10-14,,,,0,,
2018-10-15,,,,0,,
2018-10-16,,,,0,,
2018-10-17,,,,0,,
2018-10-18,,,,0,,
2018-10-19,,,,0,,
2018-10-20,,,,0,,
2018-10-21,,,,0,,
2018-10-22,,,,0,,
2018-10-23,,,,0,,
2018-10-24,,,,0,,
2018-10-25,,,,0,,
2018-10-26,,,,0,,
2018-10-27,,,,0,,
2018-10-28,,,,0,,
2018-10-29,,,,0,,
2018-10-30,,,,0,,
2018-10-31,,,,0,,
2018-11-01,,,,0,,
2018-11-02,,,,0,,
2018-11-03,,,,0,,
2018-11-04,,,,0,,
2018-11-05,,,,0,,
2018-11-06,,,,0,,
2018-11-07,,,,0,,
2018-11-08,,,,0,,
2018-11-09,,,,0,,
2018-11-10,,,,0,,
2018-11-11,,,,0,,
2018-11-12,,,,0,,
2018-11-13,,,,0,,
2018-11-14,,,,0,,
2018-11-15,,,,0,,
2018-11-16,,,,0,,
2018-11-17,,,,0,,
2018-11-18,,,,0,,
2018-11-19,,,,0,,
2018-11-20,,,,0,,
2018-11-21,,,,0,,
2018-11-22,,,,0,,
2018-11-23,,,,0,,
2018-11-24,,,,0,,
2018-11-25,,,,0,,
2018-11-26,,,,0,,
2018-11-27,,,,0,,
2018-11-28,,,,0,,
2018-11-29,,,,0,,
2018-11-30,,,,0,,
2018-12-01,,,,0,,
2018-12-02,,,,0,,
2018-12-03,,,,0,,
2018-12-04,,,,0,,
2018-12-05,,,,0,,
2018-12-06,,,,0,,
2018-12-07,,,,0,,
2018-12-08,,,,0,,
2018-12-09,,,,0,,
2018-12-10,,,,0,,
2018-12-11,,,,0,,
2018-12-12,,,,0,,
2018-12-13,,,,0,,
2018-12-14,,,,0,,
2018-12-15,,,,0,,
2018-12-16,,,,0,,
2018-12-17,,,,0,,
2018-12-18,,,,0,,
2018-12-19,,,,0,,
2018-12-20,,,,0,,
2018-12-21,,,,0,,
2018-12-22,,,,0,,
2018-12-23,,,,0,,
2018-12-24,,,,0,,
2018-12-25,,,,0,,
2018-12-26,,,,0,,
2018-12-27,,,,0,,
2018-12-28,,,,0,,
2018-12-29,,,,0,,
2018-12-30,,,,0,,
2018-12-31,,,,0,,
2019-01-01,,,,0,,
2019-01-02,,,,0,,
2019-01-03,,,,0,,
2019-01-04,,,,0,,
2019-01-05,,,,0,,
2019-01-06,,,,0,,
2019-01-07,,,,0,,
2019-01-08,,,,0,,
2019-01-09,,,,0,,
2019-01-10,,,,0,,
2019-01-11,,,,0,,
2019-01-12,,,,0,,
2019-01-13,,,,0,,
2019-01-14,,,,0,,
2019-01-15,,,,0,,
2019-01-16,,,,0,,
2019-01-17,,,,0,,
2019-01-18,,,,0,,
2019-01-19,,,,0,,
2019-01-20,,,,0,,
2019-01-21,,,,0,,
2019-01-22,,,,0,,
2019-01-23,,,,0,,
2019-01-24,,,,0,,
2019-01-25,,,,0,,
2019-01-26,,,,0,,
2019-01-27,,,,0,,
2019-01-28,,,,0,,
2019-01-29,,,,0,,
2019-01-30,,,,0,,
2019-01-31,,,,0,,
2019-02-01,,,,0,,
2019-02-02,,,,0,,
2019-02-03,,,,0,,
2019-02-04,,,,0,,
2019-02-05,,,,0,,
2019-02-06,,,,0,,
2019-02-07,,,,0,,
2019-02-08,,,,0,,
2019-02-09,,,,0,,
2019-02-10,,,,0,,
2019-02-11,,,,0,,
2019-02-12,,,,0,,
2019-02-13,,,,0,,
2019-02-14,,,,0,,
2019-02-15,,,,0,,
2019-02-16,,,,0,,
2019-02-17,,,,0,,
2019-02-18,,,,0,,
2019-02-19,,,,0,,
2019-02-20,,,,0,,
2019-02-21,,,,0,,
2019-02-22,,,,0,,
2019-02-23,,,,0,,
2019-02-24,,,,0,,
2019-02-25,,,,0,,
2019-02-26,,,,0,,
2019-02-27,,,,0,,
2019-02-28,,,,0,,
2019-03-01,,,,0,,
2019-03-02,,,,0,,
2019-03-03,,,,0,,
2019-03-04,,,,0,,
2019-03-05,,,,0,,
2019-03-06,,,,0,,
2019-03-07,,,,0,,
2019-03-08,,,,0,,
2019-03-09,,,,0,,
2019-03-10,,,,0,,
2019-03-11,,,,0,,
2019-03-12,,,,0,,
2019-03-13,,,,0,,
2019-03-14,,,,0,,
2019-03-15,,,,0,,
2019-03-16,,,,0,,
2019-03-17,,,,0,,
2019-03-18,,,,0,,
2019-03-19,,,,0,,
2019-03-20,,,,0,,
2019-03-21,,,,0,,
2019-03-22,,,,0,,
2019-03-23,,,,0,,
2019-03-24,,,,0,,
2019-03-25,,,,0,,
2019-03-26,,,,0,,
2019-03-27,,,,0,,
2019-03-28,,,,0,,
2019-03-29,,,,0,,
2019-03-30,,,,0,,
2019-03-31,,,,0,,
2019-04-01,,,,0,,
2019-04-02,,,,0,,
2019-04-03,,,,0,,
2019-04-04,,,,0,,
2019-04-05,,,,0,,
2019-04-06,,,,0,,
2019-04-07,,,,0,,
2019-04-08,,,,0,,
2019-04-09,,,,0,,
2019-04-10,,,,0,,
2019-04-11,,,,0,,
2019-04-12,,,,0,,
2019-04-13,,,,0,,
2019-04-14,,,,0,,
2019-04-15,,,,0,,
2019-04-16,,,,0,,
2019-04-17,,,,0,,
2019-04-18,,,,0,,
2019-04-19,,,,0,,
2019-04-20,,,,0,,
2019-04-21,,,,0,,
2019-04-22,,,,0,,
2019-04-23,,,,0,,
2019-04-24,,,,0,,
2019-04-25,,,,0,,
2019-04-26,,,,0,,
2019-04-27,,,,0,,
2019-04-28,,,,0,,
2019-04-29,,,,0,,
2019-04-30,,,,0,,
2019-05-01,,,,0,,
2019-05-02,,,,0,,
2019-05-03,,,,0,,
2019-05-04,,,,0,,
2019-05-05,,,,0,,
2019-05-06,,,,0,,
2019-05-07,,,,0,,
2019-05-08,,,,0,,
2019-05-09,,,,0,,
2019-05-10,,,,0,,
2019-05-11,,,,0,,
2019-05-12,,,,0,,
2019-05-13,,,,0,,
2019-05-14,,,,0,,
2019-05-15,,,,0,,
2019-05-16,,,,0,,
2019-05-17,,,,0,,
2019-05-18,,,,0,,
2019-05-19,,,,0,,
2019-05-20,,,,0,,
2019-05-21,,,,0,,
2019-05-22,,,,0,,
2019-05-23,,,,0,,
2019-05-24,,,,0,,
2019-05-25,,,,0,,
2019-05-26,,,,0,,
2019-05-27,,,,0,,
2019-05-28,,,,0,,
2019-05-29,,,,0,,
2019-05-30,,,,0,,
2019-05-31,,,,0,,
2019-06-01,,,,0,,
2019-06-02,,,,0,,
2019-06-03,,,,0,,
2019-06-04,,,,0,,
2019-06-05,,,,0,,
2019-06-06,,,,0,,
2019-06-07,,,,0,,
2019-06-08,,,,0,,
2019-06-09,,,,0,,
2019-06-10,,,,0,,
2019-06-11,,,,0,,
2019-06-12,,,,0,,
2019-06-13,,,,0,,
2019-06-14,,,,0,,
2019-06-15,,,,0,,
2019-06-16,,,,0,,
2019-06-17,,,,0,,
2019-06-18,,,,0,,
2019-06-19,,,,0,,
2019-06-20,,,,0,,
2019-06-21,,,,0,,
2019-06-22,,,,0,,
2019-06-23,,,,0,,
2019-06-24,,,,0,,
2019-06-25,,,,0,,
2019-06-26,,,,0,,
2019-06-27,,,,0,,
2019-06-28,,,,0,,
2019-06-29,,,,0,,
2019-06-30,,,,0,,
2019-07-01,,,,0,,
2019-07-02,,,,0,,
2019-07-03,,,,0,,
2019-07-04,,,,0,,
2019-07-05,,,,0,,
2019-07-06,,,,0,,
2019-07-07,,,,0,,
2019-07-08,,,,0,,
2019-07-09,,,,0,,
2019-07-10,,,,0,,
2019-07-11,,,,0,,
2019-07-12,,,,0,,
2019-07-13,,,,0,,
2019-07-14,,,,0,,
2019-07-15,,,,0,,
2019-07-16,,,,0,,
2019-07-17,,,,0,,
2019-07-18,,,,0,,
2019-07-19,,,,0,,
2019-07-20,,,,0,,
2019-07-21,,,,0,,
2019-07-22,,,,0,,
2019-07-23,,,,0,,
2019-07-24,,,,0,,
2019-07-25,,,,0,,
2019-07-26,,,,0,,
2019-07-27,,,,0,,
2019-07-28,,,,0,,
2019-07-29,,,,0,,
2019-07-30,,,,0,,
2019-07-31,,,,0,,
2019-08-01,,,,0,,
2019-08-02,,,,0,,
2019-08-03,,,,0,,
2019-08-04,,,,0,,
2019-08-05,,,,0,,
2019-08-06,,,,0,,
2019-08-07,,,,0,,
2019-08-08,,,,0,,
2019-08-09,,,,0,,
2019-08-10,,,,0,,
2019-08-11,,,,0,,
2019-08-12,,,,0,,
2019-08-13,,,,0,,
2019-08-14,,,,0,,
2019-08-15,,,,0,,
2019-08-16,,,,0,,
2019-08-17,,,,0,,
2019-08-18,,,,0,,
2019-08-19,,,,0,,
2019-08-20,,,,0,,
2019-08-21,,,,0,,
2019-08-22,,,,0,,
2019-08-23,,,,0,,
2019-08-24,,,,0,,
2019-08-25,,,,0,,
2019-08-26,,,,0,,
2019-08-27,,,,0,,
2019-08-28,,,,0,,
2019-08-29,,,,0,,
2019-08-30,,,,0,,
2019-08-31,,,,0,,
2019-09-01,,,,0,,
2019-09-02,,,,0,,
2019-09-03,,,,0,,
2019-09-04,,,,0,,
2019-09-05,,,,0,,
2019-09-06,,,,0,,
2019-09-07,,,,0,,
2019-09-08,,,,0,,
2019-09-09,,,,0,,
2019-09-10,,,,0,,
2019-09-11,,,,0,,
2019-09-12,,,,0,,
2019-09-13,,,,0,,
2019-09-14,,,,0,,
2019-09-15,,,,0,,
2019-09-16,,,,0,,
2019-09-17,,,,0,,
2019-09-18,,,,0,,
2019-09-19,,,,0,,
2019-09-20,,,,0,,
2019-09-21,,,,0,,
2019-09-22,,,,0,,
2019-09-23,,,,0,,
2019-09-24,,,,0,,
2019-09-25,,,,0,,
2019-09-26,,,,0,,
2019-09-27,,,,0,,
2019-09-28,,,,0,,
2019-09-29,,,,0,,
2019-09-30,,,,0,,
2019-10-01,,,,0,,
2019-10-02,,,,0,,
2019-10-03,,,,0,,
2019-10-04,,,,0,,
2019-10-05,,,,0,,
2019-10-06,,,,0,,
2019-10-07,,,,0,,
2019-10-08,,,,0,,
2019-10-09,,,,0,,
2019-10-10,,,,0,,
2019-10-11,,,,0,,
2019-10-12,,,,0,,
2019-10-13,,,,0,,
2019-10-14,,,,0,,
2019-10-15,,,,0,,
2019-10-16,,,,0,,
2019-10-17,,,,0,,
2019-10-18,,,,0,,
2019-10-19,,,,0,,
2019-10-20,,,,0,,
2019-10-21,,,,0,,
2019-10-22,,,,0,,
2019-10-23,,,,0,,
2019-10-24,,,,0,,
2019-10-25,,,,0,,
2019-10-26,,,,0,,
2019-10-27,,,,0,,
2019-10-28,,,,0,,
2019-10-29,,,,0,,
2019-10-30,,,,0,,
2019-10-31,,,,0,,
2019-11-01,,,,0,,
2019-11-02,,,,0,,
2019-11-03,,,,0,,
2019-11-04,,,,0,,
2019-11-05,,,,0,,
2019-11-06,,,,0,,
2019-11-07,,,,0,,
2019-11-08,,,,0,,
2019-11-09,,,,0,,
2019-11-10,,,,0,,
2019-11-11,,,,0,,
2019-11-12,,,,0,,
2019-11-13,,,,0,,
2019-11-14,,,,0,,
2019-11-15,,,,0,,
2019-11-16,,,,0,,
2019-11-17,,,,0,,
2019-11-18,,,,0,,
2019-11-19,,,,0,,
2019-11-20,,,,0,,
2019-11-21,,,,0,,
2019-11-22,,,,0,,
2019-11-23,,,,0,,
2019-11-24,,,,0,,
2019-11-25,,,,0,,
2019-11-26,,,,0,,
2019-11-27,,,,0,,
2019-11-28,,,,0,,
2019-11-29,,,,0,,
2019-11-30,,,,0,,
2019-12-01,,,,0,,
2019-12-02,,,,0,,
2019-12-03,,,,0,,
2019-12-04,,,,0,,
2019-12-05,,,,0,,
2019-12-06,,,,0,,
2019-12-07,,,,0,,
2019-12-08,,,,0,,
2019-12-09,,,,0,,
2019-12-10,,,,0,,
2019-12-11,,,,0,,
2019-12-12,,,,0,,
2019-12-13,,,,0,,
2019-12-14,,,,0,,
2019-12-15,,,,0,,
2019-12-16,,,,0,,
2019-12-17,,,,0,,
2019-12-18,,,,0,,
2019-12-19,,,,0,,
2019-12-20,,,,0,,
2019-12-21,,,,0,,
2019-12-22,,,,0,,
2019-12-23,,,,0,,
2019-12-24,,,,0,,
2019-12-25,,,,0,,
2019-12-26,,,,0,,
2019-12-27,,,,0,,
2019-12-28,,,,0,,
2019-12-29,,,,0,,
2019-12-30,,,,0,,
2019-12-31,,,,0,,
2020-01-01,,,,0,,
2020-01-02,,,,0,,
2020-01-03,,,,0,,
2020-01-04,,,,0,,
2020-01-05,,,,0,,
2020-01-06,,,,0,,
2020-01-07,,,,0,,
2020-01-08,,,,0,,
2020-01-09,,,,0,,
2020-01-10,,,,0,,
2020-01-11,,,,0,,
2020-01-12,,,,0,,
2020-01-13,,,,0,,
2020-01-14,,,,0,,
2020-01-15,,,,0,,
2020-01-16,,,,0,,
2020-01-17,,,,0,,
2020-01-18,,,,0,,
2020-01-19,,,,0,,
2020-01-20,,,,0,,
2020-01-21,0.01287,,,0,2,
2020-01-22,0.01,,,0,2,
2020-01-23,0.043202,,,0,2,
2020-01-24,0.013974,,,0,2,
2020-01-25,0.01,,,0,2,
2020-01-26,0.01,,,0,2,
2020-01-27,0.01,,,0,2,
2020-01-28,0.039097,,,0,2,
2020-01-29,0.042647,,,0,2,
2020-01-30,0.033276,,,0,2,
2020-01-31,0.024929,,,0,2,
2020-02-01,0.029826,,,0,2,
2020-02-02,0.059362,,,0,2,
2020-02-03,0.01,,,0,2,
2020-02-04,0.024096,,,0,2,
2020-02-05,0.0617155,,,0,2,
2020-02-06,0.042734,,,0,2,
2020-02-07,0.031008,,,0,2,
2020-02-08,0.0774575,,,0,2,
2020-02-09,0.091977,,,0,2,
2020-02-10,0.055859,,,0,2,
2020-02-11,0.04626,,,0,2,
2020-02-12,0.075242,,,0,2,
2020-02-13,0.050707,,,0,2,
2020-02-14,0.048576,,,0,2,
2020-02-15,0.0486845,,,0,2,
2020-02-16,0.0467235,,,0,2,
2020-02-17,0.066138,,,0,2,
2020-02-18,0.023231,,,0,2,
2020-02-19,0.0316785,,,0,2,
2020-02-20,0.01,,,0,2,
2020-02-21,0.01,,,0,2,
2020-02-22,0.0111215,,,0,2,
2020-02-23,0.037654,,,0,2,
2020-02-24,0.01,,,0,2,
2020-02-25,0.0436745,,,0,2,
2020-02-26,0.02533,,,0,2,
2020-02-27,0.01,,,0,2,
2020-02-28,0.016802,,,0,2,
2020-02-29,0.0361725,,,0,2,
2020-03-01,0.0205165,,,0,2,
2020-03-02,0.01,,,0,2,
2020-03-03,0.01,,,0,2,
2020-03-04,0.017164,,,0,2,
2020-03-05,0.00984033333333,,,0,3,
2020-03-06,0.0152353333333,,-2.06298102407,0,3,
2020-03-07,0.014238,,22.724252317,0,3,
2020-03-08,0.0176403333333,,24.121153783,0,3,
2020-03-09,0.00666666666667,,10.7729675096,0,3,
2020-03-10,0.00666666666667,,7.58848664675,0,3,
2020-03-11,0.010966,,4.61210096137,0,3,
2020-03-12,-0.296726666667,,-3.62383213268,0,3,
2020-03-13,-0.224904666667,,-37.140722686,0,3,
2020-03-14,-0.066775,,-53.444738878,0,3,
2020-03-15,-0.017863,,-54.0404398938,0,3,
2020-03-16,-0.136893333333,,-55.424802597,0,3,
2020-03-17,-0.0557863333333,,-54.3952880036,0,3,
2020-03-18,-0.0338143333333,,-52.5602318298,0,3,
2020-03-19,-0.0324296666667,,-51.6888545538,0,3,
2020-03-20,-0.000335333333333,,-28.0644084895,0,3,
2020-03-21,-0.0174856666667,,-17.6076895824,0,3,
2020-03-22,-0.030592,,-7.98871669784,0,3,
2020-03-23,-0.00639333333333,,6.75596174097,0,3,
2020-03-24,-0.020228,,-1.0404182481,0,3,
2020-03-25,-0.0249226666667,,-2.61778052554,0,3,
2020-03-26,-0.0123003333333,,-2.39036752244,0,3,
2020-03-27,-0.017628,,-1.02775601314,0,3,
2020-03-28,-0.0335644,,8.47312540371,0,5,
2020-03-29,-0.0205096,,3.03771194683,0,5,
2020-03-30,-0.0068788,,2.90874532601,0,5,
2020-03-31,-0.0205512,,9.47487208903,0,5,
2020-04-01,-0.0219115279893,,13.9960527283,0,6,
2020-04-02,-0.00143333333333,,11.1296454894,0,6,
2020-04-03,0.00117883333333,,5.84614184406,0,6,
2020-04-04,-0.0067443814107,,7.29017547153,0,8,
2020-04-05,-0.000950007127469,,4.05786390292,0,8,
2020-04-06,0.000603461422071,,1.70000386316,0,8,
2020-04-07,-0.0065675,,13.1865071385,0,8,
2020-04-08,0.00526252725667,,9.64574906838,0,8,
2020-04-09,-0.00888890874757,,8.98809558583,0,8,
2020-04-10,-0.0171583781226,,16.9302960097,0,8,
2020-04-11,-0.00468009923182,,14.2011089416,0,8,
2020-04-12,-0.008604,,16.2291503684,0,8,
2020-04-13,-0.0345224831373,,16.8640222162,0,8,
2020-04-14,-0.0134653465236,,10.5470853794,0,8,
2020-04-15,-0.012810625,,11.4065272465,0,8,
2020-04-16,-0.012709625,,18.3615611377,0,8,
2020-04-17,-0.007088,,1.92562120699,0,8,
2020-04-18,0.000421164491732,,7.74003900388,0,8,
2020-04-19,-0.00475527532806,,7.14149758995,0,8,
2020-04-20,-0.0170116785162,,4.89139881434,0,8,
2020-04-21,-0.0192001297122,,7.33521233395,0,8,
2020-04-22,-0.012051875,,10.1162751299,0,8,
2020-04-23,0.000763875,,4.17412772867,0,8,
2020-04-24,0.010489125,,8.9519529694,0,8,
2020-04-25,-0.001216375,,1.39318171935,0,8,
2020-04-26,0.000355848602421,,1.00131679359,0,8,
2020-04-27,-0.00517383722623,,5.06538854355,0,8,
2020-04-28,-0.00460448873367,,2.17522807669,0,8,
2020-04-29,0.010434375,,1.85837712265,0,8,
2020-04-30,0.0119911694789,,-22.6460347382,0,8,
2020-05-01,0.01169225,,10.4869723294,0,8,
2020-05-02,0.009731125,,13.6747396209,0,8,
2020-05-03,0.00609564698383,,14.3856460947,0,8,
2020-05-04,0.00606836778601,,14.7301303353,0,8,
2020-05-05,-0.000292490646653,,12.0376882801,0,8,
2020-05-06,0.015407875,,9.91883163558,0,8,
2020-05-07,0.009454625,,52.793130941,0,8,
2020-05-08,0.015265875,,20.0419155409,0,8,
2020-05-09,0.017550125,,26.8333948833,0,8,
2020-05-10,-0.0105720726134,,28.4125541302,0,8,
2020-05-11,-0.01084925,,0.719071866049,0,8,
2020-05-12,-0.0106715027786,,0.25548163805,0,8,
2020-05-13,-0.00769775422207,,3.59961378013,0,8,
2020-05-14,0.011862375,,5.52287608898,0,8,
2020-05-15,0.00822725,,-1.20648756328,0,8,
2020-05-16,0.0061095,,-8.95910765249,0,8,
2020-05-17,0.01424475,,-13.2658955636,0,8,
2020-05-18,0.00117975,,13.8612976236,0,8,
2020-05-19,0.010179375,,17.0215776791,0,8,
2020-05-20,0.00387889396979,,10.6879322155,0,8,
2020-05-21,0.0075115,,3.8675204762,0,8,
2020-05-22,-0.000353160595397,,3.31333282672,0,8,
2020-05-23,0.003711625,,6.46888312062,0,8,
2020-05-24,-0.003238625,,5.76413695207,0,8,
2020-05-25,-0.00449425116987,,3.04372876848,0,8,
2020-05-26,0.002657125,,1.34688382498,0,8,
2020-05-27,-0.000147375,,3.39571500117,0,8,
2020-05-28,0.00310125,,3.15079008232,0,8,
2020-05-29,0.0058425,,7.23421803186,0,8,
2020-05-30,0.005877875,,5.97932933674,0,8,
2020-05-31,0.00690675,,9.88954924134,0,8,
2020-06-01,0.0379805,,4.5514895836,0,8,
2020-06-02,0.02156275,,17.7609782258,0,8,
2020-06-03,0.006473,,-0.898039850872,0,8,
2020-06-04,0.007535,,-2.34048183908,0,8,
2020-06-05,0.007674375,,15.7262049261,0,8,
2020-06-06,0.007838125,,14.5477441781,0,8,
2020-06-07,0.00251001132735,,11.3119662702,0,8,
2020-06-08,0.006761625,,14.2997577055,0,8,
2020-06-09,0.00848175,,3.80251006825,0,8,
2020-06-10,0.00884925,,22.8475057693,0,8,
2020-06-11,0.01230175,,24.1902884648,0,8,
2020-06-12,0.00439025,,1.30608368797,0,8,
2020-06-13,-0.000441598075571,,0.805909255046,0,8,
2020-06-14,0.0090495,,0.270479315774,0,8,
2020-06-15,-0.00522891267901,,0.50566670684,0,8,
2020-06-16,0.005384625,,0.601299985192,0,8,
2020-06-17,0.007814375,,1.23220331661,0,8,
2020-06-18,0.0072545,,0.167866728117,0,8,
2020-06-19,0.005985375,,2.29266422171,0,8,
2020-06-20,0.006771,,1.15978563118,0,8,
2020-06-21,0.01148425,,2.65388245207,0,8,
2020-06-22,0.005961875,,1.21574552826,0,8,
2020-06-23,0.010357125,,5.08728009403,0,8,
2020-06-24,0.004609125,,6.67920489428,0,8,
2020-06-25,0.006474,,3.99694287403,0,8,
2020-06-26,0.00659125,,-1.21479162552,0,8,
2020-06-27,0.005824875,,-5.08801584583,0,8,
2020-06-28,0.005564625,,-3.09098863659,0,8,
2020-06-29,0.006354875,,-3.92003796519,0,8,
2020-06-30,0.0055265,,-9.3759117436,0,8,
2020-07-01,0.00232675517711,,-11.6175657033,0,8,
2020-07-02,0.00457267302309,,-7.55351522118,0,8,
2020-07-03,0.00411054199515,,-1.56424037836,0,8,
2020-07-04,0.006608,,2.24175142492,0,8,
2020-07-05,0.010723,,-2.24108951383,0,8,
2020-07-06,0.006804875,,0.123015942768,0,8,
2020-07-07,0.00694256715814,,7.53150011892,0,8,
2020-07-08,0.00225344768816,,6.72349081778,0,8,
2020-07-09,0.010472125,,9.75901168176,0,8,
2020-07-10,0.00451282831349,,5.8676583945,0,8,
2020-07-11,0.006849875,,4.12985166302,0,8,
2020-07-12,0.01391125,,5.88988424907,0,8,
2020-07-13,0.006412625,,4.46528681599,0,8,
2020-07-14,0.009223875,,1.15940936546,0,8,
2020-07-15,0.008054,,2.2424156517,0,8,
2020-07-16,0.010442125,,-0.212834537015,0,8,
2020-07-17,-0.000443510891726,,4.95894061075,0,8,
2020-07-18,0.005422875,,7.07500965233,0,8,
2020-07-19,0.0141615,,5.91771622339,0,8,
2020-07-20,0.010127125,,8.09689234229,0,8,
2020-07-21,0.004769625,,2.67305616233,0,8,
2020-07-22,0.00127694145917,,12.7870254783,0,8,
2020-07-23,0.00877144865334,,12.4924319231,0,8,
2020-07-24,0.00790832450336,,12.1719472158,0,8,
2020-07-25,0.006975375,,12.037287198,0,8,
2020-07-26,0.03372975,,19.551569689,0,8,
2020-07-27,0.0480468982825,,16.5163699512,0,8,
2020-07-28,0.0624169115367,,23.6886158824,0,8,
2020-07-29,0.0309245,,15.5059515229,0,8,
2020-07-30,0.0478931079993,,16.3254789889,0,8,
2020-07-31,0.021190875,,14.7383509636,0,8,
2020-08-01,0.0491738131608,,21.4042409503,0,8,
2020-08-02,0.026788,,21.0094231974,0,8,
2020-08-03,0.017653125,,7.50198796111,0,8,
2020-08-04,0.014722375,,3.13083186794,0,8,
2020-08-05,0.010928625,,1.24688207897,0,8,
2020-08-06,0.0104985,,0.913650894697,0,8,
2020-08-07,0.0128437724633,,3.4007420678,0,8,
2020-08-08,0.010675125,,-2.69195780473,0,8,
2020-08-09,0.01331975,,-8.86862226243,0,8,
2020-08-10,0.0158093333333,,5.0069057265,0,9,
2020-08-11,0.0209216666667,,7.75518276771,0,9,
2020-08-12,0.00695511111111,,5.77290542094,0,9,
2020-08-13,0.0204548888889,,0.108817576709,0,9,
2020-08-14,0.0207988888889,,-1.51366185941,0,9,
2020-08-15,0.0214547777778,,0.748631274365,0,9,
2020-08-16,0.0298555555556,,5.60253882102,0,9,
2020-08-17,0.0525353589066,,4.52917498673,0,9,
2020-08-18,0.0629392222222,,6.36656436437,0,9,
2020-08-19,0.0219400346985,,4.11122046161,0,9,
2020-08-20,0.00642454083827,,2.22634233203,0,9,
2020-08-21,0.0136926666667,,-1.18250382437,0,9,
2020-08-22,0.00788722222222,,-1.22614699499,0,9,
2020-08-23,0.010341,,-6.74537408799,0,9,
2020-08-24,0.00859822222222,,-7.31531703148,0,9,
2020-08-25,0.0190091111111,,-10.5062442275,0,9,
2020-08-26,0.0107236666667,,-8.92986474511,0,9,
2020-08-27,0.0131774444444,,-8.71378216535,0,9,
2020-08-28,0.00761433333333,,-6.520608243,0,9,
2020-08-29,0.00833211111111,,-8.53157804474,0,9,
2020-08-30,0.0144142222222,,-5.4435985223,0,9,
2020-08-31,0.0143576666667,,-3.68906028133,0,9,
2020-09-01,0.0339494444444,,-4.18382215917,0,9,
2020-09-02,0.0270828888889,,2.37582744977,0,9,
2020-09-03,-0.00912478829353,,-1.1580233843,0,9,
2020-09-04,-0.00453670631462,,-15.8813426973,0,9,
2020-09-05,0.00552146572607,,-21.8324368118,0,9,
2020-09-06,-0.000611933397373,,-23.0979330791,0,9,
2020-09-07,0.00693166666667,,-24.2696608992,0,9,
2020-09-08,0.004001,,-24.491579573,0,9,
2020-09-09,0.00382434422576,,-27.7640745177,0,9,
2020-09-10,0.00455595939841,,-22.9779450854,0,9,
2020-09-11,0.00214634333318,,-8.26884729537,0,9,
2020-09-12,0.00360675099581,,2.23423609549,0,9,
2020-09-13,-0.00262445748346,,3.68523684906,0,9,
2020-09-14,-0.00425201571702,,3.82950469331,0,9,
2020-09-15,-0.00381866666667,,5.64996835225,0,9,
2020-09-16,-0.00237311111111,,5.46577740114,0,9,
2020-09-17,-0.00127967882487,,11.4634409085,0,9,
2020-09-18,-0.000145868152325,,8.74747096227,0,9,
2020-09-19,0.000962888888889,,5.80507765332,0,9,
2020-09-20,-0.00249466262582,,7.95968374486,0,9,
2020-09-21,-0.00479229884558,,5.79354975655,0,9,
2020-09-22,-0.00661834585898,,-0.683175291875,0,9,
2020-09-23,-0.000480444444444,,-2.54932132457,0,9,
2020-09-24,0.00308944444444,,-7.02582493944,0,9,
2020-09-25,0.00298297622605,,-7.47996026548,0,9,
2020-09-26,0.00426145510065,,-10.3957698543,0,9,
2020-09-27,0.00458003452019,,-10.1146481644,0,9,
2020-09-28,0.00490955555556,,-8.73755272793,0,9,
2020-09-29,0.00434311111111,,-6.02689950482,0,9,
2020-09-30,0.000838719824734,,-2.95110524242,0,9,
2020-10-01,0.00302922222222,,-4.99218138813,0,9,
2020-10-02,-0.00243391643708,,-3.73639221476,0,9,
2020-10-03,-0.00580661486469,,-0.854772653871,0,9,
2020-10-04,-0.00302004431919,,-3.35359727699,0,9,
2020-10-05,-0.00752241006294,,-2.65650671242,0,9,
2020-10-06,-0.00151288888889,,1.73856631609,0,9,
2020-10-07,-0.000189444444444,,-0.0417199969065,0,9,
2020-10-08,0.00797422222222,,3.09760043668,0,9,
2020-10-09,6.08888888889e-05,,6.98159827344,0,9,
2020-10-10,0.0114433333333,,12.7594189893,0,9,
2020-10-11,0.00906388888889,,12.9088240468,0,9,
2020-10-12,0.0130341111111,,12.8788083804,0,9,
2020-10-13,0.00985611111111,,10.3719347784,0,9,
2020-10-14,0.00595289124853,,9.84849647706,0,9,
2020-10-15,0.00600876759816,,7.62743809812,0,9,
2020-10-16,0.00023693619169,,6.12240360989,0,9,
2020-10-17,-0.00160286286848,,-0.598037730565,0,9,
2020-10-18,-0.00294101327298,,-2.63745033809,0,9,
2020-10-19,0.00362277777778,,-0.812329696158,0,9,
2020-10-20,-0.00653044467339,,4.23213531213,0,9,
2020-10-21,0.00663444444444,,11.4355788594,0,9,
2020-10-22,0.0101067777778,,17.5575485385,0,9,
2020-10-23,0.029631,0.014025,18.7652485343,0,9,8
2020-10-24,0.0204478888889,0.008425,23.1301597009,0,9,8
2020-10-25,0.0114333333333,0.009375,30.1929137212,0,9,8
2020-10-26,0.00924933333333,0.000519375,24.6120001713,0,9,8
2020-10-27,0.00971133333333,-0.00757876743196,17.2509992919,0,9,8
2020-10-28,0.00690833333333,-0.00826145825927,15.0192289974,0,9,8
2020-10-29,0.00627333333333,0.003971375,4.5715114835,0,9,8
2020-10-30,0.00243177777778,-0.00578134501545,4.20037757612,0,9,8
2020-10-31,0.0118856666667,-0.000305125,4.33402838452,0,9,8
2020-11-01,-0.00943444444444,0.00639643079323,5.13752502344,0,9,8
2020-11-02,-0.0013223,0.0104564444444,5.91195739716,0,10,9
2020-11-03,0.00220761455499,-0.0176329779722,1.64921414236,0,10,9
2020-11-04,-0.00165152055099,0.0029469651456,0.596278995193,0,10,9
2020-11-05,0.010099597168,0.0168444444444,6.41523016965,0,10,9
2020-11-06,0.0414991402807,0.0335052899152,7.50065965179,0,10,9
2020-11-07,0.0515005727216,0.0302538111571,8.56710692326,0,10,9
2020-11-08,0.0220724341276,0.0174376319883,-2.384457319,0,10,9
2020-11-09,0.0244824872674,0.005,3.04517304678,0,10,9
2020-11-10,0.0108918,0.00942723174504,6.02276076915,0,10,9
2020-11-11,0.00372518793671,0.0231241111111,2.0867259578,0,10,9
2020-11-12,0.0120568398579,0.00424521855335,8.60767668373,0,10,9
2020-11-13,0.0082269,0.00753560844109,8.54425748842,0,10,9
2020-11-14,0.00430405025746,0.00340501764319,4.19713431003,0,10,9
2020-11-15,0.00372681217998,0.008,7.76651313726,0,10,9
2020-11-16,0.0197619663644,0.00414452921936,3.2362541512,0,10,9
2020-11-17,0.00675085489027,0.0287613333333,12.4488005064,0,10,9
2020-11-18,0.0329963094214,0.0379111111111,15.0152761407,0,10,9
2020-11-19,0.0536504646862,0.0277338888889,7.62514513708,0,10,9
2020-11-20,0.041922605638,0.0243,7.04100861364,0,10,9
2020-11-21,0.0501287902967,0.0697669019919,14.881922057,0,10,9
2020-11-22,0.084873338157,0.107322756853,19.6165320802,0,10,9
2020-11-23,0.0912902335689,0.0675782647374,20.3317556261,0,10,9
2020-11-24,0.0685704602898,0.0414395957756,14.5570876267,0,10,9
2020-11-25,0.0493208704985,0.0203491191831,14.1592940823,0,10,9
2020-11-26,0.0232548509077,0.00986911111111,15.6586183346,0,10,9
2020-11-27,0.0109048,0.00966666666667,-6.45110738327,0,10,9
2020-11-28,0.0088087,0.00690880749504,-11.1860518117,0,10,9
2020-11-29,0.0106948,0.0106666666667,-10.1636087991,0,10,9
2020-11-30,0.0459602801431,0.0600228827942,-8.16063822419,0,10,9
2020-12-01,0.0346193620987,0.00788888888889,-2.58459773428,0,10,9
2020-12-02,0.0133767,0.00677777777778,-1.15389218092,0,10,9
2020-12-03,0.0218634722402,0.00737011111111,-8.20730117037,0,10,9
2020-12-04,0.006093,0.00844444444444,15.6598900306,0,10,9
2020-12-05,0.0097079,0.00888888888889,12.4018696371,0,10,9
2020-12-06,0.014941,0.0132444444444,10.1003161195,0,10,9
2020-12-07,0.011915739181,0.00555555555556,7.25075745941,0,10,9
2020-12-08,0.0048698,0.00811111111111,1.34887743725,0,10,9
2020-12-09,0.0002607,0.00787777777778,-0.452218255119,0,10,9
2020-12-10,0.0117582,0.00566666666667,2.93325808866,0,10,9
2020-12-11,0.0080466,0.000878369832297,-3.17859219563,0,10,9
2020-12-12,-0.00255209857035,-0.00634937167087,-0.209366704826,0,10,9
2020-12-13,0.0132224419274,0.0181460393246,-1.01988011425,0,10,9
2020-12-14,0.00717970070234,0.00112438416814,4.08445637647,0,10,9
2020-12-15,0.00256860846654,0.00337655866029,2.80297345386,0,10,9
2020-12-16,0.0336250851415,0.0200915838559,4.33198642763,0,10,9
2020-12-17,0.0528744929533,0.0200893333333,14.708534186,0,10,9
2020-12-18,0.0490340283106,0.00454444444444,19.856596444,0,10,9
2020-12-19,0.0443430182165,0.0703801526964,22.6396177974,0,10,9
2020-12-20,0.0389402523976,0.0419920776852,28.9604759029,0,10,9
2020-12-21,0.014666,0.00844444444444,21.7517810132,0,10,9
2020-12-22,0.0139293015075,0.00512243187577,15.3905482851,0,10,9
2020-12-23,0.0156294829228,0.0180085555556,15.6414147264,5.45451860254,10,9
2020-12-24,0.0180834,0.0162582019648,7.58505111229,-5.42033967698,10,9
2020-12-25,0.052153156984,0.0173682222222,-1.3127227808,-8.60656547812,10,9
2020-12-26,0.0300866071585,0.0778903648968,1.42385255827,-16.1457371176,10,9
2020-12-27,0.0925815766276,0.0697177498666,3.37346208023,-10.2496532284,10,9
2020-12-28,0.0601000778228,0.034748591673,6.31390197261,-4.55514823998,10,9
2020-12-29,0.0295640606458,0.0387554320942,11.6550487649,-1.2303813367,10,9
2020-12-30,0.0622094834446,0.0345203518159,3.87748309015,-2.31025275377,10,9
2020-12-31,0.0278428399175,0.00647455555556,9.13359636161,1.5730555853,10,9
2021-01-01,0.0152547790816,0.00762235803812,16.1096372296,2.60624973376,10,9
2021-01-02,0.062117143876,0.118417966003,12.2866640777,-0.45305009267,10,9
2021-01-03,0.133184593236,0.0842657348534,14.0510768026,0.609953451408,10,9
2021-01-04,0.0614225273603,0.0353717393366,13.0624287161,6.41887841507,10,9
2021-01-05,0.0333521,0.0719521758352,5.37771634124,5.32096406713,10,9
2021-01-06,0.0941983126761,0.063712740004,9.90266541957,3.95237381762,10,9
2021-01-07,0.0751983206606,0.175824244832,16.1176841416,4.63007366591,10,9
2021-01-08,0.111755371566,0.0337403637417,23.8320223784,5.1384282426,10,9
2021-01-09,0.0586108897055,0.103815173987,24.0663222517,5.74259291942,10,9
2021-01-10,0.0757920688901,0.0743872238807,17.1848484222,9.85809851217,10,9
2021-01-11,0.0777170941066,0.0150827052925,17.4513265178,12.0861210818,10,9
2021-01-12,0.0515585186481,0.031446177614,10.3007024134,12.3471416216,10,9
2021-01-13,0.0497942652215,0.0479482340698,15.8159830093,8.79730989763,10,9
2021-01-14,0.0558980348604,0.0802736573892,5.56614857347,8.08581869643,10,9
2021-01-15,0.0819541336978,0.000680231189071,10.6541549521,11.0369465446,10,9
2021-01-16,0.0425835636858,0.0193936678584,4.61091060259,11.9717281402,10,9
2021-01-17,0.0174025,0.0502727133875,1.46852071883,11.4740166331,10,9
2021-01-18,0.0777836445692,0.0440188157095,-3.43302902731,11.5466538218,10,9
2021-01-19,0.0971216697462,0.0693248644009,13.2744063726,12.7344230994,10,9
2021-01-20,0.0217470065256,0.0197797777778,9.78038225282,14.6810158299,10,9
2021-01-21,0.0212020829308,0.0153164686251,3.44065757796,16.1646712247,10,9
2021-01-22,0.0099363,0.00566666666667,-15.6025575319,14.1844139652,10,9
2021-01-23,0.005822469486,0.0124444444444,-13.7807316907,14.191357202,10,9
2021-01-24,0.0247062781109,0.00523002833433,-15.581446236,14.1591655375,10,9
2021-01-25,0.0257905590646,0.0219847700015,-11.887863082,12.7594400043,10,9
2021-01-26,0.00673818487521,0.00542495034118,-13.0461325,12.6018443589,10,9
2021-01-27,0.00218415698272,0.00236743327927,-15.3910485366,13.2804947859,10,9
2021-01-28,0.0179616583854,-0.00494144191455,-13.0988038516,8.52057400277,10,9
2021-01-29,0.120240313189,0.0394702450704,-0.603060531339,7.40307248497,10,9
2021-01-30,0.0196617503075,0.0220694581764,3.45889397594,9.84459619495,10,9
2021-01-31,0.0340140967626,0.0103262911659,5.49801372653,13.4004602062,10,9
2021-02-01,0.0418120600802,0.0250208908899,2.49175584859,11.7256553226,10,9
2021-02-02,0.086738781548,0.064232758654,-0.765560124889,8.01635737279,10,9
2021-02-03,0.0760796065346,0.0308916666667,6.99656966081,5.60434112607,10,9
2021-02-04,0.0421346266218,0.0377387544133,13.9727092213,6.40995368609,10,9
2021-02-05,0.0715008540857,0.019131843619,9.06525711017,5.97398056643,10,9
2021-02-06,0.0705521952567,0.148240960707,12.7163508693,5.14249908394,10,9
2021-02-07,0.0920714676556,0.044933577407,21.9510660884,8.33908339432,10,9
2021-02-08,0.14755579995,0.141137785174,22.0150944899,3.59109862429,10,9
2021-02-09,0.152188818902,0.0861792336047,41.7017534934,3.49312010494,10,9
2021-02-10,0.108281551465,0.0760052873081,33.7270535526,7.21243375646,10,9
2021-02-11,0.126424445901,0.120426970242,29.2218767644,5.41095802332,10,9
2021-02-12,0.100292125306,0.118891688068,36.5715970561,6.8967243311,10,9
2021-02-13,0.0712863746153,0.0688064458955,28.1261409281,9.88186458952,10,9
2021-02-14,0.11430438741,0.126529283665,19.7420937108,8.07502508692,10,9
2021-02-15,0.0827557157287,0.115363437233,29.2183970428,11.2331526957,10,9
2021-02-16,0.129710802981,0.0998423402909,8.92330150017,10.6841203983,10,9
2021-02-17,0.146014002882,0.125373926836,11.8282011984,6.6132004705,10,9
2021-02-18,0.119673636698,0.0789985179047,22.179291017,9.06195918856,10,9
2021-02-19,0.095214731562,0.121014472416,12.7027178577,4.11552591123,10,9
2021-02-20,0.0857574241603,0.076469800456,16.8508748188,4.99240160028,10,9
2021-02-21,0.109745939255,0.101980859367,11.6959850947,4.0259196722,10,9
2021-02-22,0.0971749518794,0.0103053333333,9.7819758675,8.2546897947,10,9
2021-02-23,0.0223696451839,0.0280571968155,4.06891936654,10.0552181036,10,9
2021-02-24,0.0221914465714,0.00951111111111,-5.74241683648,10.0511850221,10,9
2021-02-25,0.018187971905,0.0222941839495,-13.7453911843,10.8283939782,10,9
2021-02-26,0.016662,0.0314380766851,-14.6636008695,11.8872425632,10,9
2021-02-27,0.0184549756875,0.00512222222222,-21.3016095166,11.8537285717,10,9
2021-02-28,0.0220763607663,0.00721241685839,-17.0666800188,12.1426458038,10,9
2021-03-01,0.00488143605857,0.0131111111111,-20.5905181371,7.18877097229,10,9
2021-03-02,0.0104991,0.0106666666667,-8.43265840118,8.87901040676,10,9
2021-03-03,0.0336320316593,0.0134666666667,-3.63174398552,5.80738935159,10,9
2021-03-04,0.0163939171743,0.02559744388,-1.41015779601,8.08691045474,10,9
2021-03-05,0.0119327,0.0115555555556,-1.38099024298,8.50388349924,10,9
2021-03-06,0.0115569233902,0.00766666666667,1.73656182695,8.77572676672,10,9
2021-03-07,0.0418606751303,0.0384902046257,-0.00880952874824,4.79274892406,10,9
2021-03-08,0.0368136356372,0.0748451430252,6.84415331203,4.71081770174,10,9
2021-03-09,0.0560217584576,0.0356533333333,4.33177823514,1.31188610234,10,9
2021-03-10,0.0729182015203,0.096071196046,18.109978335,1.09279913214,10,9
2021-03-11,0.084816592685,0.0954833360846,23.0603922568,2.67255917512,10,9
2021-03-12,0.0564488595218,0.0211842222222,28.2583359696,5.79811803341,10,9
2021-03-13,0.0951458473551,0.116454300211,36.0895390766,1.77720058061,10,9
2021-03-14,0.104453026152,0.0662473389944,49.6215498631,5.55925662176,10,9
2021-03-15,0.0410183071329,0.0262219456546,41.8968280508,10.1691044552,10,9
2021-03-16,0.0255072,0.0194104444444,25.8139821374,12.185102406,10,9
2021-03-17,0.0189269160271,0.0232286666667,8.13168331393,10.6254329221,10,9
2021-03-18,0.040483652309,0.0134655555556,2.46782333091,11.0135495445,10,9
2021-03-19,0.019228,0.0168831111111,6.59389497322,12.3408621289,10,9
2021-03-20,0.0475375109442,0.0442735711234,0.936342334506,12.9439268137,10,9
2021-03-21,0.0279359435955,0.0190528888889,-4.96209361857,15.6743143176,10,9
2021-03-22,0.0351038594853,0.024722834956,-6.60723130013,18.6847895243,10,9
2021-03-23,0.0164185,0.0289683393197,1.30425900191,19.7407856764,10,9
2021-03-24,0.0234842,0.0202581425845,4.11917840426,21.2749377642,10,9
2021-03-25,0.0153827383956,0.009678,2.36696456645,21.9636909378,10,9
2021-03-26,0.008622,-0.00958043447314,-9.1799114943,16.346754393,10,9
2021-03-27,0.0133933,0.0108888888889,-10.4378576175,11.9570262744,10,9
2021-03-28,0.0138274,0.0191444714128,-11.4662204775,12.7178141223,10,9
2021-03-29,0.0462815624392,0.0618561375796,-8.63427084261,8.44081522033,10,9
2021-03-30,0.0954430846787,0.0750454446791,-0.681636445618,5.7938279479,10,9
2021-03-31,0.081944979741,0.112393277597,7.218399822,8.42662932079,10,9
2021-04-01,0.0796759857897,0.0688059406901,7.49099063782,10.3045372508,10,9
2021-04-02,0.0908949961532,0.0742358625933,15.4228814953,10.8070379318,10,9
2021-04-03,0.0863261846063,0.0467622583216,23.2366682333,14.1700814773,10,9
2021-04-04,0.0304623,0.0421340069554,22.320020511,15.8701342706,10,9
2021-04-05,0.0696572962367,0.115530678204,16.6569904868,15.330254859,10,9
2021-04-06,0.0888623248527,0.0422320818728,10.4499588686,17.7339971734,10,9
2021-04-07,0.0338529866167,0.0386047793651,3.99920243158,20.3442670859,10,9
2021-04-08,0.0229749882831,0.0236475871687,2.99984082745,15.5391418245,10,9
2021-04-09,0.0288071108646,0.020823083281,-0.423729057983,13.2392934754,10,9
2021-04-10,0.104864009362,0.0640793002406,-3.13262866907,10.5669031513,10,9
2021-04-11,0.104090351284,0.098368057105,3.58537809435,11.2243647823,10,9
2021-04-12,0.0811017282252,0.086848811895,5.58242305682,11.4092177876,10,9
2021-04-13,0.093353740166,0.0793936707823,6.57942149669,5.57320528963,10,9
2021-04-14,0.0734691370705,0.0716355421247,15.7198523875,7.79401994985,10,9
2021-04-15,0.0717056417666,0.083122558062,15.7596218448,8.64923628395,10,9
2021-04-16,0.0777698367008,0.028469,17.6562501894,12.5776471719,10,9
2021-04-17,0.049779744893,0.064723025242,13.7474159871,16.2069722855,10,9
2021-04-18,0.0281835288265,-0.00233333333333,5.00659132396,19.2542356191,10,9
2021-04-19,0.0193134,-0.00267105129306,-9.41989095551,19.4334595016,10,9
2021-04-20,0.0105388,0.00866666666667,-16.1342575292,18.5966812101,10,9
2021-04-21,0.01236,0.0117691441312,-23.816470396,20.3211448141,10,9
2021-04-22,0.0200363967978,0.0179939817991,-24.312963901,21.6022794153,10,9
2021-04-23,0.0100699,-0.00866187285008,-25.9433121329,22.194787143,10,9
2021-04-24,0.0132842175185,0.00884233333333,-26.5519327314,20.4621459263,10,9
2021-04-25,0.0097292,0.00644444444444,-27.2871854053,21.3632903983,10,9
2021-04-26,0.00115198141533,0.00877777777778,-15.4385879271,15.1570689285,10,9
2021-04-27,0.00776,0.00552316933075,-12.8522131369,11.1825401869,10,9
2021-04-28,0.0061272,0.00925555555556,-10.3497647405,8.83440539429,10,9
2021-04-29,0.0127868,0.0198174915178,-9.78322862446,12.2364205869,10,9
2021-04-30,0.011285,0.0162783333333,-6.1785199637,6.78425315127,10,9
2021-05-01,0.0277704704474,0.0179933333333,3.18911104985,7.73969819865,10,9
2021-05-02,0.0319558776992,0.0244818302382,5.29588944308,10.8560692732,10,9
2021-05-03,0.0359891405728,0.0262153245437,5.70931342021,12.2921755368,10,9
2021-05-04,0.0311466969211,0.0148285804026,7.50880516033,15.8554346886,10,9
2021-05-05,0.0139574,0.0452697716943,3.6278557339,11.6606761342,10,9
2021-05-06,0.0598976394844,0.0221282809418,6.65774638303,13.60560332,10,9
2021-05-07,0.0190004,0.0401343386971,5.98946419625,12.058333595,10,9
2021-05-08,0.0405707716308,0.030234608178,-0.578416746655,11.1258535968,10,9
2021-05-09,0.0274006019887,0.0121614444444,1.75151225141,14.0657615742,10,9
2021-05-10,0.0371484460103,0.0304545555556,0.900206236395,17.2712178029,10,9
2021-05-11,0.0196386263455,0.00874,1.67148000829,16.9249102524,10,9
2021-05-12,0.0386161319842,0.0248058183566,4.30165348437,19.5808398518,10,9
2021-05-13,0.0178329878426,0.0139142782266,,21.7604284091,10,9
2021-05-14,0.0120589,0.015563444116,-4.47760008435,20.1263264699,10,9
2021-05-15,0.0197625762008,0.0301035146212,-4.75860088699,21.5709620258,10,9
2021-05-16,0.0170941918101,0.0178764818097,-2.65162501945,23.0028094721,10,9
2021-05-17,0.0176333442551,0.0331501538725,-6.8043617786,22.757648136,10,9
2021-05-18,0.0169522295428,0.0158626961119,-11.1531918359,22.0993108827,10,9
2021-05-19,-0.13296520504,0.00627777777778,-12.2671250834,23.9494797262,10,9
2021-05-20,-0.0224081659257,-0.0239846896036,-36.7644004782,20.4439526581,10,9
2021-05-21,-0.02291346037,-0.0131866846032,-30.4160449179,20.8386828836,10,9
2021-05-22,0.00601590936549,-0.0160408705429,-33.0087338937,17.341587246,10,9
2021-05-23,-0.0113066887848,-0.0190725500155,-35.5558812389,17.6566991913,10,9
2021-05-24,0.0025956122919,0.000745666666667,-38.8123726398,13.3200645124,10,9
2021-05-25,0.0072766,0.00246584661603,-33.0970386579,12.2024676414,10,9
2021-05-26,0.0059631,-0.00968486898188,-32.6805455993,10.4128187482,10,9
2021-05-27,0.00936703634638,0.00780788888889,-4.94895321787,9.47249005386,10,9
2021-05-28,-0.00152976588615,0.00240811111111,-8.01565415889,11.6923106444,10,9
2021-05-29,0.0060921,0.014707,-6.44815698886,11.7644758739,10,9
2021-05-30,0.0092586,0.00966666666667,-6.0858090025,9.46157254252,10,9
2021-05-31,0.0091525,-0.00488888888889,0.967016271844,6.90487548782,10,9
2021-06-01,0.0057547,0.000545888888889,-0.297719602511,6.97655477304,10,9
2021-06-02,0.0115222,0.0048,-2.448208702,3.7231904877,10,9
2021-06-03,0.00259921876828,0.00291411111111,0.912879895353,0.492579835914,10,9
2021-06-04,-0.0008365,-0.0107289165304,2.12831135385,4.74513125537,10,9
2021-06-05,-0.004002,0.000466666666667,1.93009003109,7.47486562243,10,9
2021-06-06,0.0082761,0.00186666666667,2.63367302846,7.33843728107,10,9
2021-06-07,0.0029578,-0.0102838855484,3.58410539728,6.9601465503,10,9
2021-06-08,-0.000591994555488,-0.0228232374045,2.4197964561,9.07073799417,10,9
2021-06-09,-0.0285017593269,0.00161111101163,0.325861773766,3.91193276444,10,9
2021-06-10,1.04e-05,0.00976666666667,2.52088128699,2.96870035088,10,9
2021-06-11,0.00370862960114,0.000909380572942,-0.361368188641,2.75457888265,10,9
2021-06-12,-0.0112809643965,0.00300132502584,4.36958958838,5.31346453166,10,9
2021-06-13,-0.00574221860366,0.0118104140824,0.805344765387,0.163880942111,10,9
2021-06-14,0.00139055793484,0.000610160301038,3.51123518571,-1.77708203349,10,9
2021-06-15,0.0103113,-0.0121812615605,13.0120667634,-1.19909692035,10,9
2021-06-16,0.0024511532701,-0.0133748846912,15.5371905417,2.52534001136,10,9
2021-06-17,-0.002525,-0.0231319134095,5.36721996504,5.70594167853,10,9
2021-06-18,-0.00441482160025,-0.0168043876526,10.4543137578,9.59033021108,10,9
2021-06-19,-0.0105158081386,0.00346926070446,4.16026938062,8.6708644524,10,9
2021-06-20,-0.0201749366934,0.0011424482744,8.43547854043,9.63820097774,10,9
2021-06-21,-0.0201780621149,-0.0104345004999,2.09076826821,11.7189046006,10,9
2021-06-22,-0.0233405691447,-0.0279462317551,-14.1978508133,10.8490275049,10,9
2021-06-23,-0.0156326760118,-0.00330245823077,-13.0603326033,8.19434701075,10,9
2021-06-24,-0.0194376114212,-0.0125468759851,-11.6107213977,5.06389123321,10,9
2021-06-25,0.0023559,-0.0357302462653,-12.3849224828,7.46379039923,10,9
2021-06-26,-0.0197473457899,-0.00385405755242,-16.6422549883,6.32445854577,10,9
2021-06-27,-0.0332963894998,-0.00607862792025,-14.4982871644,2.3739790488,10,9
2021-06-28,0.0070553,0.00573826316476,-8.90723893442,1.59365933579,10,9
2021-06-29,-0.00370683483235,0.0136666666667,-3.41903259552,-1.81310970407,10,9
2021-06-30,-0.00198647141761,-0.0029047151631,3.20780868108,1.37086936063,10,9
2021-07-01,-0.00765108565887,-0.0107852322676,-2.32361918266,5.20867848605,10,9
2021-07-02,-0.00372531673713,-0.0213383703997,-4.17872664998,3.55276758346,10,9
2021-07-03,0.00312153514382,0.00254811002164,6.63298006726,0.321638643902,10,9
2021-07-04,-0.00622259622834,0.00160532769956,6.060944459,-3.41330530408,10,9
2021-07-05,-0.0225696797408,-7.25027871252e-05,2.86243074794,1.14595160796,10,9
2021-07-06,-0.0119820108133,-0.00814756565983,1.09923897522,0.127738850867,10,9
2021-07-07,0.0041397,-0.0105559337223,-4.546468647,2.07403864381,10,9
2021-07-08,-0.0082714658667,-0.00354274429182,0.668010805977,5.49336619238,10,9
2021-07-09,-0.00332731363813,0.00597934078935,2.82677535825,1.25722272044,10,9
2021-07-10,0.00471124563242,-0.0110348098198,0.555355808758,1.60554723032,10,9
2021-07-11,0.0047233,-0.000700426034557,-1.39440850236,-3.34825758567,10,9
2021-07-12,0.0018886,-0.00568781524361,-0.844653625633,1.0681309317,10,9
2021-07-13,-0.00467495726211,0.00219831801933,1.36484242612,3.68514522218,10,9
2021-07-14,-0.00774559045033,-0.00462344279094,1.03975925713,5.37961801399,10,9
2021-07-15,-0.00574635906089,-0.00569675982935,0.631880381528,8.98393820438,10,9
2021-07-16,0.0080659,-0.00769062021396,2.83754539453,8.69782239608,10,9
2021-07-17,-0.00275887813688,0.00587745463575,0.929115455335,6.42310028002,10,9
2021-07-18,-0.0112675140263,-0.00657686919266,2.97135277205,4.48980691995,10,9
2021-07-19,-0.00260709266011,-0.00943432252494,1.22552354153,8.50692853858,10,9
2021-07-20,-0.00905144113441,-0.0192361618997,6.51763448886,11.5329919225,10,9
2021-07-21,-0.0120386494235,-0.00193996538088,3.942387338,5.07890971398,10,9
2021-07-22,-0.00107517132617,-0.00493098830042,5.31288314472,2.4930504042,10,9
2021-07-23,-0.0026500115925,-0.00820748452343,1.81543446825,-2.2382819785,10,9
2021-07-24,-0.0155703149125,-0.0370888686242,8.78944618307,-6.20546317762,10,9
2021-07-25,-0.0240677025447,-0.0394165428392,10.1197736617,-9.59745263108,10,9
2021-07-26,0.0070816,0.00658888888889,14.6374207856,-11.8118797429,10,9
2021-07-27,-0.00748542181876,0.00694460090858,-0.230515853821,-11.5262063579,10,9
2021-07-28,0.00976465257542,0.00330747083022,6.86873255919,-11.7522791189,10,9
2021-07-29,0.00989096891467,0.00468719465047,7.09740424538,-9.70766645724,10,9
2021-07-30,-0.00179491895871,0.0113333333333,7.26689714336,-10.9769622876,10,9
2021-07-31,0.0089051,0.000491127715282,5.17498747306,-9.96510949684,10,9
2021-08-01,0.00684,-0.00180351179578,0.896164256761,-5.41756297731,10,9
2021-08-02,-8.91134952486e-05,0.00354534017465,-6.86135069486,-1.92012516095,10,9
2021-08-03,0.00209397234894,0.0108888888889,3.14866976504,2.33719483033,10,9
2021-08-04,0.00336810096662,0.00577500282462,-1.56135228055,-0.405404717765,10,9
2021-08-05,0.0046265,0.00562669555826,-1.75429249239,0.445611910795,10,9
2021-08-06,0.00289337184877,0.0143806783893,-1.80594785208,-3.33462454437,10,9
2021-08-07,0.00898656646878,-0.000449162776412,1.74432462087,-4.63582201053,10,9
2021-08-08,0.0107753,0.0101111111111,6.4127046994,-4.10693778353,10,9
2021-08-09,0.0145985,0.0108888888889,7.8659928289,-6.06449601403,10,9
2021-08-10,0.0061434,0.008,14.2977917278,-4.675585367,10,9
2021-08-11,0.0089219,0.00390585144109,14.8196531727,-4.34438425386,10,9
2021-08-12,0.0077163,0.00788377777778,14.6860398234,0.447227502302,10,9
2021-08-13,0.0128251,0.0112222222222,16.1819224891,-5.23812430357,10,9
2021-08-14,-0.00065336626615,0.00278805996721,14.8017469659,-3.12596972384,10,9
2021-08-15,0.0032739,0.0112899617146,9.78867497733,-0.717245163593,10,9
2021-08-16,0.0070988,0.00411111111111,10.7808861028,1.21913602276,10,9
2021-08-17,0.0095202,0.0114,6.17519215824,5.01054407449,10,9
2021-08-18,0.0114927,0.00502222222222,4.34920425323,6.43718266709,10,9
2021-08-19,0.0139142,0.0151111111111,1.1871652533,2.50142549828,10,9
2021-08-20,0.0145213,0.00977777777778,3.03806489675,-2.10708100323,10,9
2021-08-21,0.0110405,0.0107777777778,4.60005067146,-2.16644469204,10,9
2021-08-22,0.0116193,0.013,5.14820933863,-0.318710888753,10,9
2021-08-23,0.0073805,0.0161492222222,6.96247666888,-0.840659222541,10,9
2021-08-24,0.0155842,0.0118016666667,8.75484499561,4.18138310511,10,9
2021-08-25,0.0141168,0.0110555555556,11.207090063,3.33748792554,10,9
2021-08-26,0.002792,0.0118088888889,13.8570188024,7.23661259391,10,9
2021-08-27,0.0077956,0.0144444444444,7.9085520221,3.52923491803,10,9
2021-08-28,0.0147164,0.00811111111111,0.956131803452,4.67134215941,10,9
2021-08-29,0.0060875,0.01,2.6357304191,5.19040660213,10,9
2021-08-30,0.0126924,0.0214159257725,1.25317193911,8.57217121571,10,9
2021-08-31,0.0261175,0.0308503625269,-2.05999706319,8.4824369488,10,9
2021-09-01,0.0236562449328,0.025866249901,-1.85783752821,5.62517700984,10,9
2021-09-02,0.0247122018456,0.0348020170596,,3.75557900551,10,9
2021-09-03,0.0288224593581,0.0270103160365,2.30234966164,3.53715692851,10,9
2021-09-04,0.0115923,0.0142555555556,4.94649652942,6.49015775446,10,9
2021-09-05,0.0228099,0.0255439138553,2.91532441071,0.993290330222,10,9
2021-09-06,0.0027106,0.0168129159164,10.5773149532,-2.85803674471,10,9
2021-09-07,0.00107314655293,-0.00446191497734,14.4264863663,2.56420843745,10,9
2021-09-08,0.0024757,0.00492111111111,-12.4781212921,3.4919309415,10,9
2021-09-09,-0.00108355963428,0.00944444444444,-14.8923379552,3.82692171514,10,9
2021-09-10,0.0095688,0.00755555555556,-18.7727175073,7.81662812559,10,9
2021-09-11,0.0096547,0.00822222222222,-18.5251090515,7.93013277008,10,9
2021-09-12,0.0081917,0.0084,-17.3649213201,7.0135264657,10,9
2021-09-13,0.00837981464987,0.0116666666667,-23.354351784,8.34531553544,10,9
2021-09-14,0.008461,0.00227777777778,-25.7448260621,3.82985951862,10,9
2021-09-15,-0.00802580249682,0.000412643609838,-1.60941830951,-1.02927745046,10,9
2021-09-16,0.0039056,0.0107777777778,6.04260971943,1.22463151564,10,9
2021-09-17,0.0025494,-0.00146046302205,3.98358229386,4.78902460991,10,9
2021-09-18,0.0058335,0.00479242132626,5.07958380301,1.53494075705,10,9
2021-09-19,-0.00124051106804,0.00625555555556,8.50075888286,5.81916521153,10,9
2021-09-20,0.0024488,0.00777777777778,7.33009210064,10.3259268686,10,9
2021-09-21,-0.0032476,0.00293911111111,1.4272407778,13.2692949864,10,9
2021-09-22,-0.0103406536636,-0.022654900285,-6.84744988446,7.63914861204,10,9
2021-09-23,-0.00583610217969,-0.00985935696506,-8.41713122699,3.72871508611,10,9
2021-09-24,-0.0102742838742,-0.0129032838644,-5.91247487031,4.32801148611,10,9
2021-09-25,-0.00054882240953,-0.00639176078611,-12.2720114423,4.07250091958,10,9
2021-09-26,0.0033639,0.00871836109914,-13.5278123004,3.20152020926,10,9
2021-09-27,0.00492599059354,0.00359092098529,-12.2663412692,4.09113989422,10,9
2021-09-28,0.0031592,-0.00767132834271,-8.44367876736,7.0469527032,10,9
2021-09-29,0.00145858162518,-0.00422211111111,-0.869731533186,6.73516043752,10,9
2021-09-30,0.0010321,0.000180980986332,-4.39295172269,2.77306744927,10,9
2021-10-01,0.00364823766311,0.00351950765946,-2.2542431687,-0.794444135526,10,9
2021-10-02,0.00520406055601,0.0124566403376,13.3623932656,-3.05725847478,10,9
2021-10-03,0.00876031578716,0.00977777777778,13.8799783536,-4.50739729702,10,9
2021-10-04,0.0089681,0.0108555555556,14.4134352543,-6.02025961236,10,9
2021-10-05,-0.00268163860421,0.000732364224079,19.5637272666,-9.65150883154,10,9
2021-10-06,0.0135061,0.0113333333333,26.7373303712,-12.591566652,10,9
2021-10-07,0.0278356070535,0.0240238888889,31.4498828766,-8.83026926121,10,9
2021-10-08,0.0154349,0.0139111111111,30.8139039594,-8.43136225029,10,9
2021-10-09,0.014463,0.011,19.3672948935,-8.8114002334,10,9
2021-10-10,0.0148484,0.0109333333333,20.4956879198,-7.48592321792,10,9
2021-10-11,0.0135173,0.00855555555556,21.3969144785,-9.93483353988,10,9
2021-10-12,0.0134136,0.0121222222222,25.9185516647,-5.4063509982,10,9
2021-10-13,0.0123207,0.0137631111111,14.7058706979,-6.1060138026,10,9
2021-10-14,0.0178012,0.0110111111111,12.6020882215,-6.23585111403,10,9
2021-10-15,0.0180590655058,0.0368153634656,11.7486065586,-9.08924830886,10,9
2021-10-16,0.0336314,0.0286544444444,21.2339520225,-5.74789384075,10,9
2021-10-17,0.0311822,0.031378,20.2108894159,-2.07338436962,10,9
2021-10-18,0.0091466,0.00622222222222,19.6696223155,-2.3324706513,10,9
2021-10-19,0.0108527,0.0116776666667,13.2010913795,-5.45809295072,10,9
2021-10-20,0.0455288382203,0.0650779692663,23.4274605152,-7.69114029162,10,9
2021-10-21,0.0554875889065,0.0222783997,28.9998017042,-3.1566433467,10,9
2021-10-22,0.0209411,0.0233241385508,27.2115598016,1.08917515908,10,9
2021-10-23,0.0166871,0.0198192225665,15.966396859,2.89983933299,10,9
2021-10-24,0.0253296398778,0.031354135964,14.0648171294,5.50569204046,10,9
2021-10-25,0.0136652,0.0344224752272,12.6430610855,0.973518458886,10,9
2021-10-26,0.0291213,0.0211186194107,16.8688933673,5.67862360563,10,9
2021-10-27,0.0192291,0.0146276666667,9.15184946023,8.1191351067,10,9
2021-10-28,0.0249369,0.0307204042605,-5.57739789266,7.88935238089,10,9
2021-10-29,0.0268848,0.021713880073,-8.19892916952,5.75711561452,10,9
2021-10-30,0.0208374,0.016438,-5.20113235454,7.71261372139,10,9
2021-10-31,0.018357,0.0221368888889,-5.74717571904,9.36885784185,10,9
2021-11-01,0.0351355993384,0.00646655555556,-3.32689649414,9.24894719239,10,9
2021-11-02,0.0350793791739,0.0647759403182,,6.68215223095,10,9
2021-11-03,0.0180329,0.0339024444444,-3.42276626261,8.8733515362,10,9
2021-11-04,0.0202394,0.0180481111111,-5.48430777635,10.9539599874,10,9
2021-11-05,0.0167275,0.0246887777778,1.63203266856,11.056096401,10,9
2021-11-06,0.0198177,0.0136804444444,4.83447218293,13.2913034446,10,9
2021-11-07,0.0195915,0.022949,2.77126366742,8.96295017403,10,9
2021-11-08,0.0441437159519,0.0252875796915,,3.76905911917,10,9
2021-11-09,0.0395979284282,0.0381647386263,16.0139971619,3.50720704999,10,9
2021-11-10,0.0398219264497,0.0181066735079,12.4556733103,5.81335839254,11,10
2021-11-11,0.0138252429541,0.0117378030962,7.22967754273,7.37772407584,11,10
2021-11-12,0.0152864653814,0.0085762,2.94953471903,10.309252557,11,10
2021-11-13,0.00918599158568,0.0087933,2.83025216004,8.4571377524,11,10
2021-11-14,0.00692154545455,0.0140287,2.93617653528,5.53092408406,11,10
2021-11-15,0.0212204211808,0.0179925,4.9199984771,7.19106057392,11,10
2021-11-16,0.0125027272727,0.01259,-4.70378247118,11.2391921013,11,10
2021-11-17,0.0104769090909,0.0097,-11.0239734469,12.7327188143,11,10
2021-11-18,0.0102230909091,0.01331,-10.232587545,14.9221977468,11,10
2021-11-19,0.00855172727273,0.00123033916022,-6.11704124203,16.112381054,11,10
2021-11-20,0.00825436363636,0.01145,-5.42100550178,10.7549127809,11,10
2021-11-21,0.0100782727273,0.0074,-4.60245670952,11.7001722183,11,10
2021-11-22,0.00722072727273,0.00553,-8.01878194877,12.2058185987,11,10
2021-11-23,0.00903454545455,0.014,-9.77431676573,11.3561267017,11,10
2021-11-24,0.0104655525036,0.0144816484197,,11.5697181079,11,10
2021-11-25,0.0132424533896,0.0168580605222,-1.26643062348,7.06855222456,11,10
2021-11-26,0.00333263636364,0.0180992,3.53161267548,11.1025303828,11,10
2021-11-27,0.00661871466531,0.00531545432858,3.96725182821,10.6348679673,11,10
2021-11-28,0.0126337272727,0.01344,2.7789472065,8.67326781095,11,10
2021-11-29,0.0106063781251,0.0149150259238,0.99256336343,5.83919083466,11,10
2021-11-30,0.0108982727273,0.0106749,4.88620433207,5.44452731188,11,10
2021-12-01,0.0131633636364,0.0141357728808,5.38203710033,6.24863476522,11,10
2021-12-02,0.00933627272727,0.00928,4.643054874,7.58126334169,11,10
2021-12-03,0.0167246969764,0.0043890574322,-2.98378546997,11.1684303349,11,10
2021-12-04,-0.0183820194729,-0.00664803569178,0.796840647363,12.4839927228,11,10
2021-12-05,-0.0131734332894,0.00216191089864,-26.7742541784,11.2070833459,11,10
2021-12-06,0.00968472727273,-0.00156893748086,-28.9519177351,7.84481846496,11,10
2021-12-07,0.00289807230383,0.0097,-30.5947754923,7.19645165732,11,10
2021-12-08,0.00807872727273,0.01,-27.415908122,8.16355189653,11,10
2021-12-09,0.00661209090909,0.0087,-30.0688756722,9.97223151576,11,10
2021-12-10,0.00726781818182,0.0093,-28.7607769224,9.29771639932,11,10
2021-12-11,0.00703523973512,0.00899,-30.8501663685,6.9213709546,11,10
2021-12-12,0.00571944424326,0.00883883367265,-2.78752322912,4.17579683124,11,10
2021-12-13,0.0031841372284,-0.0118521139955,4.98069313643,6.65070488134,11,10
2021-12-14,0.00144930243427,0.0085,1.90004415993,4.80565503606,11,10
2021-12-15,0.00712699543686,0.0088,-3.81116251286,4.68662144687,11,10
2021-12-16,0.00759627272727,0.01069,-0.799236038638,6.84313654194,11,10
2021-12-17,0.000471344383205,0.0047238330749,3.58219210916,8.89526773974,11,10
2021-12-18,0.00277760540464,0.0029453339788,4.4606783033,7.55836435986,11,10
2021-12-19,0.006578,0.00560366705672,3.91800529898,6.88521288183,11,10
2021-12-20,0.00715290909091,0.0081174,0.279839923246,7.50805902787,11,10
2021-12-21,0.00431252699933,0.00740898657975,7.84392410616,2.64485468001,11,10
2021-12-22,0.00974936363636,0.0045134,17.325799997,2.15146396938,11,10
2021-12-23,0.00550454545455,0.00931,15.5071011407,-1.63283886396,11,10
2021-12-24,0.0054761485572,0.00782,15.7145513567,-2.95203860272,11,10
2021-12-25,0.00885,0.00949,15.8541246233,-0.218048169376,11,10
2021-12-26,0.00809781818182,0.0076116950527,15.3872565532,1.91387107996,11,10
2021-12-27,0.00921445454545,0.0048264310118,14.946422601,0.974961125317,11,10
2021-12-28,0.00766117007727,0.00546434115399,11.5264895804,5.20747346701,11,10
2021-12-29,0.00743336363636,0.00592391973497,-1.24121347052,7.46284246417,11,10
2021-12-30,0.00620135968631,-9.75648215774e-05,-3.57943067527,7.34888738273,11,10
2021-12-31,0.0131082727273,0.00309086138634,-8.25152053603,8.41058583901,11,10
2022-01-01,0.00514466925394,0.000273411844332,-9.20075614164,5.13553814292,11,10
2022-01-02,0.00486954426691,0.00969,-8.61442444231,4.45809751979,11,10
2022-01-03,0.0046299229339,0.000367010781961,-8.71348304766,7.08224123694,11,10
2022-01-04,0.006409,0.01087,-7.28813394657,8.384543502,11,10
2022-01-05,0.009316,0.00578144223655,-3.49647291961,12.1570100603,11,10
2022-01-06,0.00451527272727,0.0057663,-6.56054211675,13.3678377522,11,10
2022-01-07,0.00735106992198,0.00992,-4.27674749942,14.9989209044,11,10
2022-01-08,0.00646954701309,0.0112,-7.60721456709,15.3188900193,11,10
2022-01-09,0.00740636363636,-0.00602061358317,-8.37491836729,12.9418921495,11,10
2022-01-10,0.00442578607226,0.00417336503523,-7.55740164803,13.7222951447,11,10
2022-01-11,0.00234490909091,-0.0117911886967,-10.1593883879,10.4256463791,11,10
2022-01-12,-0.003828547728,-0.00858296212554,-7.88780317577,5.46771107142,11,10
2022-01-13,-0.00147488046808,0.0054141,-0.0566130148831,7.13206618985,11,10
2022-01-14,0.00317408336009,-0.00116487946031,-1.97391513827,6.32283983828,11,10
2022-01-15,-0.00192645865409,-0.000836749184436,2.49292675187,3.77307285916,11,10
2022-01-16,0.0026971890662,-0.00414321972182,,3.17486989485,11,10
2022-01-17,0.00781290909091,0.00713634269805,2.41970875389,7.45960847232,11,10
2022-01-18,0.00762718181818,0.00565289313401,2.28779535024,7.19059239585,11,10
2022-01-19,0.00925872727273,0.00669348790977,2.41045947348,8.05609357542,11,10
2022-01-20,0.008938,0.00766,1.78431883163,8.4742904129,11,10
2022-01-21,0.00606768370796,0.0047369,-1.26024722531,12.000357563,11,10
2022-01-22,-0.000359676018826,0.00295546583312,-12.1292700457,12.2635621503,11,10
2022-01-23,-0.00216881189258,0.00274521865918,-14.0584805029,10.1168907638,11,10
2022-01-24,0.00147518544269,-0.013788667781,-10.1865044956,8.91600703821,11,10
2022-01-25,-0.00792522958202,-0.0111849267316,-11.4525813093,6.50550248164,11,10
2022-01-26,-0.00650206385748,-0.00126813003472,-10.5657429192,4.93476885955,11,10
2022-01-27,-0.00408593845072,0.0088577,-13.3673301394,4.80870284912,11,10
2022-01-28,0.00181463636364,-0.00640600554629,-12.5106794952,2.15040441148,11,10
2022-01-29,-0.00557933382461,0.0057621,3.10112849538,1.12059384218,11,10
2022-01-30,0.00557011024642,0.00362107518265,8.30454867027,2.02732174106,11,10
2022-01-31,-0.000450099252182,-0.0082538819734,2.73135614976,-0.165968814914,11,10
2022-02-01,-0.000468217537183,-0.00489603381003,8.55576769723,-1.68208118074,11,10
2022-02-02,-0.00109263200096,-0.00179021384815,4.89500896868,2.69858063315,11,10
2022-02-03,0.0027281038698,0.00497892419412,1.79442453264,3.43977886598,11,10
2022-02-04,0.000486818181818,0.0071345,5.70942339939,-2.01398035883,11,10
2022-02-05,0.00734090909091,0.0038450068029,8.21768104015,-2.0260885924,11,10
2022-02-06,0.000482650092795,0.00288706102777,5.65809681179,-4.42396118398,11,10
2022-02-07,-0.00445482016571,0.0028073468884,10.2120464753,-7.53900069436,11,10
2022-02-08,0.00711681818182,0.00608823288808,8.05919179415,-7.67135552333,11,10
2022-02-09,9.06119759061e-05,0.000624032253389,7.93849703596,-6.6329463299,11,10
2022-02-10,0.00598772727273,0.005525,14.0057719248,-5.85791922041,11,10
2022-02-11,-0.00219974485049,0.0125,9.04266331282,-1.84380341666,11,10
2022-02-12,0.00915509090909,0.000305641491937,-0.652902483261,-0.08498394038,11,10
2022-02-13,0.00236214248344,0.0096386,0.441884597074,1.38733890923,11,10
2022-02-14,0.00767045454545,0.00754684507014,-2.42445418511,2.27815851184,11,10
2022-02-15,-0.00534714765883,0.0116005,-3.02681168158,-3.20835168668,11,10
2022-02-16,0.00388869508796,0.00208273382318,4.45160989416,-1.71848857936,11,10
2022-02-17,-0.00205156904866,-0.00509871216773,2.88738767383,3.73065636303,11,10
2022-02-18,0.00245348381116,0.00999,0.46673784187,4.3353649507,11,10
2022-02-19,0.00851454545455,0.0028787,1.26128614275,5.63151899478,11,10
2022-02-20,0.00132075934416,0.0070992,1.44842126485,9.30186955463,11,10
2022-02-21,-0.000813815196203,-0.00401691814691,-2.43778155467,9.58033527234,11,10
2022-02-22,-0.00228660556142,-0.00387148486098,-7.61424775607,8.09569794426,11,10
2022-02-23,-0.00350856755371,0.00671037190301,-8.97816064328,8.80177272937,11,10
2022-02-24,-0.0037058506021,0.00338947639539,-9.72874543788,7.59637280048,11,10
2022-02-25,0.00399642134362,0.00110297221029,-7.1873686389,5.28686628496,11,10
2022-02-26,-0.00138887741552,-0.00440818133354,-0.466557144956,4.82810779062,11,10
2022-02-27,0.00168881650852,-0.0154610110642,-2.3265138309,7.15054334971,11,10
2022-02-28,0.000269812404929,0.00966226629799,-1.77293592909,1.8564884159,11,10
2022-03-01,0.00617080294214,-0.00242074605245,9.25115796667,2.13875904881,11,10
2022-03-02,0.00809447180704,0.00527407651784,9.90395790793,2.18873117674,11,10
2022-03-03,0.0081593986172,0.00977892360409,11.9601489064,3.50394695258,11,10
2022-03-04,0.00507044649518,6.17163620369e-05,12.1248583151,7.81796120613,11,10
2022-03-05,-0.0077432581553,-0.00902113835966,-0.214143948171,5.39306907649,11,10
2022-03-06,0.00183987839899,-2.19133029346e-05,2.24106281748,7.30847698754,11,10
2022-03-07,0.00323695123595,-0.00108766486944,3.05216910443,7.5335007655,11,10
2022-03-08,0.00734273442105,-0.00110924887238,-6.3981787581,5.75115718689,11,10
2022-03-09,0.00866644108046,0.0120932936716,-9.57678739821,0.760704276392,11,10
2022-03-10,-0.0121506232723,-0.00919895796891,-1.99591727567,3.63853052828,11,10
2022-03-11,0.000434373856265,-0.00327795616247,-5.09126029045,4.72854453852,11,10
2022-03-12,-0.00465900821355,-0.0121652454095,1.63626383369,3.57609181857,11,10
2022-03-13,-0.00308773625324,-0.0101724325105,1.63302117288,8.06925931681,11,10
2022-03-14,0.00809526417003,0.00519253148241,5.18495017968,5.68550066734,11,10
2022-03-15,0.0029151104189,0.00719265922311,8.5373566111,4.09836137903,11,10
2022-03-16,0.00444811503047,0.00675309861674,6.86080866314,0.783586357325,11,10
2022-03-17,0.00605924305342,-0.00734382201749,1.33118712995,1.41885622576,11,10
2022-03-18,0.00358162076283,0.00072923290742,4.05562199124,-1.13352969965,11,10
2022-03-19,-0.000618942707061,0.00284823808106,9.49039126495,-2.51318604511,11,10
2022-03-20,0.00939095557625,0.00904961044234,10.7514779086,0.843267732978,11,10
2022-03-21,-0.00363980124482,0.00290759227092,6.8845166536,2.70802995844,11,10
2022-03-22,-0.00122283452402,0.00240433922327,5.78499491816,-0.379123713088,11,10
2022-03-23,0.00319228331741,-0.00748355854962,9.65882259825,-0.520908014524,11,10
2022-03-24,-0.0044095595067,0.00397659611026,10.1651941163,-2.40849297735,11,10
2022-03-25,0.00276096443906,0.0051816101941,18.773962736,-3.72005116105,11,10
2022-03-26,-0.000381184316489,-0.0102122193625,13.1199648501,-5.7085869182,11,10
2022-03-27,0.00254547679677,0.0082364008592,11.0915551514,-9.40757761347,11,10
2022-03-28,0.0049846735003,0.00129488036443,17.9688878179,-10.9892416697,11,10
2022-03-29,-0.00132124694345,0.00979795546212,16.5947271763,-8.80172822988,11,10
2022-03-30,0.0102267616787,0.00308964794763,19.8980941951,-6.02478014921,11,10
2022-03-31,0.0046083630523,0.00592841430422,10.5696304113,-0.938140254163,11,10
2022-04-01,-0.000991564334059,0.00394064485317,0.0178823717969,1.10663190399,11,10
2022-04-02,0.0080210048549,0.00956920055516,1.18832620699,-0.737614672663,11,10
2022-04-03,0.00972468707158,0.00979004538903,-0.63392481005,-3.20904418977,11,10
2022-04-04,0.0085441518144,0.0099408029868,-1.27194962416,-0.576961441168,11,10
2022-04-05,0.00787955938612,0.0034649912685,0.590733080551,2.01295534761,11,10
2022-04-06,0.00660389383535,0.00879759016593,-4.41871161679,6.81322004777,11,10
2022-04-07,0.000168786859126,-0.000552979831428,-0.969030027112,7.56899025582,11,10
2022-04-08,0.00713952128079,0.00466998697994,11.4445614684,9.82252938153,11,10
2022-04-09,0.00346360443979,0.00190951847507,4.09299855301,6.56034456871,11,10
2022-04-10,0.00430498877936,-0.0032072713854,5.34405621641,7.17853652728,11,10
2022-04-11,0.0054657886292,-0.00577076786292,1.09230524801,11.4717124956,11,10
2022-04-12,-0.00720798981469,0.00455115661541,-6.94921849513,9.23955343859,11,10
2022-04-13,0.000255070786758,0.00323512748322,-6.57258716145,6.53683877871,11,10
2022-04-14,0.00702900279568,-0.00227045963896,-4.36979564522,9.1725196366,11,10
2022-04-15,0.00563421576869,0.00036907040224,-14.878265836,6.40655647394,11,10
2022-04-16,0.00485717122528,0.00568749897395,-11.3583947064,4.17918425029,11,10
2022-04-17,-0.00034745765211,-0.00203076564907,-11.3872844803,8.11403252868,11,10
2022-04-18,0.00159107700178,0.0102330976138,-9.74167292903,6.57761731312,11,10
2022-04-19,0.00144726063501,0.00750581885576,-4.14675164206,1.30637415044,11,10
2022-04-20,0.00389905969113,0.00521837332676,-2.86133976791,0.783232481042,11,10
2022-04-21,0.00546748911867,0.00136567416653,-4.43238099825,2.5151427388,11,10
2022-04-22,0.00324632069339,-0.011938154652,-2.76557787884,4.90412767139,11,10
2022-04-23,-0.0154515975732,-0.00753991561599,0.56263026831,6.03795472292,11,10
2022-04-24,0.00142232106251,-0.0040287717328,-0.0124139506167,8.31439701958,11,10
2022-04-25,0.00726501521758,0.00821043681427,-1.42455816888,5.94490500665,11,10
2022-04-26,0.0096526867323,-0.0119730601959,1.31968630284,9.62544308177,11,10
2022-04-27,0.00532224151918,-0.00167886962184,-2.2924852264,7.27176639349,11,10
2022-04-28,0.00455743130633,0.00820637691664,-2.06580972458,3.67471323742,11,10
2022-04-29,0.00626175593913,-0.00171785349567,-0.352506071507,6.98702174951,11,10
2022-04-30,0.00245824443057,-0.0009458978688,-2.9556779805,10.9341904596,11,10
2022-05-01,0.00724988761451,0.00466361448473,-4.88538098935,9.97768012434,11,10
2022-05-02,0.00933158498276,0.0119336583738,-4.00868044632,7.86567747868,11,10
2022-05-03,0.00863421064522,0.00875309793692,-4.44415793219,11.63917843,11,10
2022-05-04,0.0128701099701,0.0127603795543,0.635797232955,6.2419132771,11,10
2022-05-05,0.00692303221768,-0.0265916499815,2.64163687729,9.85570203702,11,10
2022-05-06,0.00423923309406,-0.00257876168212,-0.2468001478,10.7252658555,11,10
2022-05-07,0.000576879833748,0.00165898876048,-2.55571376829,12.5340630863,11,10
2022-05-08,0.00667920393487,0.00646574963106,-1.24260311961,15.03105949,11,10
2022-05-09,0.00559353124291,0.00424962137954,-3.78037459387,16.7789064467,11,10
2022-05-10,0.00772762524629,0.0058862954128,-12.2936451581,14.8806374256,11,10
2022-05-11,0.00307376594942,-0.00350802939907,-16.9287745538,15.3171222787,11,10
2022-05-12,-0.0203709275063,-0.0113645431461,-20.5628125705,13.498690264,11,10
2022-05-13,-0.00415384013191,-0.000375061408434,-21.552704731,9.89586311714,11,10
2022-05-14,0.00341638505927,-0.00588567371566,-18.3856677497,8.15276829024,11,10
2022-05-15,-0.00312398360813,0.00273798100354,-18.5354285604,4.92129683352,11,10
2022-05-16,-0.00236039473749,0.00179399025009,-14.9421849175,7.11481226816,11,10
2022-05-17,-0.0094255083227,-0.0121564797766,-9.87629314564,5.62318117106,11,10
2022-05-18,-0.00354283596952,-0.00132904562272,-6.34372370929,8.65616434096,11,10
2022-05-19,0.00263981079666,0.0113612112765,-4.44918063177,4.30990127368,11,10
2022-05-20,0.00983694527371,0.00185608473447,11.4203181863,6.15479228381,11,10
2022-05-21,0.0023707219291,0.00316600057425,7.01523419748,4.27128328789,11,10
2022-05-22,0.00614913266089,0.00736323423091,2.54179634554,1.02726502636,11,10
2022-05-23,0.00217110550339,-0.00807311054692,5.31534914697,3.97545603504,11,10
2022-05-24,0.000760178275302,0.00420513383971,6.1252738401,4.4373888537,11,10
2022-05-25,0.00345272240927,0.00488542143079,4.7663046357,2.87362257959,11,10
2022-05-26,-0.00118508603565,0.00857536003465,6.08968587309,5.01529982611,11,10
2022-05-27,0.00730254975629,-0.00224068228489,-5.59818909096,7.38828635055,11,10
2022-05-28,0.00394381958762,0.00361965761227,-4.26983255546,2.55107374843,11,10
2022-05-29,0.00498301185576,0.00586333806576,1.41959125434,-1.40176589131,11,10
2022-05-30,0.00608268875947,0.00917293648507,2.95164499006,-5.89381020797,11,10
2022-05-31,0.00496064650033,0.00523250284657,8.88732014984,-4.36427080323,11,10
2022-06-01,0.00473980598074,-0.0103197038147,9.60218308145,1.01900450302,11,10
2022-06-02,-0.00372172826114,-0.0038136456335,2.81433790319,-1.18869413467,11,10
2022-06-03,0.000680120026149,0.000951197502448,4.02385640065,2.60854209328,11,10
2022-06-04,-0.00219923957512,-0.0132131527277,4.77193305215,1.78881343908,11,10
2022-06-05,0.00118878534222,-0.00056653149178,2.15422078762,0.356260452838,11,10
2022-06-06,0.00408674146815,0.00691350855933,-5.44655516173,-4.09582502951,11,10
2022-06-07,-0.00123558957397,0.0110547508526,-1.62845641683,-3.93500191017,11,10
2022-06-08,0.00660865137731,0.00394887070676,-7.95385677938,-1.32757812348,11,10
2022-06-09,0.00643026334908,0.00696400358598,-7.06723888171,-1.07244910894,11,10
2022-06-10,0.00439552824539,0.00544760589116,-5.60646953044,2.22356965773,11,10
2022-06-11,0.00388275012796,0.00764542652126,-3.31768906749,5.55044451852,11,10
2022-06-12,0.00300280358818,0.00319338147843,-1.74787310138,8.20964576897,11,10
2022-06-13,-0.012460818396,-0.00744469992388,-4.26953359909,8.5722821306,11,10
2022-06-14,-0.00670304841777,-0.0120124687045,-26.5099581857,7.40573184818,11,10
2022-06-15,0.00022376670516,0.0011002303965,-23.7803657528,6.82835436276,11,10
2022-06-16,-0.0030109495559,5.01432352247e-05,-19.6298679782,8.79541650393,11,10
2022-06-17,-0.00176820710724,0.00468509239721,-25.6380881778,7.48787698666,11,10
2022-06-18,-0.00981041635575,0.00348400460141,-26.2415974572,8.54806132298,11,10
2022-06-19,0.000138704155,-0.00385662905715,-29.71633802,6.1984040689,11,10
2022-06-20,-0.00118871860393,0.0114368593959,-23.8788432809,4.42407597592,11,10
2022-06-21,-0.00508116794884,0.00541491112085,-6.46368797364,2.5036139513,11,10
2022-06-22,0.000153167364404,0.00112768524405,-4.19863369361,4.41570721529,11,10
2022-06-23,-0.00930570398059,0.00830463907763,-5.61737261585,1.89518824864,11,10
2022-06-24,0.00596300805526,-0.0039877543302,2.04981644376,0.990246853593,11,10
2022-06-25,0.00357137267055,0.00406280247512,-2.50982659172,1.33437643586,11,10
2022-06-26,0.000953933542363,0.00436805531357,6.49067685984,-0.42601842465,11,10
2022-06-27,0.000364745963654,-0.00871696328332,0.121751526851,4.0879979873,11,10
2022-06-28,0.00285905860994,0.0012683796446,-1.00031334051,6.6765298971,11,10
2022-06-29,0.0018078405505,8.5631812744e-06,-1.19283361832,6.97280165362,11,10
2022-06-30,-0.0186034998712,-0.00288203030429,-1.69820337971,9.26400178498,11,10
2022-07-01,-0.010503205551,0.00230860519949,-3.81671416741,7.01630356459,11,10
2022-07-02,0.00425482695423,0.00389535558076,-3.46985274193,6.0453678386,11,10
2022-07-03,0.00840861969957,0.00559722584878,-6.17614874386,5.58757433174,11,10
2022-07-04,0.00280786358463,0.000702824626935,-3.12678209624,0.623077206381,11,10
2022-07-05,0.00232702056063,0.00733889066911,4.22555439011,0.0647858867741,11,10
2022-07-06,0.00360918884498,0.00344695419388,2.73098616501,-0.855695556701,11,10
2022-07-07,0.00626317522778,-0.00483524490725,7.19882820311,-4.72990904808,11,10
2022-07-08,0.00094990084117,0.00142131433689,18.2111077907,-6.29269184982,11,10
2022-07-09,-0.000144901278349,0.00204183264679,17.4228974947,-5.4714574994,11,10
2022-07-10,-0.00335543306107,-0.000725630171145,16.8074368466,-0.468481712837,11,10
2022-07-11,0.00505382758854,0.00572598146612,12.7826851759,3.64463361541,11,10
2022-07-12,0.00618567746869,-0.00339186387362,1.04174830334,7.44632272085,11,10
2022-07-13,0.000225632982573,0.000441095394092,0.898569029688,5.15704955088,11,10
2022-07-14,0.00629241674391,0.00575401574497,1.80882368419,2.6563238386,11,10
2022-07-15,-0.00168209042885,0.0028216956279,-4.83624431785,-0.0913190263296,11,10
2022-07-16,0.000193591187079,0.00731596376722,-0.00383675196022,-1.27037368341,11,10
2022-07-17,0.00797178352289,0.00812881785668,1.22126301178,-0.0842342954399,11,10
2022-07-18,0.00810071080373,0.00862300366929,4.3132723629,-1.8007091866,11,10
2022-07-19,0.00766640312108,0.0101748887998,11.9800428291,-1.56346191796,11,10
2022-07-20,0.004377063737,0.00879357300477,20.4358113842,-1.1041422132,11,10
2022-07-21,0.00794929774528,0.00142257104511,14.7538182034,-0.343140486618,11,10
2022-07-22,0.000556466529104,0.00103291536505,9.88471572216,0.753499974824,11,10
2022-07-23,0.00666647127012,0.00128441903632,7.44748523665,3.68434291756,11,10
2022-07-24,0.0013595777132,0.00883568072793,5.47286561599,2.15458351019,11,10
2022-07-25,0.000475565487589,0.00530376534505,6.41874086289,5.69965550162,11,10
2022-07-26,0.00430756551555,0.00389716751343,-3.44495552822,7.96140088547,11,10
2022-07-27,0.00185998524087,0.00888778311203,-8.60982861143,4.0294657755,11,10
2022-07-28,0.00992031085858,0.0100211111266,2.25936774084,1.16560756587,11,10
2022-07-29,0.00894659469917,0.0050302200886,2.7195433153,0.634989491447,11,10
2022-07-30,0.00395816735461,0.00344709596468,5.18053282151,1.02132162435,11,10
2022-07-31,0.00220153410694,0.00137210068714,5.67384964099,2.01896505491,11,10
2022-08-01,0.00626492089825,0.00603401301352,1.78539337815,2.89564558652,11,10
2022-08-02,0.00434536204341,-0.00288916333852,6.54273009868,3.64405900634,11,10
2022-08-03,0.00729205034204,0.00105026506906,3.63520517575,3.5863535637,11,10
2022-08-04,0.00233384871367,-0.00327993016672,-4.71475506244,6.46735596511,11,10
2022-08-05,0.00615192653173,0.00495285836143,-5.20109476908,2.98478231648,11,10
2022-08-06,0.0042294811636,0.00620342387414,-6.30846061424,4.14106982083,11,10
2022-08-07,0.00409954214224,0.00716134264782,-5.64731121754,2.28822481869,11,10
2022-08-08,0.00715634140501,0.00467051919822,-1.63677237758,-1.5753047488,11,10
2022-08-09,-0.00252179239282,-0.00348811701102,5.6536163232,3.28491643713,11,10
2022-08-10,0.0078216570278,0.00815036848484,6.12683065741,1.63674969422,11,10
2022-08-11,0.00544635451396,0.00584111395693,2.9023052042,2.78062766053,11,10
2022-08-12,0.00195338006852,0.00536982734673,6.20330195669,1.75241419427,11,10
2022-08-13,0.00206081348773,0.000818707816154,8.46955523176,-1.23587049547,11,10
2022-08-14,0.0011704727841,0.00038382270486,9.25467822667,0.028713786194,11,10
2022-08-15,-0.00593909303584,0.00126263575904,5.95392471473,2.01867011254,11,10
2022-08-16,0.0011171909229,0.00441575634565,-1.99438510317,5.12980159383,11,10
2022-08-17,0.000814356478263,-0.00183203237296,-0.201890092869,7.07921947106,11,10
2022-08-18,-0.000981031436897,0.000455923740698,3.97016937665,10.0476256208,11,10
2022-08-19,-0.00634139770586,-0.00348066043565,2.338517134,13.4754181363,11,10
2022-08-20,-0.0115556461052,-0.00225859707249,-8.56591985659,13.2264724503,11,10
2022-08-21,-0.00783387036214,-0.00437139721483,-9.24847549916,9.39847929438,11,10
2022-08-22,-0.000250002265584,0.00030033711061,-8.2119602482,8.34964018257,11,10
2022-08-23,0.00185767797229,0.000571808923513,-4.47427195436,6.01392953858,11,10
2022-08-24,-0.000469546079557,-0.0031674944719,-3.72733983785,4.39089700243,11,10
2022-08-25,0.000198632126499,-0.00176562781291,-7.22950338636,2.92727027032,11,10
2022-08-26,-0.000207906662019,-0.00383287797817,-7.18570887188,6.28217973483,11,10
2022-08-27,-0.00639255423195,-0.00809354332999,1.30074485491,9.11714228394,11,10
2022-08-28,-0.00516619649838,-0.00840876558865,2.46405032961,12.1521622368,11,10
2022-08-29,-0.00364132707765,-0.00323743632585,1.19572671639,6.05785567455,11,10
2022-08-30,0.000282068981337,0.00295503471852,1.41522111371,7.83413096758,11,10
2022-08-31,0.00171560500238,0.00707574345902,-1.33822562156,6.37475913472,11,10
2022-09-01,0.000341514118705,0.00392878488631,-4.07895881506,8.20142248257,11,10
2022-09-02,0.00153507705811,-0.00146012680127,-1.47496944728,9.64837481623,11,10
2022-09-03,-0.00107203280297,-0.00163539110703,-2.44527737697,13.0787252028,11,10
2022-09-04,0.00223132321796,-0.000924739183751,-0.987266429259,11.8339903236,11,10
2022-09-05,0.00108433568001,0.00249127460915,1.85179425267,12.4746155349,11,10
2022-09-06,0.00204298035652,-0.00881356597642,-0.287774150934,15.0643219526,11,10
2022-09-07,-0.00510753282652,0.00136839877657,0.100069985872,12.3275852652,11,10
2022-09-08,0.000607975805335,0.00309457429001,2.84204429867,13.0848934915,11,10
2022-09-09,0.0033702563029,0.00591524288674,-0.927198287738,7.42810292875,11,10
2022-09-10,0.0076646674045,0.00129224014352,12.8355478557,4.39831796869,11,10
2022-09-11,0.0025691925258,0.00401719598896,10.1596347893,5.7871390952,11,10
2022-09-12,0.00200763942356,0.00657589689173,11.1731623267,2.97556490844,11,10
2022-09-13,0.00885894035128,-0.00685186621334,11.9780223223,6.0570420551,11,10
2022-09-14,-0.00325461543035,-0.00454997729346,-2.51047814394,7.60454973167,11,10
2022-09-15,-0.00114221992016,-0.00270078717777,-1.92043034611,9.33181641389,11,10
2022-09-16,0.000635521249572,0.00222459685368,-2.37815548141,10.5414729925,11,10
2022-09-17,-0.00283443241035,-0.00362129332094,-10.5867296039,6.93022370264,11,10
2022-09-18,0.00167488806717,0.00665918691276,-9.31709637495,10.9086506379,11,10
2022-09-19,-0.00608607478991,0.0021508895681,-12.2107680935,13.0064189145,11,10
2022-09-20,0.00252804119987,0.0014153764076,-15.8354473409,13.5230485575,11,10
2022-09-21,0.000388399104304,-0.00939339096234,-2.39076051718,13.4642729883,11,10
2022-09-22,0.00327974944208,0.00388719227424,-3.8562410015,8.57627121386,11,10
2022-09-23,-0.0031965707159,0.00186727396486,1.22960639113,8.54719319286,11,10
2022-09-24,-0.00126596615652,0.00322254522646,-1.90715068885,10.0525304285,11,10
2022-09-25,0.0029189477613,-0.00228831295503,-4.09319468657,11.7759906401,11,10
2022-09-26,0.00400467292602,0.00273142215634,-2.42933966863,8.64779066204,11,10
2022-09-27,0.00480009169891,0.00116742743061,3.23778543351,7.6303114658,11,10
2022-09-28,0.00450689293169,0.00446191901451,2.38989570732,6.87439748469,11,10
2022-09-29,0.0017147373476,0.00483958307224,7.38590007023,6.92115743911,11,10
2022-09-30,0.00088635419008,0.0019248407159,3.06699212638,6.56822988679,11,10
2022-10-01,0.00458508094461,0.00198917781477,-1.32811963278,9.31919552866,12,10
2022-10-02,-0.00195986631814,-7.60247019907e-05,-0.624520398643,11.6345190123,12,10
2022-10-03,0.00552289276414,0.00765105769143,-1.33390595817,7.07038595357,12,10
2022-10-04,0.00107374884729,0.00323624319156,1.72415971919,3.04461891667,12,10
2022-10-05,0.00563642548741,0.0029363222807,16.0098129081,2.96296187606,12,10
2022-10-06,0.00501474954652,0.00256855223455,9.05234535344,2.72114929327,12,10
2022-10-07,-0.000980764228011,-0.00503508685041,8.99151315883,6.35702121862,12,10
2022-10-08,-0.00402185411012,-0.00729255223395,11.5179734288,9.23959639342,12,10
2022-10-09,-0.00343939973141,0.000525084314562,11.1982661216,8.00497451767,12,10
2022-10-10,0.0052664494469,0.00732827338237,12.9963892931,10.9696692202,12,10
2022-10-11,0.00389645741533,0.00404368566776,7.87673830371,13.2106134199,12,10
2022-10-12,0.00169652236251,0.00241372347901,-3.10033980192,9.94279546705,12,10
2022-10-13,-0.00584671098143,0.00487020465167,-1.82763047956,10.2256321155,12,10
2022-10-14,0.00392474474543,0.00473630886097,0.450144156844,8.02619502559,12,10
2022-10-15,-0.000536353097741,-0.00262798203158,-0.868728881364,11.6253742327,12,10
2022-10-16,0.000921262480231,0.00380662932436,-0.963578257075,7.3320010226,12,10
2022-10-17,-0.00422132441415,0.00418959074095,-3.27712696256,4.42792935898,12,10
2022-10-18,0.00428550929953,0.00606400057568,0.766444594923,7.44250468972,12,10
2022-10-19,0.00532443967877,0.00631133904323,-2.4240763887,8.73346078822,12,10
2022-10-20,0.00213205908058,-0.0016149056506,1.60542657931,10.7821274327,12,10
2022-10-21,0.003297180265,0.001716978392,0.552091901613,12.1911868157,12,10
2022-10-22,0.000713950427682,0.000523603582816,3.67575874865,9.03656142434,12,10
2022-10-23,0.00606968410984,0.00558414391237,2.69177737788,3.18117988585,12,10
2022-10-24,0.0016679276141,-0.00200046900526,6.2252588958,2.09617248247,12,10
2022-10-25,0.00261198448279,0.00529384482513,-2.74033576172,-3.09603096578,12,10
2022-10-26,0.00508846031662,0.00315265791819,7.40732869045,-6.91652841804,12,10
2022-10-27,0.0048546788975,0.00510460248016,8.05405775991,-3.27131516577,12,10
2022-10-28,-0.00307010544443,0.00166202731424,0.206377517459,-4.1802020796,12,10
2022-10-29,0.00532918905599,0.0029289626691,-0.229400302636,-7.66144026887,12,10
2022-10-30,0.0035418256305,0.00638251584197,0.798061563203,-4.8616994014,12,10
2022-10-31,0.00302062226856,0.00250085689356,-4.97480494079,-1.56532656699,12,10
2022-11-01,0.00358682075374,0.00631103626002,-3.62593729795,-2.23995278414,12,10
2022-11-02,0.00614733760601,0.000980280767338,-11.4709744779,0.765980429489,12,10
2022-11-03,0.00479247262762,0.00338764859777,-15.2880314062,2.51916888723,12,10
2022-11-04,0.0041651519163,0.00250531235654,-9.98218837346,-2.40381119459,12,10
2022-11-05,0.00651794194545,0.00430488154565,-0.644276422434,-4.76405494571,12,10
2022-11-06,0.00610049825509,0.00803824722384,2.68338114281,0.0951375555379,12,10
2022-11-07,0.00861395316907,0.00118048594581,0.633478910125,4.84390359882,12,10
2022-11-08,-0.00128496119716,-0.0327835091016,-1.14693058198,7.69833857966,12,10
2022-11-09,-0.0584227150881,-0.161479324685,,8.65891101169,12,10
2022-11-10,-0.0853916115769,-0.0703576111921,-18.4897051971,5.81586759605,12,10
2022-11-11,-0.0186166855949,-0.00185715281522,-15.7829708971,6.18821878807,12,10
2022-11-12,-0.0238440249181,-0.0320083478918,-17.3974761755,6.07701257187,12,10
2022-11-13,-0.0186157847623,0.0150992796205,-23.5896224371,8.98923993272,12,10
2022-11-14,-0.0129175375259,0.00621089518166,-29.6771605434,8.59161155605,12,10
2022-11-15,-0.0173241496727,-0.00519885539527,-26.8471451337,7.40403720075,12,10
2022-11-16,0.000687739475485,6.74901306638e-05,-21.7698644187,8.48778996422,12,10
2022-11-17,-0.00397338793831,-0.0189891458292,-4.740963226,8.73091169003,12,10
2022-11-18,0.00248842420547,0.0241431714389,-2.96327327726,8.33932949747,12,10
2022-11-19,0.000751214682713,-0.000307695277929,-0.765199286608,6.15568421433,12,10
2022-11-20,0.000100570832153,0.0166660812431,-1.18949410138,11.0741794516,12,10
2022-11-21,0.00226307264113,-0.00279075277314,2.68579042031,14.1377551824,12,10
2022-11-22,0.00442407628956,0.00647418641121,3.27333806046,11.2837056439,12,10
2022-11-23,0.00221361574632,0.016989694717,3.31362431422,10.565323115,12,10
2022-11-24,0.0066532823235,0.00331830344807,3.09190688314,10.2177883317,12,10
2022-11-25,0.0029740450605,0.0156232082675,-0.143571553441,11.2497157336,12,10
2022-11-26,-0.00651989587713,-0.00955940660396,0.101465830882,11.7718030525,12,10
2022-11-27,0.00404341675826,0.00669489311505,0.634770771874,10.1337663054,12,10
2022-11-28,0.00257307862346,0.00618749688761,2.03530372296,12.3720403218,12,10
2022-11-29,-0.0101731036619,-0.00400816047951,2.19322031099,10.9062122427,12,10
2022-11-30,-0.000430798627394,-0.0120000894414,0.714257350002,6.31912536339,12,10
2022-12-01,0.00210277810645,0.00567783188347,3.72603247421,7.7493788048,12,10
2022-12-02,-0.00462435496413,0.0036256207209,3.44505423163,7.79296005539,12,10
2022-12-03,0.00788375258792,-0.000714960534226,2.74074951493,6.91222349691,12,10
2022-12-04,-0.00225962674582,-0.0091347512939,0.281924123908,3.41197936392,12,10
2022-12-05,-0.0091631903875,-0.00635405657635,2.41308803252,3.93230848735,12,10
2022-12-06,0.00177209550997,0.00824194293842,2.70065758935,3.77500053558,12,10
2022-12-07,-0.00167427191184,-0.00657926949711,-0.52043802681,7.44207869029,12,10
2022-12-08,-0.00533038235883,-0.00225886442254,-4.51352387658,2.01227091304,12,10
2022-12-09,-0.00333734152115,0.00322215250086,-2.06593094388,3.35638287899,12,10
2022-12-10,-0.00929175981457,-0.0327752391542,-4.37865976081,2.22991728149,12,10
2022-12-11,-0.00298981056922,0.00176479205191,-2.00466026372,3.71782140779,12,10
2022-12-12,0.000791218793724,0.000707496962684,-5.19069729662,4.24843526108,12,10
2022-12-13,0.00140999579414,0.00622695073147,-4.44061043317,-0.737986701786,12,10
2022-12-14,-0.00375755885952,0.00332358299865,3.43730420715,-1.68977683207,12,10
2022-12-15,0.00599656949678,0.00689330774414,5.66311210608,4.14303131276,12,10
2022-12-16,-0.00659880071651,-0.00299017327004,2.02160056974,8.42804140151,12,10
2022-12-17,-0.00124920447332,-0.00573279279859,-1.20431649308,5.99064895791,12,10
2022-12-18,-0.00833557313231,-0.00644593285842,-0.972972198459,3.10640386383,12,10
2022-12-19,0.0026528174734,0.00972340109723,-2.93360218768,8.22929379954,12,10
2022-12-20,-0.000534311534106,0.000647209761076,-2.51673149192,4.24158474637,12,10
2022-12-21,0.00824990532009,0.00523654057096,-7.00675927885,7.58019056774,12,10
2022-12-22,0.00797590210581,0.0106897891678,-8.22170890407,9.06634157092,12,10
2022-12-23,0.00476853793641,0.01075062042,-5.65393943614,5.00595560947,12,10
2022-12-24,0.00545765745678,0.0041888992869,0.630395173303,10.1103692814,12,10
2022-12-25,0.00240164469555,0.00684040464475,-0.747376193881,12.3136837811,12,10
2022-12-26,0.00256794933786,0.00360540225908,1.61495520216,6.87164739058,12,10
2022-12-27,0.00632575162431,0.0019274092901,1.05317131763,9.7972613149,12,10
2022-12-28,0.00745888805471,0.00971204561696,1.52343316102,11.7051150664,12,10
2022-12-29,0.00447365531311,0.00748857448835,3.8763381529,11.6357190845,12,10
2022-12-30,0.0117075164902,0.0114653984886,3.41570416343,14.349208777,12,10
2022-12-31,0.0074049029679,0.00718467684734,-0.195579198638,17.2861115793,12,10
2023-01-01,0.00561684194036,0.00406049469886,-2.22719465957,10.1416092204,12,10
2023-01-02,0.0056990493059,0.00563470933379,-0.859317667629,4.89084756925,12,10
2023-01-03,0.00191464432737,0.00294850250884,1.42936502216,7.0454225125,12,10
2023-01-04,0.00734576484426,0.00567181469469,-1.35277007839,2.13115777424,12,10
2023-01-05,0.00359470943829,0.000845137688556,-3.16546102853,0.679613211981,12,10
2023-01-06,0.00649750894236,0.00137496586376,-6.43639748693,-1.71561301983,12,10
2023-01-07,0.0209989081871,0.00605932986056,0.775521702125,-3.59724037562,12,10
2023-01-08,0.0113986995634,0.00208504669107,-0.654972695124,-8.45997970995,12,10
2023-01-09,0.00364639781473,0.00188122691176,-0.863782510355,-11.6206594373,12,10
2023-01-10,0.00192281740076,-0.00245147725932,-4.40468433093,-15.5737430725,12,10
2023-01-11,0.00827359877179,0.00328813570398,3.58303090084,-18.7041269734,12,10
2023-01-12,0.00615066999992,0.00897415591513,3.94969125774,-19.5475874638,12,10
2023-01-13,0.00180608401474,1.45602627627e-05,9.78641518714,-21.8552417762,12,10
2023-01-14,0.00935738536949,0.0167574183357,11.1571130281,-22.5391142084,12,10
2023-01-15,0.013155023844,0.00963680599332,12.0028065774,-18.5619843077,12,10
2023-01-16,0.00711159706122,0.00897383548042,11.0107651109,-17.5593717269,12,10
2023-01-17,0.00328042854293,0.00269950849259,16.2295445285,-15.7274911526,12,10
2023-01-18,0.00527750133362,0.0100641461234,10.4802704613,-11.7947876824,12,10
2023-01-19,0.00433021500106,-0.00125235016081,8.78544141045,-13.4971787723,12,10
2023-01-20,0.00473533665195,0.0072676030082,8.93189281906,-17.1318804555,12,10
2023-01-21,0.00820305321295,0.011107007293,4.95300224278,-15.4806004233,12,10
2023-01-22,0.00870999202036,0.00934457279344,7.85902816218,-10.7427678811,12,10
2023-01-23,0.00696472794416,0.00999424211812,6.46874631114,-9.55568585539,12,10
2023-01-24,0.0103496455037,0.0131017279787,3.77303562209,-4.21695537212,12,10
2023-01-25,0.0131662942641,0.0107131112307,2.1633749887,-6.0329943156,12,10
2023-01-26,0.00792333997887,0.00893474324688,2.28345758203,-3.83448547923,12,10
2023-01-27,0.00828345788812,0.00820291238769,-3.57467705823,-3.5895182714,12,10
2023-01-28,0.00826257999154,0.00374521634484,-4.33417445953,1.29826487022,12,10
2023-01-29,0.00909730241636,0.0133074960083,-3.25067192317,-3.52611594882,12,10
2023-01-30,0.00716129815747,0.00797752061857,4.94006839836,2.05902497696,12,10
2023-01-31,0.00389437226805,0.00719469716252,-1.61024300911,0.127818747887,12,10
2023-02-01,0.0163783476791,0.0115408525594,0.199250084413,-2.25637683662,12,10
2023-02-02,0.00974929909172,0.0132082081042,2.90336750085,-2.33357409684,12,10
2023-02-03,0.0115144349337,0.00825113265942,4.85929097982,0.805432969614,12,10
2023-02-04,0.00693081559806,0.00482339872322,4.23482238506,3.27855507092,12,10
2023-02-05,0.00750857084538,0.00767080318062,3.49524563341,7.53206574548,12,10
2023-02-06,0.00844804840449,0.00789919319488,-2.98313494187,7.74239169158,12,10
2023-02-07,0.0070403053301,0.00903577586979,2.12755125166,3.88254916376,12,10
2023-02-08,0.00592075179111,0.00541759311142,0.668788656229,5.39406137466,12,10
2023-02-09,0.00569754875218,0.00909458348846,0.311056381954,9.94332774877,12,10
2023-02-10,0.00483985603616,0.0058837900053,-5.78926651579,11.352616188,12,10
2023-02-11,0.000933165083023,0.000505168062938,-6.35108602457,7.7449619445,12,10
2023-02-12,-0.00329299019293,-0.00708484901589,-6.10304279897,8.30491911846,12,10
2023-02-13,0.00263106454936,0.00821575522065,-7.76198563015,9.23373483781,12,10
2023-02-14,0.00660679298554,0.00895364825798,-7.09009852047,6.49959712232,12,10
2023-02-15,0.0137365076628,0.0131682584073,-4.5101396101,0.35324192168,12,10
2023-02-16,0.0202870112045,0.0128175026317,2.8879437888,1.02238044415,12,10
2023-02-17,0.0119676384122,0.0128260274666,5.27178577794,-0.30515254669,12,10
2023-02-18,0.0141462487564,0.00871694702599,11.0902163345,1.43693402841,12,10
2023-02-19,0.00813387119092,0.00644495571511,12.9294341383,1.87811338147,12,10
2023-02-20,0.0142524292067,0.0150382564781,13.5679481711,1.98044100773,12,10
2023-02-21,0.00800475348683,0.00953272055465,17.1026096682,3.93939736464,12,10
2023-02-22,0.00764966890587,0.0095203446491,12.6968887538,6.93694519991,12,10
2023-02-23,0.00439439405368,0.00803775378507,2.18952395296,7.94609512125,12,10
2023-02-24,0.00724160115109,0.00327672932739,5.77293399525,11.4039994434,12,10
2023-02-25,0.00669629783254,0.00919182744405,-3.20808626375,13.7047795525,12,10
2023-02-26,0.00539496436925,0.0122535183906,-3.66291896039,8.58517619805,12,10
2023-02-27,0.00831565166811,0.00706689804544,-3.38236790242,8.373681931,12,10
2023-02-28,0.00455056599641,0.00122589196815,-7.48794281882,9.8111151756,12,10
2023-03-01,0.00709919709624,0.00947047250888,-6.26232317907,7.3241583024,12,10
2023-03-02,0.00670200874552,0.00998334597634,-5.141548366,9.18571319766,12,10
2023-03-03,0.00665359366598,0.00479379880911,-1.33118611193,13.3031520779,12,10
2023-03-04,0.00183866526647,0.006480001833,-5.89916387444,15.4424221662,12,10
2023-03-05,-0.000797244154821,-0.00525135764595,-9.0325091865,12.142855646,12,10
2023-03-06,0.0041422754135,-0.00526250187859,-10.1318484314,13.3894295536,12,10
2023-03-07,0.00549218253695,0.00800504864658,-7.94893417528,14.9016209118,12,10
2023-03-08,0.00633622095084,0.0052490598071,-9.99210371217,17.3179387816,12,10
2023-03-09,0.00758413040296,-0.0129600656513,-10.5375524214,20.5324639127,12,10
2023-03-10,-0.00816735493793,-0.0165997800719,-20.2949354108,19.4964118556,12,10
2023-03-11,-0.0342809249515,-0.020726417455,-13.4478109893,15.5819574162,12,10
2023-03-12,-0.0460273316801,-0.0315513961376,-13.8466688488,9.76610114885,12,10
2023-03-13,-0.00902874831161,0.025311662946,-13.3879426452,5.11371238075,12,10
2023-03-14,0.0271826909383,0.00608222586523,-1.09177874507,3.57160529629,12,10
2023-03-15,0.00528751237844,0.00211718296522,1.7370989334,3.55963944311,12,10
2023-03-16,0.00196138712835,0.00666076494053,1.42598277453,1.1523140144,12,10
2023-03-17,0.0094642990547,0.00915616279006,11.7697847621,-2.23899016274,12,10
2023-03-18,0.0058176608106,0.00955846075537,23.3129343435,-0.982772814248,12,10
2023-03-19,0.0066736956804,0.00924494709467,27.2116218436,-2.85850604859,12,10
2023-03-20,0.00624251115758,0.00398597433938,37.1249221065,-1.06177950773,12,10
2023-03-21,0.00117472779166,-0.00635330304211,16.0967231338,-0.923257514603,12,10
2023-03-22,0.00480288962944,-0.0085754339732,15.6766481068,2.11136258037,12,10
2023-03-23,0.00667613628993,0.00322990440137,11.7004323909,0.967873339385,12,10
2023-03-24,0.0022975391729,-0.00276293299107,14.3629890583,3.26906360361,12,10
2023-03-25,0.000722436477584,0.0008757291054,-0.0866507074542,4.26777032569,12,10
2023-03-26,0.00173379637803,0.00149890966505,-1.21822888229,1.00552605424,12,10
2023-03-27,0.000232253894394,0.000287071947842,-3.64838686331,4.120190984,12,10
2023-03-28,0.00535938885718,0.00667758945848,-4.16576006868,3.39664240787,12,10
2023-03-29,0.011686114385,0.00113099568588,-4.49984749169,-0.870885771335,12,10
2023-03-30,0.00249365666975,0.00347292256176,6.93171920528,0.441298758899,12,10
2023-03-31,0.00561384594426,0.00622946403853,-1.28822235672,-0.100435001378,12,10
2023-04-01,0.00926255449124,0.00507725354958,3.9375175169,1.18515024584,12,10
2023-04-02,0.00399726685492,0.00816531162237,4.38594719587,4.4673762367,12,10
2023-04-03,0.00454064913697,-0.00477542807502,-0.58179150228,6.13780207157,12,10
2023-04-04,0.00348589394089,0.00596034093552,-3.2019753638,4.56277947781,12,10
2023-04-05,0.00561899498758,0.00479904586168,-0.715867316259,3.79723635857,12,10
2023-04-06,-0.00120438598539,-0.00230945569185,-7.62352425564,5.55525215521,12,10
2023-04-07,-0.000137636187786,-0.0071435070274,-1.64609586669,7.45763201255,12,10
2023-04-08,0.0046957548104,0.000614847897199,-1.12110330199,7.89895852793,12,10
2023-04-09,0.000385228194002,0.00592597535449,-1.01238578332,2.87156923036,12,10
2023-04-10,0.00498144487051,0.00405332083313,1.95129905067,-2.54808674761,12,10
2023-04-11,0.00723196671403,0.0089967847458,19.3448664263,-5.68567051469,12,10
2023-04-12,0.00446876231719,0.00752068078847,17.0498553011,-3.60894002695,12,10
2023-04-13,0.0101913273503,0.00556915717627,18.7822421279,-4.8844688186,12,10
2023-04-14,0.00281226850915,-0.00181472408139,19.3201056872,-4.62402909512,12,10
2023-04-15,0.00837196224327,0.0127665830392,12.361862139,-2.12645478763,12,10
2023-04-16,0.00943887021597,0.00963340218288,12.3202552426,-3.02734149962,12,10
2023-04-17,0.00856309867004,0.00274637260474,8.65815639364,2.58387997076,12,10
2023-04-18,0.00705197991272,0.0104392878318,-4.26209619167,0.985504507738,12,10
2023-04-19,0.0015419001878,0.00161254597951,-2.73123178466,5.80102553739,12,10
2023-04-20,0.00845872928738,0.00890089961325,-9.48049234569,9.09260343104,12,10
2023-04-21,0.0106892729071,0.00857797720913,-10.8025406894,12.575166464,12,10
2023-04-22,0.0017584706531,-0.00155038596368,-11.2042821793,8.61899700661,12,10
2023-04-23,0.000765252404651,0.00712100590476,-9.18227023058,9.02832560865,12,10
2023-04-24,0.00616403272095,-0.000796342343308,-10.322119141,8.39809151915,12,10
2023-04-25,0.00390277605429,0.00593943533875,-8.66781693644,4.44567710926,12,10
2023-04-26,0.00673263827507,-0.000524770781347,-8.18015178508,4.17165475504,12,10
2023-04-27,0.00246065245992,0.00383438756779,-9.40301442358,2.78998181986,12,10
2023-04-28,0.00155837897284,-0.00505912869224,-4.02668011946,3.63282343034,12,10
2023-04-29,0.000558721406397,0.00227993688727,2.47149364041,5.48563190771,12,10
2023-04-30,0.00278556272004,-0.000678645346688,-0.240467781319,4.63943068512,12,10
2023-05-01,0.00402903761336,0.0071202530831,1.13618294101,8.91338081341,12,10
2023-05-02,0.0040545076327,-0.00923514760019,-0.537354665712,5.20135168979,12,10
2023-05-03,0.00579556301514,0.0121648818305,-1.12836763094,4.14379872177,12,10
2023-05-04,0.00808770592751,0.00309328034986,4.65183656796,5.37995555924,12,10
2023-05-05,0.00506053322152,0.00041878630344,0.663550311496,1.42687369182,12,10
2023-05-06,-0.00192646286434,-0.0181128461226,3.50663506418,2.81425609428,12,10
2023-05-07,-0.00708444046961,-0.00117070045001,-1.14428697663,4.49670347,12,10
2023-05-08,-4.36279790129e-05,-0.0086623048238,-0.462161102695,7.96722273191,12,10
2023-05-09,0.00300518381495,0.00742528920489,3.07981616102,6.6797071847,12,10
2023-05-10,0.00402951481852,-0.00405063412303,0.260581499613,7.54894307243,12,10
2023-05-11,0.00204141861522,0.00533105029364,-1.49552911548,10.1146915508,12,10
2023-05-12,0.00373126406335,0.00510898117468,0.351134397581,11.5107621393,12,10
2023-05-13,0.00402128729693,0.00463243112015,-6.80128998619,9.03225706579,12,10
2023-05-14,0.00416317964195,0.00282395860264,-1.23520635287,7.15224630293,12,10
2023-05-15,0.00338148628416,0.010451237421,-0.0290989777959,4.85615338264,12,10
2023-05-16,0.00879662983709,0.00757542214615,0.08230410123,5.93988971552,12,10
2023-05-17,0.00718397508107,0.00868583055917,0.867429184617,3.45924268039,12,10
2023-05-18,0.00692714023122,0.0049670204345,4.99371330052,6.36011263664,12,10
2023-05-19,0.00493870975704,0.00613390982467,-2.3487844339,5.76230148114,12,10
2023-05-20,0.00383393777476,-0.000184356997348,0.315459369076,2.89392928255,12,10
2023-05-21,0.00438400134686,0.00821522018743,1.03641207764,5.66049071494,12,10
2023-05-22,0.00666142866829,0.00792213502715,-0.52743259907,5.88216031279,12,11
2023-05-23,0.00817981436842,0.0114371774324,-1.14612600953,2.8114597056,12,11
2023-05-24,0.00722290961021,0.0074741539204,1.10310173878,6.40201398754,12,11
2023-05-25,0.00582980908116,0.00361004230941,-1.2392826936,6.3924344716,12,11
2023-05-26,0.00717846135464,1.55928998394e-05,3.66834083058,2.46359085672,12,11
2023-05-27,0.00769747215919,0.00398790578302,1.12867831428,1.79585556393,12,11
2023-05-28,0.00622111068982,0.0109996199675,-0.339019187412,-3.75754277356,12,11
2023-05-29,0.010226486577,0.00919179979512,6.31654643083,-2.44030456497,12,11
2023-05-30,0.00942658346324,0.0119224548611,4.32365525347,-1.22460664797,12,11
2023-05-31,0.00945752467382,0.00497288364571,2.03188034862,2.87610593296,12,11
2023-06-01,0.00937544820789,0.00848516833157,1.49759563781,5.99761397709,12,11
2023-06-02,0.00837535749259,0.0105690334435,-1.49071610825,5.42929590262,12,11
2023-06-03,0.00798397683603,0.00324279942417,2.7246437947,8.72895427071,12,11
2023-06-04,0.0100415491456,0.0091772380144,2.32749956684,5.83357579383,12,11
2023-06-05,0.00614950636971,-0.00165438520566,-4.69881300579,10.5288771311,12,11
2023-06-06,0.00744279755235,0.0101724357372,-2.72401448428,5.71634481947,12,11
2023-06-07,0.00816809652686,0.00756412336719,-2.66022756086,8.20064488476,12,11
2023-06-08,0.00667326760818,0.00686267391363,-6.23583853567,6.7366329767,12,11
2023-06-09,0.00911482262802,0.00958371612156,-3.20329771944,7.13280931244,12,11
2023-06-10,0.00636907686571,0.00351053409598,-4.59737545622,8.87882078265,12,11
2023-06-11,0.00991258984522,0.0116169486559,-5.86080266991,6.94177842589,12,11
2023-06-12,0.0106861030201,0.010795512271,-4.84129365422,8.63922254486,12,11
2023-06-13,0.00825060965083,0.00792666232914,-4.65832011835,6.56978224478,12,11
2023-06-14,0.00457959730459,0.00122582750648,-3.14780718012,10.6036600998,12,11
2023-06-15,0.00851064491203,0.00923208923249,0.45823095355,7.21177144345,12,11
2023-06-16,0.0103413544814,0.00844708292608,0.502912086393,3.39201955293,12,11
2023-06-17,0.0104314567968,0.00744693202848,4.40143378257,-0.287509618688,12,11
2023-06-18,0.00819005817994,0.00807617295352,4.72107809887,1.54501731423,12,11
2023-06-19,0.00645274238223,0.00744052046951,5.15727560891,0.840481265773,12,11
2023-06-20,0.00547000890647,-0.00394143829574,6.25551528004,-2.59186328651,12,11
2023-06-21,0.00431958799585,0.0164358887111,16.1794801834,-5.80754027195,12,11
2023-06-22,0.00821717694373,0.00778310568821,23.1872517559,-3.17275221467,12,11
2023-06-23,0.00760912661937,0.00310897240953,23.2762524401,-4.07560447579,12,11
2023-06-24,0.0078655483886,0.0107178908412,22.5570455121,-3.00373031104,12,11
2023-06-25,0.0122404844234,0.00997989773486,24.9367145117,-1.77204662263,12,11
2023-06-26,0.0081420464823,0.00740475894399,25.4746058586,0.422227374758,12,11
2023-06-27,0.00590578459616,0.00276134970979,21.4993885325,-0.739012280727,12,11
2023-06-28,0.00702512215939,0.00530824425095,10.4424146448,3.48801667869,12,11
2023-06-29,0.00924095976802,0.00923364790305,4.73611431124,0.566330432966,12,11
2023-06-30,0.00471666604921,0.0108018154326,4.38770874657,0.938115334124,12,11
2023-07-01,0.0103021235074,0.00957634204017,-4.41254455539,-1.40308808479,12,11
2023-07-02,0.0117860760476,0.0094254961716,-4.16926211178,-0.189599382687,12,11
2023-07-03,0.0105504546817,0.00721683800807,-5.32813951164,-4.27614960112,12,11
2023-07-04,0.0103207654014,0.00736990032309,0.851339060875,0.365768794662,12,11
2023-07-05,0.00758391778085,0.00687148625802,-2.22577799087,3.9802530142,12,11
2023-07-06,0.000225611440822,0.00414966780713,0.381046206749,5.43791357667,12,11
2023-07-07,-0.00231359078398,-0.00734265446998,-7.61771577877,5.31614413874,12,11
2023-07-08,0.00317860070331,-0.0088597665828,-1.43679017351,8.56160722361,12,11
2023-07-09,0.00650202134348,0.0056338945223,-1.88449590203,8.47712270889,12,11
2023-07-10,0.0102043119347,0.0039621989871,-1.56778847055,5.42587072312,12,11
2023-07-11,0.00529819281469,0.00642850124789,-7.55758424623,4.12686874075,12,11
2023-07-12,0.00234274152988,0.00507096670027,-3.42598665394,2.12640349901,12,11
2023-07-13,0.00802808409382,0.0125720537622,-0.844771891451,-2.17739560207,12,11
2023-07-14,0.00991095748521,-0.0104949169473,5.06185710969,2.75219554191,12,11
2023-07-15,-0.000261752162138,0.00697622021186,5.21221257886,3.00322246521,12,11
2023-07-16,-0.000140444572073,0.00620931812319,2.71338030778,5.81238784772,12,11
2023-07-17,0.00649696784518,0.00403567171662,2.71122982682,8.60351264753,12,11
2023-07-18,0.00732832293567,0.00706448275132,4.09629457956,10.7227292324,12,11
2023-07-19,0.00637766035171,0.00242398195498,2.74199857096,9.19819766117,12,11
2023-07-20,0.00420517600727,0.00587893199231,-2.00252669929,9.69088057658,12,11
2023-07-21,0.0054757828436,0.00324458655374,-3.48709313719,7.97556602876,12,11
2023-07-22,0.000351223241622,0.0022042033783,-5.3194863187,11.529858069,12,11
2023-07-23,0.00929825714836,0.00629601144773,-3.982738975,7.77496754725,12,11
2023-07-24,0.0079805511366,0.00588194195932,-4.07471480732,12.1502671367,12,11
2023-07-25,0.00578103447185,0.00297989407127,-1.52715636985,7.74172931842,12,11
2023-07-26,0.00522268975711,-0.00237761519982,-3.26535488099,5.57911897848,12,11
2023-07-27,-0.00102676271509,0.00403010045582,-2.04371336291,10.117383638,12,11
2023-07-28,0.00989862963721,0.00591882730635,1.02169445542,8.65229920098,12,11
2023-07-29,0.00803698134703,0.00785862461027,2.08288076659,5.41788300377,12,11
2023-07-30,0.00474692493203,-0.000668788431949,2.86609771296,8.53102700068,12,11
2023-07-31,0.00723931281608,0.00254345512261,2.55226628047,7.43809566796,12,11
2023-08-01,0.0136959804748,0.0105894599474,0.806664653894,5.99113002597,12,11
2023-08-02,0.0106791345499,0.0100485350507,0.876184280506,5.90082374741,12,11
2023-08-03,0.0122221527703,0.0113985136164,-1.01174743992,5.99846028998,12,11
2023-08-04,0.00896798834701,0.00954746089137,-1.21015111848,8.97481697174,12,11
2023-08-05,0.0115446304963,0.011912675212,0.000558166606773,10.8159633826,12,11
2023-08-06,0.0155289493759,0.0141322264012,-0.381601408608,8.01147722292,12,11
2023-08-07,0.0156821344702,0.0114696943225,-0.78783164055,8.74750660075,12,11
2023-08-08,0.00937352141551,0.00857457792228,-1.46790212958,2.98168189562,12,11
2023-08-09,0.0081780052438,0.0114898895066,3.44755194811,4.99953020816,12,11
2023-08-10,0.0105330220856,0.00880089263007,4.67128735467,6.98977667627,12,11
2023-08-11,0.00790519329243,0.00715871473854,4.10353727845,9.85749619402,12,11
2023-08-12,0.00846158130401,0.00878830328757,1.76396528965,5.63407725405,12,11
2023-08-13,0.0102851688973,0.0122608577305,1.576570089,8.90906242953,12,11
2023-08-14,0.0134817318754,0.00848799888163,1.88312610651,9.44989223834,12,11
2023-08-15,0.00961426963132,0.00989252073641,0.28025964317,13.6470904572,12,11
2023-08-16,0.0154988424879,0.0141023229006,-2.03780924238,17.400296628,12,11
2023-08-17,0.00223219405974,-0.0461709701832,-1.48260560869,18.5140240828,12,11
2023-08-18,0.000332053211364,0.00293490414959,-18.8141898123,18.1634515839,12,11
2023-08-19,-0.000501417244004,-0.000486721206538,-20.3603313088,16.55277547,12,11
2023-08-20,-0.0035305815273,-0.00100267814731,-20.7840626941,12.8060414992,12,11
2023-08-21,0.000775268588818,0.00100616722307,-19.008758055,13.7219306243,12,11
2023-08-22,0.00369080510769,0.00651405047318,-14.445118414,15.1129672113,12,11
2023-08-23,0.00561594104534,-0.00200801208554,-19.6006873476,10.1691700522,12,11
2023-08-24,0.00684757768598,0.000679623856681,-19.6298126867,13.4267493656,12,11
2023-08-25,0.00135171107055,0.00195326721003,-3.16427945938,13.9192875348,12,11
2023-08-26,0.00824906921475,0.00639858145557,-2.81967386201,9.69990513898,12,11
2023-08-27,0.00175937488368,-0.0003974607542,-3.4493552295,5.84885199694,12,11
2023-08-28,0.00344022575137,0.00070368975525,-2.14437408908,5.99732235591,12,11
2023-08-29,-0.000382591611123,0.000516107403021,-6.1917081525,2.55647913129,12,11
2023-08-30,0.00386044048924,0.00066268088458,8.1406545284,6.76868728723,12,11
2023-08-31,0.00256100444306,-0.00616370270318,5.28484480932,10.3069729545,12,11
2023-09-01,0.00334434552269,0.0103370427354,-2.71843948334,11.8993837412,12,11
2023-09-02,-0.000333505140639,0.00538586489199,-1.01458484694,9.04695120035,12,11
2023-09-03,0.00310094488172,0.00617980929863,-0.692845347653,10.3630382607,12,11
2023-09-04,0.00501518978793,0.0013754401799,-1.94482090934,13.8560756815,12,11
2023-09-05,0.00351416112902,0.00402606507482,-2.4818671319,12.8855761547,12,11
2023-09-06,0.00477023657056,0.00627101953499,-11.1503148727,11.8819786951,12,11
2023-09-07,0.00646482318503,-0.00018998422395,-7.92437808658,6.96408333228,12,11
2023-09-08,-5.25517399559e-05,0.00173364928741,2.52224013291,9.11150403575,12,11
2023-09-09,0.00333381819428,0.00365795405163,2.23225412691,6.35677460648,12,11
2023-09-10,0.00494912827836,0.00429509615295,0.347145637234,8.21229567111,12,11
2023-09-11,0.00232083993659,-1.69410183096e-05,0.403239233834,12.4299543687,12,11
2023-09-12,0.0011759613454,0.00209749173598,3.43903681436,8.24654068592,12,11
2023-09-13,0.000183896580635,-0.00487477304572,2.14783205214,5.84443685,12,11
2023-09-14,0.000348992699065,-0.0012587016039,4.85096203883,1.9477373464,12,11
2023-09-15,0.00533383882327,-0.00333223480307,5.73061663133,0.306714695962,12,11
2023-09-16,0.00442084998387,-0.003135229906,4.80920572917,1.30679310873,12,11
2023-09-17,-0.00067078105666,0.00037473546889,6.46717516774,5.6531465001,12,11
2023-09-18,-0.00115502469016,-0.00136050713737,3.91938249701,2.21759851475,12,11
2023-09-19,0.00232223216785,-0.00105277325184,5.48964355972,1.41111661741,12,11
2023-09-20,0.00330319165562,-0.000385624694888,9.29948548465,3.34222136576,12,11
2023-09-21,0.00369132067878,-0.00388819363466,4.51889472448,7.91498421504,12,11
2023-09-22,0.00578649275185,0.00315938823926,2.57354362386,6.63677480502,12,11
2023-09-23,-0.00012632684602,0.00362848040604,-0.0804036637939,6.90657338537,12,11
2023-09-24,0.00461207351892,-0.00824335990353,-1.49381420879,11.5204324543,12,11
2023-09-25,0.00367904314526,-0.000519771137125,0.199908176666,10.7484427521,12,11
2023-09-26,0.0047482270599,0.00666271735824,-1.33735739351,10.8561347547,12,11
2023-09-27,0.00167610749483,0.00438000207731,-3.92141674277,8.14862315432,12,11
2023-09-28,0.00246413744777,-0.000269266330904,-3.63300256502,3.46431257542,12,11
2023-09-29,0.0044343229599,0.00608917492945,1.10409913251,2.05150451459,12,11
2023-09-30,0.00284987596751,-0.00286805678384,2.40073704316,-1.91455931461,12,11
2023-10-01,0.00341460372552,0.00781345031645,2.32201576916,-7.00159117814,12,11
2023-10-02,0.00110158580878,0.00819587462671,6.75115867171,-3.93468078435,12,11
2023-10-03,0.0048865392743,0.00587238846793,2.80216417471,-0.573404988863,12,11
2023-10-04,0.00372047134916,0.00258602945626,3.47671373387,-2.76632184415,12,11
2023-10-05,-0.00215050228723,0.00216674023235,6.15548544904,-0.918613417768,12,11
2023-10-06,-0.00122520234026,0.00383430570701,-0.15573259482,-2.0795447795,12,11
2023-10-07,0.000835238488505,-0.00230405801574,7.38590489165,-1.38830594162,12,11
2023-10-08,0.00302136273877,0.000333031233947,8.96683840661,2.49376422232,12,11
2023-10-09,0.00289046180761,0.00785210252582,5.68018732552,5.90805165701,12,11
2023-10-10,0.00371802768178,0.00528607156871,4.66373426105,8.05497454321,12,11
2023-10-11,0.00735662078438,0.0106703495927,2.38091850252,11.5781084509,12,11
2023-10-12,0.00781263566577,0.00571728794836,1.32550288532,13.1506557392,12,11
2023-10-13,0.00517480831125,0.00418719293527,0.466523275752,11.5000792424,12,11
2023-10-14,0.00788360131361,0.00192751065288,-3.72371610011,5.41848617715,12,11
2023-10-15,0.00359960164604,-0.000524669575099,-4.99997349395,1.3735981,12,11
2023-10-16,0.00930918262099,0.00116306317526,-2.60993076534,-2.35823686718,12,11
2023-10-17,-0.00196961986215,-0.00195695492476,-1.84229212217,-1.47121997223,12,11
2023-10-18,-0.00025785910193,-0.000986151366568,2.30814468189,-2.40922621882,12,11
2023-10-19,-0.00513833469241,-0.00922842268891,-0.023839430315,-4.84028323581,12,11
2023-10-20,0.0053509988489,-0.000827634182692,5.03210636118,-6.1085037337,12,11
2023-10-21,0.000989305040838,0.00150543859415,9.76813042054,-7.34604773511,12,11
2023-10-22,0.00948118885161,0.007587409998,18.686063406,-5.52725727846,12,11
2023-10-23,0.00683731341853,0.014047487768,11.9157419624,-9.20147022433,12,11
2023-10-24,0.0106207494604,0.0121801032363,15.3410293211,-9.04741605798,12,11
2023-10-25,0.0121642801204,0.0114580742666,15.398251501,-8.93499735957,12,11
2023-10-26,0.00996096068618,0.0107302190157,21.4111527942,-5.45408973167,12,11
2023-10-27,0.0104825543255,0.00753336071362,18.0779631918,-0.864173765071,12,11
2023-10-28,0.0150965193958,0.0162622131625,10.8052940288,-2.35314980123,12,11
2023-10-29,0.0183489247345,0.012926177672,6.34923232419,-5.50322651557,12,11
2023-10-30,0.011602587993,0.00799716798266,12.7916931866,-3.36084530851,12,11
2023-10-31,0.0110202337258,0.0118333284919,8.83522230277,-1.92717504319,12,11
2023-11-01,0.0179455633258,0.0229689924723,6.23593063938,-4.03615111711,12,11
2023-11-02,0.0115145248605,0.00802233701225,4.10314425413,-0.992478076113,12,11
2023-11-03,0.00747567428951,0.00422555848564,1.476821539,1.85321234495,12,11
2023-11-04,0.0120480590709,0.00694875508168,2.28517414782,-2.76599625693,12,11
2023-11-05,0.0130929363786,0.0159692593691,2.42560634977,-1.26035604874,12,11
2023-11-06,0.0131783260801,0.00931847248877,0.0913954462333,-1.03041839424,12,11
2023-11-07,0.0100870309766,0.0136134106288,2.13746534758,-1.6928009901,12,11
2023-11-08,0.0108655815349,0.0105114597964,3.96211704185,-3.32343231582,12,11
2023-11-09,0.0260669602011,0.0359765708583,5.28428053809,-6.17348177465,12,11
2023-11-10,0.0109960963078,0.0138998569925,5.05118940108,-7.5545329474,12,11
2023-11-11,0.0161015015878,0.0232067532765,6.66880116837,-4.89269230245,12,11
2023-11-12,0.028360053409,0.0322901029194,6.07141457223,-1.7251421471,12,11
2023-11-13,0.0167041703556,0.0131851096448,3.70243909094,1.24520599956,12,11
2023-11-14,0.0174205380132,0.00910367557375,2.65614518362,6.58977418482,12,11
2023-11-15,0.0097830551756,0.0127345453484,-4.54402694339,1.23361160771,12,11
2023-11-16,0.0122313954143,0.00974641565476,-0.17621207854,5.42542079456,12,11
2023-11-17,0.00916821172326,0.00885041778848,-0.923558315446,4.34531071595,12,11
2023-11-18,0.0077197075136,0.00933475177211,-3.55333301687,3.78309104419,12,11
2023-11-19,0.00892175023429,0.0127217691333,-3.56719467493,-1.61276527043,12,11
2023-11-20,0.0116808595248,0.00946192414372,-0.271867308437,-1.75767938761,12,11
2023-11-21,0.00667418376825,0.00918153631351,1.96560937106,2.16079701757,12,11
2023-11-22,0.0115388258243,0.0129452615224,1.11939970674,-1.48562511802,12,11
2023-11-23,0.00981098861632,0.0106539985299,-1.63903702694,0.5371825885,12,11
2023-11-24,0.0154615614986,0.00650146579648,2.64212522255,-1.83923204516,12,11
2023-11-25,0.0130040603672,0.00883665549834,5.46620164634,-4.51078911895,12,11
2023-11-26,0.00743829777624,0.00840978777405,4.84037864711,-2.54927389011,12,11
2023-11-27,0.00596215923043,0.0110987980648,2.06679584833,0.70237084971,12,11
2023-11-28,0.00870082458937,0.00604711389973,0.930651867668,-2.81999631984,12,11
2023-11-29,0.00558718375347,0.00721734840139,8.62856506499,-2.43044164745,12,11
2023-11-30,0.0068200058851,0.00759993698225,4.32712823961,-2.60049556073,12,11
2023-12-01,0.0140327979767,0.00659058300968,0.656095161034,-6.65187149001,12,11
2023-12-02,0.0103304059159,0.0136968674302,9.06985537922,-10.9108222569,12,11
2023-12-03,0.0179842208617,0.0171838316377,8.84441270386,-13.1133280311,12,11
2023-12-04,0.0137742370302,0.0173715836952,8.71088813544,-15.1663879115,12,11
2023-12-05,0.0114519744684,0.0231023208914,16.0361614647,-17.212857172,12,11
2023-12-06,0.0110614426727,0.00880171620475,17.1926657989,-13.4033556111,12,11
2023-12-07,0.0132760344246,0.023092831381,14.5542366603,-9.98279236334,12,11
2023-12-08,0.0237396934904,0.0116917600809,16.2530790146,-13.2190194873,12,11
2023-12-09,0.0212736340789,0.0262321226445,7.20737924854,-7.89582669274,12,11
2023-12-10,0.0320062342611,0.0284954156342,7.02189388058,-6.59689439416,12,11
2023-12-11,0.0151716478643,0.0119312591937,6.58966282085,-1.26013007238,12,11
2023-12-12,0.0119256828291,0.0235314612622,-5.75492736928,-0.598065804584,12,11
2023-12-13,0.0166546739908,0.00802101580187,-8.16668159484,-3.50050056845,12,11
2023-12-14,0.0111038620833,0.0121996005059,-7.01510775631,-2.54044163823,12,11
2023-12-15,0.0175385484934,0.0130796841996,-6.03089719838,0.99606786619,12,11
2023-12-16,0.0217003077237,0.0220673316779,-9.49185323078,0.0994531488772,12,11
2023-12-17,0.0210885716631,0.0222068288297,-8.57835937682,4.56320716924,12,11
2023-12-18,0.0190786274818,0.0117713807787,-9.96390586759,4.40105902448,12,11
2023-12-19,0.0174851937203,0.0251388336405,-2.92141495926,3.78941459555,12,11
2023-12-20,0.022734954759,0.0229577707041,-2.02651948479,0.212680331308,12,11
2023-12-21,0.0278282510956,0.0198870217783,4.08524401046,-1.64578663336,12,11
2023-12-22,0.0225451306029,0.0144601032529,5.8231526267,-1.06256040589,12,11
2023-12-23,0.0125161991882,0.0137524064462,8.27194787595,0.529131880122,12,11
2023-12-24,0.0186669463555,0.0162221461375,7.29904734592,4.57837354516,12,11
2023-12-25,0.0325163791303,0.0443319026506,7.24651224748,1.32815496015,12,11
2023-12-26,0.0351958494669,0.0316649214484,6.48784036854,5.75909975733,12,11
2023-12-27,0.0438758093974,0.0206821346048,5.00525311626,2.27603829286,12,11
2023-12-28,0.0474154730178,0.0488714983781,0.0734401861362,5.02662607934,12,11
2023-12-29,0.039046018372,0.0279352136422,-3.23852799288,8.14697580743,12,11
2023-12-30,0.0294520904149,0.0283961189428,-6.29490204065,8.67771182687,12,11
2023-12-31,0.037074833617,0.0417809125901,-5.27189340721,6.72533744272,12,11
2024-01-01,0.032425922456,0.0660087225949,-4.40293733355,0.800267086953,12,11
2024-01-02,0.0495636501014,0.0157188830885,-0.722313080963,-1.87159392709,12,11
2024-01-03,0.00291832916414,0.0103484584332,2.67384791694,2.56712864332,12,11
2024-01-04,0.00837317708484,0.00441362054695,-4.08929926229,-1.31003758719,12,11
2024-01-05,0.00551174171195,0.00430017301894,-3.00426061113,0.0354619053084,12,11
2024-01-06,0.00482923903583,0.00571218954811,-0.335749575442,1.56951276611,12,11
2024-01-07,0.00764294595583,0.00216732806282,-0.155004607798,3.45500975782,12,11
2024-01-08,0.00989843898545,0.0176406664546,1.29426901154,-1.27973616586,12,11
2024-01-09,0.0106555592003,0.0117759685,4.67766606951,-0.0490666710074,12,9
2024-01-10,0.00819889918669,0.0144748315398,0.00333638492845,1.18122144298,12,9
2024-01-11,0.0146811982438,0.00832724949517,8.53517174074,1.23204868424,12,9
2024-01-12,0.0200567185725,0.00222109638878,11.4808223021,5.64360173542,12,9
2024-01-13,0.00740271828968,0.00229035162441,7.12424641184,5.82876966097,12,9
2024-01-14,0.00939512024737,0.0086805760872,2.22185742653,9.67041336818,12,9
2024-01-15,0.00976483708602,0.00892441411978,0.150291856554,6.98355139514,12,9
2024-01-16,0.00691134038719,0.0047288604086,-8.58694614858,3.74385615995,12,9
2024-01-17,0.0069670063058,0.0108574952168,-6.29923998185,6.64928484422,12,9
2024-01-18,0.0205495000081,0.00594940575481,-8.49234949459,10.4975476729,12,9
2024-01-19,0.0115195637259,0.0135825093516,-12.2169102688,9.86841217022,12,9
2024-01-20,0.00692072012236,0.00773007330461,-8.11033616625,7.34975145389,12,9
2024-01-21,0.0079490646423,0.00977674672574,-4.79157421169,7.85174825859,12,9
2024-01-22,0.0107995473012,0.00891465329495,-4.46093253756,11.0407777948,12,9
2024-01-23,0.011565894857,0.00967175701586,-6.37404755376,12.1613180834,12,9
2024-01-24,0.00789848853859,0.010743411646,-7.84199247164,8.77447184561,12,9
2024-01-25,0.00948653162282,0.011215235139,-5.74351397672,8.22236025037,12,9
2024-01-26,0.0115870233665,0.00797642965676,-3.98872962777,2.43421110408,12,9
2024-01-27,0.00811158394696,0.00720652002666,-0.0479025388157,1.81234226616,12,9
2024-01-28,0.0111961633353,0.00943725210135,1.15682973312,1.28059256292,12,9
2024-01-29,0.0113262854058,0.00782593962101,0.39584788532,-2.32837256416,12,9
2024-01-30,0.00662986288482,0.00042418229546,6.97232033375,-2.57728909755,12,9
2024-01-31,0.00815290281728,0.00534488296724,6.03424385866,-0.25024676458,12,9
2024-02-01,0.00852302866309,0.00803647728306,-0.17568512272,1.83213681335,12,9
2024-02-02,0.00877775632509,0.0050885228419,1.10393456699,1.46495623368,12,9
2024-02-03,0.00799094405347,0.00700702022615,-2.04154647441,0.288158638893,12,9
2024-02-04,0.00794709313535,-0.00113621222682,-3.06001842678,3.93426676799,12,9
2024-02-05,0.00909849261489,0.00822365726905,-1.38784671064,4.52581321614,12,9
2024-02-06,0.00851134373872,0.00824839743724,-2.13753287751,3.91738148072,12,9
2024-02-07,0.00758934170344,0.0140860623263,0.0408042699189,-1.12034534176,12,9
2024-02-08,0.00898849662346,0.0060576698014,10.4290712729,-5.79508446145,12,9
2024-02-09,0.00806316649883,0.00740093577642,14.352129036,-8.37261224853,12,9
2024-02-10,0.00931541532851,0.0125417418506,17.3725874552,-9.15991634867,12,9
2024-02-11,0.0157032533804,0.0120393275917,22.3854141129,-10.3314424195,12,9
2024-02-12,0.0148815522277,0.018634856966,25.6005611787,-12.0851448087,12,9
2024-02-13,0.0117709738835,0.00732341035559,29.0330066341,-10.2762210883,12,9
2024-02-14,0.0178539623085,0.0103117131371,25.6852744502,-13.2629637823,12,9
2024-02-15,0.0122935609865,0.0189372010004,25.4176845166,-12.4846775488,12,9
2024-02-16,0.0180200771604,0.00950157475785,19.1072919255,-12.0823493144,12,9
2024-02-17,0.0114204417123,0.0176913277619,16.463467201,-9.56557618508,12,9
2024-02-18,0.0203897942812,0.0273150914633,11.8733241296,-11.5700091957,12,9
2024-02-19,0.0143534081356,0.00938676530425,8.67638483094,-10.5380409262,12,9
2024-02-20,0.0161561975539,0.0142794302838,3.72190285683,-7.98266961067,12,9
2024-02-21,0.0141610415383,0.0172707474603,4.7445221831,-5.05512113903,12,7
2024-02-22,0.0150258191476,0.011266425873,-1.06755229676,-4.42057626422,12,7
2024-02-23,0.00902691491785,0.00967359095238,-2.37307938584,-1.24046464723,12,7
2024-02-24,0.0186919257804,0.0140045496825,-2.46171009175,-5.86405794709,12,7
2024-02-25,0.0165718551738,0.0234827219048,-1.06502094689,-6.91631557971,12,7
2024-02-26,0.0232119145788,0.027501128254,-1.25774206246,-10.9404964362,12,7
2024-02-27,0.0263015803646,0.0221081366667,3.63799273343,-11.7765507585,12,7
2024-02-28,0.065577576427,0.0636135411111,7.79402151662,-12.7223671572,12,7
2024-02-29,0.0625756400195,0.0533300842857,13.2247003109,-9.74177457856,12,7
2024-03-01,0.0311064562225,0.0187608674603,11.2644526068,-11.5155606367,12,7
2024-03-02,0.0507127274431,0.0454711366667,15.3993681928,-9.32194603541,12,7
2024-03-03,0.0596890506114,0.0601847250794,15.1581533492,-10.1608571188,12,7
2024-03-04,0.0595654937958,0.0409530901587,20.7167812193,-12.1206858703,12,7
2024-03-05,0.0468652056258,0.0235616466667,27.7010172626,-7.45120911239,12,7
2024-03-06,0.0373573735139,0.0281648947619,20.1675920931,-6.53076005543,12,7
2024-03-07,0.0336730579812,0.0226046557143,13.1650002336,-7.41405378943,12,7
2024-03-08,0.0290880101226,0.0125493895238,19.485984707,-7.19343380935,12,7
2024-03-09,0.0234735572029,0.0273784396825,17.1019274045,-5.25209900019,12,7
2024-03-10,0.0450803967413,0.0387639274603,17.0731434842,-5.08794678589,12,7
2024-03-11,0.0773515013139,0.0595524057143,16.3340479892,-6.41200032681,12,7
2024-03-12,0.0547929339803,0.0391575739683,10.9490259219,-3.56392600513,12,7
2024-03-13,0.0236445248124,0.0183585165079,14.6175504052,-4.02683251855,12,7
2024-03-14,0.0427413066868,0.0403853634921,18.6304660283,-0.11248665293,12,7
2024-03-15,0.0167578402917,0.0129496684127,18.3448508432,1.93261662324,12,7
2024-03-16,0.0247271818829,0.0203456563492,12.5156817837,6.39179290581,12,7
2024-03-17,0.0219375358683,0.0185358201587,6.41492129689,5.16370571993,12,7
2024-03-18,0.0131529698469,0.0180914052381,6.6740646017,6.32233590347,12,7
2024-03-19,0.0248994541941,0.0108785568254,-3.51409132615,8.0067632852,12,7
2024-03-20,0.0132097324812,0.0141889095238,-8.34470660801,6.06584878068,12,7
2024-03-21,0.0125598605268,0.0126224320635,-1.10755945275,6.88637435462,12,7
2024-03-22,0.0102895091601,0.00978874952381,-5.7971718798,7.20838029916,12,7
2024-03-23,0.0130353827219,0.00903962492063,-6.19396408974,4.8438310311,12,7
2024-03-24,0.0248927567915,0.0290704893651,-1.73914530193,0.987911862317,12,7
2024-03-25,0.0307160162386,0.0308835787302,-0.969010770212,-1.93652693752,12,7
2024-03-26,0.0303214738233,0.0401116266667,8.47515246256,-0.457577510949,12,7
2024-03-27,0.039433978522,0.0221940287302,15.4559339554,0.794644329825,12,7
2024-03-28,0.0326691306239,0.0230469363492,5.07964911651,-2.67324000592,12,7
2024-03-29,0.0309217930593,0.0273475488889,10.9826236804,0.368700554576,12,7
2024-03-30,0.0372631810834,0.0279536574603,10.7259002129,-0.579987398694,12,7
2024-03-31,0.0682910167394,0.0779123977778,9.57270245086,-5.67882840143,12,7
2024-04-01,0.0179471906944,0.0148026073016,9.21011440614,-3.03189117623,12,7
2024-04-02,0.0072684216936,0.00998993920635,1.87702242486,-0.0166142462535,12,7
2024-04-03,0.00578159066679,0.00577099650794,-6.38592569669,-0.649489031706,12,7
2024-04-04,0.00711070542265,0.00670099650794,-8.67868749157,-2.22412327639,12,7
2024-04-05,0.00771418061258,0.00522498142857,-9.09069787702,-1.04898687341,12,7
2024-04-06,0.00952389647001,0.0130994426984,-7.94316665751,-5.72133818157,12,7
2024-04-07,0.0128685506557,0.0127574203175,-5.5193114348,-7.30667504337,12,7
2024-04-08,0.0184659380504,0.0150662226984,-7.36019923145,-9.16006286814,12,7
2024-04-09,0.0100257308,0.0106753219048,-0.977667956199,-4.49747103979,12,7
2024-04-10,0.00944626907264,0.0107654373016,3.35146729096,-5.30064567098,12,7
2024-04-11,0.00880883425946,0.00659197222222,5.80040076869,-4.94140121313,12,7
2024-04-12,0.00430132035057,0.00253951809524,3.37390479285,-1.13667532074,12,7
2024-04-13,0.00752535242984,-0.00935908730159,3.60376359984,2.32808402016,12,7
2024-04-14,0.00735818007396,0.00228307,-9.31906021263,2.05482337295,12,7
2024-04-15,0.0124969590222,0.00512315253968,-9.45476965691,4.84832700604,12,7
2024-04-16,0.00423652624029,0.00718920380952,-17.0049467267,5.88319577254,12,7
2024-04-17,0.00866106949863,0.00111604174603,-15.3930349196,8.1804341444,12,7
2024-04-18,-0.0025596672522,-0.0086240868254,-16.4948558517,5.80206824491,12,7
2024-04-19,-0.000411201718079,0.000111733015873,-14.079965932,5.81752921,12,7
2024-04-20,0.00281204221182,-0.00114647301587,-11.4473851319,3.87614319642,12,7
2024-04-21,0.0035774207441,0.00823729365079,-1.59334966519,4.99359540216,12,7
2024-04-22,0.000216825135832,-0.00730302507937,-5.66310757671,1.70200257428,12,7
2024-04-23,0.000913324654194,0.00646023952381,1.49180576681,2.84923490608,12,7
2024-04-24,0.00943457114093,0.00982325698413,0.760271205434,6.38290250816,12,7
2024-04-25,0.00223787584721,-0.000667701428571,1.74929765286,6.53557607821,12,7
2024-04-26,0.00701287423668,0.00802726412698,-0.677727826263,7.74949316219,12,7
2024-04-27,0.00621501259018,0.00582413142857,-3.35594107698,10.744465337,12,7
2024-04-28,0.00467491054758,0.00465858269841,-1.72724539183,8.24662976805,12,7
2024-04-29,0.00664947102413,0.00800151365079,-2.18305301618,6.77673647387,12,7
2024-04-30,0.0141413279403,0.0105605274603,-3.89598040733,10.1515191072,12,7
2024-05-01,0.0129829982091,0.00817479793651,-3.57001490281,11.8000248004,12,7
2024-05-02,-0.00784826468532,-0.00980180380952,-9.80433239857,9.96901105995,12,7
2024-05-03,0.00202678061324,-0.0025712315873,-10.500986864,4.55248147271,12,7
2024-05-04,0.00531029769471,0.00964392492063,-1.870841198,1.15443526345,12,7
2024-05-05,0.00562041439573,0.00336041111111,-0.4677828018,-0.117684727178,12,7
2024-05-06,0.006121100485,0.00609134904762,1.29760013955,1.06603927496,12,7
2024-05-07,0.0051448256696,0.00469868460317,-2.39716647268,3.49981160013,12,7
2024-05-08,0.00789088537339,0.00848308730159,-1.43999723044,5.68046846994,12,7
2024-05-09,0.00594241013531,0.00243824015873,4.49416185307,1.8156003254,12,7
2024-05-10,0.00424921007347,0.00871650984127,6.60145963438,4.85161384595,12,7
2024-05-11,0.00581081064134,0.00471827666667,-0.798086137911,2.98192091348,12,7
2024-05-12,0.00759000342069,0.00689910650794,-4.30883052619,0.724138031285,12,7
2024-05-13,0.00551310748794,0.00209818777778,-3.33581004277,-1.76768631921,12,7
2024-05-14,0.00382260020644,0.00676409698413,1.20038380497,2.11749496927,12,7
2024-05-15,0.000969782987356,0.00372394015873,-0.738029721596,-2.42162177241,12,7
2024-05-16,0.00536047800025,0.00703061634921,10.4342326584,-0.79909080649,12,7
2024-05-17,0.000103708063647,0.00170990412698,7.42081971531,-3.93110939148,12,7
2024-05-18,0.00527395473198,0.00663688492063,10.3489206265,-3.70607149671,12,7
2024-05-19,0.00598459082215,0.00110631063492,14.0146675624,-0.831308062621,12,7
2024-05-20,0.0161775302341,0.0150252228571,11.8156453578,-5.3160256164,12,7
2024-05-21,0.0117145839564,0.0118255293651,15.3360150032,-3.35216023596,12,7
2024-05-22,0.0139056324373,0.0179796844444,19.1005992861,-0.766580766623,12,7
2024-05-23,0.0118968026657,0.0131420004762,7.03729898535,2.89691655306,12,7
2024-05-24,0.0082793318806,0.0103420915873,6.46538655849,0.806954593965,12,7
2024-05-25,0.0122206000485,0.011921382381,2.67546283293,-2.49871867178,12,7
2024-05-26,0.0103122788101,0.0107875903175,3.19816151716,-1.92430817323,12,7
2024-05-27,0.0223194101473,0.0173749669841,4.15102286361,-4.40081640027,12,7
2024-05-28,0.0178329069927,0.0173298249206,0.356800443565,-1.47175842268,12,7
2024-05-29,0.00919113513901,0.0115923307937,-0.77730638279,2.22891570408,12,7
2024-05-30,0.00884110465374,0.0107764696825,0.554376299183,0.891066553374,12,7
2024-05-31,0.0135639944164,0.0107723571429,0.950575191184,4.32135725167,12,7
2024-06-01,0.0108643659701,0.0108391273016,3.1072387352,1.21461979371,12,7
2024-06-02,0.0100024114296,0.01102656,0.356982678349,0.157553304322,12,7
2024-06-03,0.010134198113,0.0125191165079,1.10443519758,-2.15586046591,12,7
2024-06-04,0.0091468703002,0.0108361698413,1.15657442581,-5.1787843431,12,7
2024-06-05,0.0108310806392,0.0114301166667,7.02133884905,-7.80058735064,12,7
2024-06-06,0.0164643467914,0.0114997028571,9.16089185877,-3.21237606493,12,7
2024-06-07,0.0115933269454,0.011200568254,10.78673701,0.385452656396,12,7
2024-06-08,0.0089508129182,0.0101934634921,7.59091946984,3.27211467342,12,7
2024-06-09,0.00801275154816,0.0120855057143,6.84615116973,2.35891138833,12,7
2024-06-10,0.00798378689402,0.0101585901587,7.73828026376,3.71601958062,12,7
2024-06-11,0.00735436801123,0.00731879619048,5.6550688865,6.84949935103,12,7
2024-06-12,0.00798181128539,0.0079204815873,-2.79243458986,5.81904809548,12,7
2024-06-13,0.0102271884824,0.00636759984127,-5.23244499246,9.68813570879,12,7
2024-06-14,0.00734090360411,0.00407505888889,-7.27018079589,12.7423611635,12,7
2024-06-15,0.00640194778609,0.00564225349206,-5.9961463784,12.7947460351,12,7
2024-06-16,0.00621508111256,0.00817490730159,-4.96545059967,8.752820507,12,7
2024-06-17,0.00521404323972,0.0067422847619,-4.47012114322,7.72405789135,12,7
2024-06-18,0.0149425460689,0.0053991968254,-6.24013942324,10.7165628373,12,7
2024-06-19,0.00775263437149,0.00678454777778,-4.83955140549,10.113997471,12,7
2024-06-20,0.00883804390444,0.00476212301587,-4.50181333478,6.96976183289,12,7
2024-06-21,0.00796081077968,0.00879460238095,-2.73717022583,8.86157164964,12,7
2024-06-22,0.00449155054789,0.00506609968254,-1.43015590441,6.21228785054,12,7
2024-06-23,0.00709642759684,0.0065073284127,-1.74642672325,11.3622569091,12,7
2024-06-24,0.00216815821632,-0.000558461111111,-3.53238237546,14.7316912753,12,7
2024-06-25,0.00427162685096,0.00301996587302,-5.63819919182,10.9260419251,12,7
2024-06-26,0.00974460869738,0.00769902079365,-4.4119300224,8.68638278567,12,7
2024-06-27,0.0124280508244,0.0105592396825,-5.67628530955,5.80085594007,12,7
2024-06-28,0.0103062758269,0.0109268873016,-4.6402403795,8.79594644895,12,7
2024-06-29,0.00931560232851,0.00946476142857,-7.08666208743,3.2284994986,12,7
2024-06-30,0.0101964050399,0.0147418095238,-6.51177074727,-2.15569848616,12,7
2024-07-01,0.00646571253702,0.00732243619048,-2.32404124142,-3.99742878903,12,7
2024-07-02,0.0265417716566,0.00922842365079,0.015387546781,-0.235193052109,12,7
2024-07-03,0.00539627685991,0.00719176460317,2.4772464632,4.13618423653,12,7
2024-07-04,0.00385540181702,0.0047260668254,-0.997996907504,7.44652240014,12,7
2024-07-05,0.00393736140723,0.00420935428571,-8.659272375,7.90810094262,12,7
2024-07-06,0.00204039385547,0.000878456984127,-11.9495960809,1.68389038284,12,7
2024-07-07,0.00513551851273,0.00475473809524,-10.371361927,5.18492263503,12,7
2024-07-08,0.0064083334867,0.00904926619048,-16.433023589,3.18263081719,12,7
2024-07-09,0.00500948104128,0.00582313444444,-15.8271753249,1.69111429764,12,7
2024-07-10,0.00763239421863,0.00804157238095,-14.133463489,1.439373043,12,7
2024-07-11,0.00370897675824,0.00433182793651,-9.72167675307,2.69752992899,12,7
2024-07-12,0.00202760694832,0.00636167507937,-2.1091017409,3.47709813516,12,7
2024-07-13,0.00777126176453,0.00850971777778,3.51516069755,-1.88650750963,12,7
2024-07-14,0.00690582124194,0.00630721793651,5.80965020311,-5.46466508717,12,7
2024-07-15,0.00446582239287,0.00506722968254,12.8514312173,-9.49715945462,12,7
2024-07-16,0.00604563348065,0.00453141206349,20.3268053911,-8.01757836942,12,7
2024-07-17,0.00291515859521,0.00181550666667,18.055260503,-6.00484025682,12,7
2024-07-18,0.00554682648771,0.00821856492063,16.3133339516,-2.88176393678,12,7
2024-07-19,0.00433726447877,0.00163459428571,16.4423707017,-6.12516832041,12,7
2024-07-20,0.00734195653517,0.00743023412698,25.0429770672,-2.92385756542,12,7
2024-07-21,0.0116096960006,0.0107906604762,21.5640695271,-1.83171989284,12,7
2024-07-22,0.00300873899815,0.00195916063492,18.9851689383,-1.40064663098,12,7
2024-07-23,0.00685516789712,0.0103651344444,10.7851016882,1.71512538402,12,7
2024-07-24,0.00820765043039,0.00951255698413,5.60382622577,4.20323890547,12,7
2024-07-25,0.00649527351631,0.00629041714286,5.46679434901,6.9621148665,12,7
2024-07-26,0.00458675105978,0.00791052412698,4.77710752056,2.14522251174,12,7
2024-07-27,0.00996720452635,0.00872194603175,0.130331344069,2.62643662484,12,7
2024-07-28,0.0108643106733,0.00983699285714,1.35279915632,4.40807360736,12,7
2024-07-29,0.00577156818922,0.00421829047619,0.828128504728,6.69108252459,12,7
2024-07-30,0.0108614792453,0.0082871284127,1.73255824082,9.46760345941,12,7
2024-07-31,0.0110391452386,0.00829032984127,2.97494207101,11.0184896123,12,7
2024-08-01,0.0112483413166,0.0113551938095,-0.304379207054,11.6907639883,12,7
2024-08-02,0.00802466668726,0.00733014190476,-0.305594347404,14.0340196279,12,7
2024-08-03,0.00804974094859,0.00807817047619,-8.58388838843,15.015571919,12,7
2024-08-04,0.00543473448893,0.00311996031746,-12.8527808824,17.8366653387,12,7
2024-08-05,0.00225532520378,0.00429814539683,-16.3169480892,17.9721506906,12,7
2024-08-06,-0.0009391601926,-0.00139763492063,-28.7393874123,15.8371753658,12,7
2024-08-07,0.0162261893352,0.0050787031746,-26.7503627641,14.9813714616,12,7
2024-08-08,0.00251367077807,0.00487941777778,-23.5477349277,8.95861049146,12,7
2024-08-09,0.0113797587116,0.00331881063492,-17.1895065779,9.23064905771,12,7
2024-08-10,0.00849218254404,0.00658915873016,-14.2716300332,7.7303843164,12,7
2024-08-11,0.0159123128977,0.00715710126984,-12.0466593535,9.62052555076,12,7
2024-08-12,0.00692429010523,0.00732528142857,-11.4604588314,8.22065605197,12,7
2024-08-13,0.00329635088919,0.0049253284127,6.69404668222,5.45362969199,12,7
2024-08-14,0.00226963177208,0.00186276904762,9.31049391676,7.96411808261,12,7
2024-08-15,0.000603905469103,-0.00713483365079,9.33498550063,10.6397948209,12,7
2024-08-16,0.0038985812722,0.00491973,0.399582480145,6.98253534229,12,7
2024-08-17,0.00702530208047,0.00765676269841,4.92498672832,3.24768448352,12,7
2024-08-18,0.00375461966543,0.0024450168254,6.13556941357,4.96656596371,12,7
2024-08-19,-0.00229532593062,-0.00265401825397,7.72963271499,4.02065507154,12,7
2024-08-20,-0.00249617714872,-0.00593838936508,7.00454366936,3.23380445035,12,7
2024-08-21,0.00319096004193,0.00148253380952,2.24116902266,0.172225820986,12,7
2024-08-22,0.00418361594538,0.0073323352381,8.70130537774,2.85320168867,12,7
2024-08-23,-0.00107893919066,-0.00107351492063,8.71175114355,-1.7011296012,12,7
2024-08-24,0.00708492219828,0.00715411460317,14.4777630602,-1.43730064005,12,7
2024-08-25,0.00538447773477,0.00624140777778,14.3669859242,-3.07862478633,12,7
2024-08-26,0.00452222040794,0.00430102269841,16.5402411822,1.35091108682,12,7
2024-08-27,0.00269871029262,-0.0037217331746,10.5548584887,6.20126134493,12,7
2024-08-28,0.00208841817887,0.00413637539683,3.46995868317,5.5656826281,12,7
2024-08-29,-0.000486526391434,-0.0037375284127,-4.33930712348,6.7283760061,12,7
2024-08-30,0.00505768063627,0.00122922539683,-3.42324832429,7.29103285434,12,7
2024-08-31,0.00318301107012,0.0050957915873,-11.089937223,7.49694944567,12,7
2024-09-01,0.00151573456661,-0.00572834396825,-12.5840908909,10.5093036665,12,7
2024-09-02,0.00495566493173,0.00740251888889,-15.131134564,9.18109357647,12,7
2024-09-03,0.00590294510161,0.00587504507937,-9.19886997511,10.300538384,12,7
2024-09-04,0.00294781378785,0.00315529888889,-3.44433283983,10.3752288472,12,7
2024-09-05,0.00570490421872,0.00549522825397,-1.72935857438,13.1605225598,12,7
2024-09-06,-0.00143184616127,-0.00401306174603,-4.94459732951,14.674329186,12,7
2024-09-07,-0.00135834580676,0.00113376634921,-5.99346267706,9.22721490694,12,7
2024-09-08,-0.00046900105981,0.000240200476191,-5.66924727047,3.4567944862,12,7
2024-09-09,-0.00322994237421,0.00514580301587,-2.12012742115,-0.978103692268,12,7
2024-09-10,0.00244180825138,0.00244430095238,-0.714116882954,-3.1779986631,12,7
2024-09-11,-0.000283030178484,-0.00405239333333,1.29293426606,-1.32825411464,12,7
2024-09-12,0.000451781263833,-0.000601100952381,1.188673173,-2.95401172175,12,7
2024-09-13,-0.00431603367365,-0.00180873634921,4.84915352219,-7.66265995401,12,7
2024-09-14,0.00304142982896,0.00431324,13.2784829816,-3.76069327051,12,7
2024-09-15,0.00621383092371,0.00478531206349,13.0912072304,0.314696492526,12,7
2024-09-16,0.00626159090513,0.00703282587302,8.4592192445,4.26173355991,12,7
2024-09-17,0.00526045526218,0.00445999952381,3.21621439498,1.25833824159,12,7
2024-09-18,0.00720220652432,0.00702520904762,4.52482197516,-0.586659406967,12,7
2024-09-19,0.00780829757848,0.00779802253968,9.60481153335,-4.69974251636,12,7
2024-09-20,0.00702268721742,0.00566573,13.6071799047,-4.07349224995,12,7
2024-09-21,0.00328398385383,0.00397188095238,8.18058986681,-7.69754202255,12,7
2024-09-22,0.00597628998277,0.00266716301587,7.86581460304,-6.44767414107,12,7
2024-09-23,0.00629145309326,0.00504461285714,10.4924440542,-6.64447321557,12,7
2024-09-24,0.00652320493828,0.00841408412698,12.1195019932,-7.76583854473,12,7
2024-09-25,0.00569551231793,0.00682288269841,11.5363063333,-3.42709137934,12,7
2024-09-26,0.00279668457775,0.00661513587302,4.16862115945,-5.71788033346,12,7
2024-09-27,0.00291158417805,0.00756036126984,2.38240420468,-8.30709230402,12,7
2024-09-28,0.00745443178413,0.00781165984127,2.23300954595,-4.35130273055,12,7
2024-09-29,0.00844103453896,0.00849387571429,1.83107017772,-6.10319188255,12,7
2024-09-30,0.00939254776372,0.0090879668254,2.17014464139,-0.396625730864,12,7
2024-10-01,0.00436487485182,0.0016332215873,-0.851888639347,4.42667432422,12,7
2024-10-02,0.00679870888623,0.00874428650794,-8.01724447164,5.60312539595,12,7
2024-10-03,0.00677963352041,0.00831396412698,-7.9132256749,6.8033477806,12,7
2024-10-04,0.00348354873355,0.000759941746032,-9.35323082264,4.81331809932,12,7
2024-10-05,0.00705443669992,0.00832587492063,-7.92269158964,7.06572191038,12,7
2024-10-06,0.00803704253392,0.00611658,-8.07492180028,2.96159936624,12,7
2024-10-07,0.00599112914228,0.00289577666667,-4.93477742638,2.49108743787,12,7
2024-10-08,0.00735224186549,0.00724617412698,-4.58218863217,3.88238181884,12,7
2024-10-09,0.00822489036676,0.00137590365079,1.93652351321,8.86374236986,12,7
2024-10-10,0.00326939583416,-0.00216938152778,3.85870093814,12.0339934732,13,8
2024-10-11,0.00645820180119,0.00877240763889,2.40991660856,5.967953428,13,8
2024-10-12,0.00819654892126,0.00884967916667,5.27745518243,1.50270014146,13,8
2024-10-13,0.00949583843669,0.00762657208333,8.2225797679,3.59647968125,13,8
2024-10-14,0.0127537229262,0.0104427083333,3.56310938832,-2.35067057225,13,8
2024-10-15,0.00841689946883,0.00977010472222,12.8530599954,-3.87181051516,13,8
2024-10-16,0.0073074032912,0.00826534958333,12.6853808069,-5.17356350927,13,8
2024-10-17,0.00841250620028,0.00984338055556,18.4343483099,-2.9178571491,13,8
2024-10-18,0.00678685776499,0.00881985125,17.567535052,-5.51242519357,13,8
2024-10-19,0.00777968815243,0.00960456708333,16.7746484321,-5.16306977748,13,8
2024-10-20,0.0133782680792,0.0125136613889,12.6637044354,-9.57665923593,13,8
2024-10-21,0.00672144880091,0.00900026347222,15.9984562952,-6.21470625037,13,8
2024-10-22,0.00886674556532,0.00879687041667,6.83006957729,-2.57497024673,13,8
2024-10-23,0.0136261783321,0.0141597506944,5.40870036109,-1.09681852361,13,8
2024-10-24,0.00924830388278,0.0106387252778,-0.547312170892,-3.74590219694,13,8
2024-10-25,0.00910993471807,0.00754950125,1.85181044998,-0.410972897009,13,8
2024-10-26,0.00928543646556,0.00997210513889,-6.59855775416,-4.32377665876,13,8
2024-10-27,0.010471715563,0.0109415251389,-5.58875805695,-8.45293522546,13,8
2024-10-28,0.0100563741274,0.0112510734722,-4.47778911048,-11.9533653368,13,8
2024-10-29,0.0179133299372,0.0146262165278,3.34831231571,-14.8814969081,13,8
2024-10-30,0.012007944521,0.0123043370833,10.4476051665,-11.5039363421,13,8
2024-10-31,0.0126927825185,0.0154819116667,11.4199862902,-5.13167114138,13,8
2024-11-01,0.00850902263139,0.00936264930556,7.04931824202,-3.41494671082,13,8
2024-11-02,0.00584649297785,0.00872435944444,7.42754258588,-4.44765022595,13,8
2024-11-03,0.00815073364683,0.0089008475,5.61955991057,-2.64747271389,13,8
2024-11-04,0.00706429572844,0.00802450777778,3.76246486731,0.926544996129,13,8
2024-11-05,0.00446617287525,0.00515817638889,-4.16179478921,-1.33850858571,13,8
2024-11-06,0.0112736419611,0.0137910986111,-8.51825322886,-4.90575695286,13,8
2024-11-07,0.00426734067174,0.00931378069444,4.58480739917,-6.89168548739,13,8
2024-11-08,0.00256892682101,0.00679937652778,9.66436038984,-6.51642822818,13,8
2024-11-09,0.0128966976752,0.0182422833333,15.536420817,-8.43809892363,13,8
2024-11-10,0.0281629645112,0.0336342533333,16.6198711075,-11.0293224623,13,8
2024-11-11,0.0282746149313,0.0433644715278,21.469812229,-14.0532380473,13,8
2024-11-12,0.0243130187477,0.01464458125,33.6240522985,-11.6612446893,13,8
2024-11-13,0.0176609265623,0.0111552658333,32.5593723754,-10.5545214856,13,8
2024-11-14,0.0144654406518,0.0114409073611,19.663665286,-6.3348502604,13,8
2024-11-15,0.0119006350233,0.0145968580556,16.059111993,-7.73234257394,13,8
2024-11-16,0.0178361825918,0.0171396259722,17.4554990613,-5.95893592399,13,8
2024-11-17,0.0253911747962,0.0182813047222,17.8232453601,-2.46018736774,13,8
2024-11-18,0.0285190790532,0.0215242106944,12.2732603964,-2.20388353718,13,8
2024-11-19,0.0143629566243,0.0116744133333,5.94004266715,-3.41741254556,13,8
2024-11-20,0.00337013161469,0.00943410833333,8.55146437611,-5.27479294223,13,8
2024-11-21,0.0155070939546,0.0162076588889,10.9008762675,-7.7551255811,13,8
2024-11-22,0.0121905475252,0.0143765679167,18.3532821279,-7.99672138387,13,8
2024-11-23,0.017366170964,0.0206168063889,15.3278670093,-4.5842197129,13,8
2024-11-24,0.0275781612753,0.0335536656944,15.0021048871,-1.64919759026,13,8
2024-11-25,0.0269461993429,0.0176562676389,14.6194924698,2.419737765,13,8
2024-11-26,0.0258415664198,0.0414556188889,9.87044213088,4.25048822538,13,8
2024-11-27,0.00990815959436,0.0109380126389,2.01950784307,-0.150717695167,13,8
2024-11-28,0.0240271381097,0.0227087280556,0.427477709131,1.2525573502,13,8
2024-11-29,0.0188608819976,0.0155323018056,-5.73816674245,-1.67961259407,13,8
2024-11-30,0.015458190259,0.0185152666667,-3.27286758763,1.5129952709,13,8
2024-12-01,0.0212807695327,0.0235051304167,-5.29381796614,1.45180794872,13,8
2024-12-02,0.0172336156699,0.0165335679167,-4.32072931321,3.0082504153,13,8
2024-12-03,0.0221587454954,0.0276881101389,-3.26492247284,3.50020385369,13,8
2024-12-04,0.0265889919156,0.0285252127778,-1.82852685195,1.51623493105,13,8
2024-12-05,0.0368430492909,0.02135521875,0.189479366483,4.36091725836,13,8
2024-12-06,0.0170635181218,0.0218223225,-0.761676061117,3.8750479573,13,8
2024-12-07,0.0188942819774,0.0251678477778,-1.45134685278,3.82976002502,13,8
2024-12-08,0.0265722511459,0.0321355897222,2.19801054744,2.4288206948,13,8
2024-12-09,0.0160176495685,0.0169908497222,2.22107054857,5.9247876824,13,8
2024-12-10,0.0103853091766,0.0150384559722,0.109172263633,7.53660168596,13,8
2024-12-11,0.00727546704618,0.00958229152778,0.665265991315,3.07664652244,13,8
2024-12-12,0.0116940654434,0.0105079093056,0.46911165984,3.95679220401,13,8
2024-12-13,0.0065755122605,0.008963335,4.93511405721,2.05221399565,13,8
2024-12-14,0.00756153410145,0.00999490930556,4.28360754379,2.85401029045,13,8
2024-12-15,0.0162425568122,0.0285250248611,4.97785086404,-2.18824469939,13,8
2024-12-16,0.010793875426,0.01275261,9.55478574315,-4.57226664267,13,8
2024-12-17,0.00943830460793,0.00981552888889,14.1620987684,-3.4509324988,13,8
2024-12-18,0.0103584128013,0.00960165472222,18.661906288,0.836732837428,13,8
2024-12-19,0.0077559641138,0.00759131638889,10.497894441,3.9828869564,13,8
2024-12-20,0.00803514704202,0.00957934805556,4.08157363507,6.27320623065,13,8
2024-12-21,0.00670877255846,0.00739977458333,0.304642651813,4.94340884915,13,8
2024-12-22,0.00660349299084,0.00712478013889,-3.01802035818,7.34326132257,13,8
2024-12-23,0.0115233917049,0.00958967972222,-8.32553052213,8.07697766625,13,8
2024-12-24,0.00696108990916,0.00872712583333,-7.38079893056,4.59298524151,13,8
2024-12-25,0.012675315132,0.0100880091667,-7.77641631988,4.31453519549,13,8
2024-12-26,0.0111523635115,0.0133908972222,-5.94437639222,7.25282114303,13,8
2024-12-27,0.0080714678326,0.00860573847222,-2.47652314452,9.15983276132,13,8
2024-12-28,0.00745446175244,0.00974748,-2.18379812392,4.57207639282,13,8
2024-12-29,0.0064071745798,0.00477119333333,-0.21685552645,8.15026983323,13,8
2024-12-30,0.0106211355146,0.00979117833333,-0.385281358686,9.05775093226,13,8
2024-12-31,0.0137113877914,0.0111945456944,-1.81874224266,7.85349642049,13,8
2025-01-01,0.0151162666603,0.0125917348611,-6.52958481432,6.32275318478,13,8
2025-01-02,0.0115896359238,0.01032422125,-5.02784173264,3.29110352788,13,8
2025-01-03,0.00826143966177,0.00887835986111,-2.98456603295,1.27606179567,13,8
2025-01-04,0.00840751248291,0.00981785555556,-1.21356759641,-2.37825491216,13,8
2025-01-05,0.00945486452335,0.0101006191667,-2.69299825897,-0.954381092778,13,8
2025-01-06,0.00987767213376,0.00635507527778,-2.27679055418,-4.59048292718,13,8
2025-01-07,0.0120471883211,0.00959632819444,3.12874202049,0.522561760146,13,8
2025-01-08,0.0104815942945,0.0102315658333,2.29448886292,3.33294252439,13,8
2025-01-09,0.00323515772733,0.00166149055556,-1.75520722307,4.95954760924,13,8
2025-01-10,0.00879409026492,0.00917384583333,-7.13856729054,1.73778202244,13,8
2025-01-11,0.00664467312242,0.00881875805556,-4.20147762438,-0.0394280024444,13,8
2025-01-12,0.00838756902009,0.00759273375,-3.8651506515,3.7348730774,13,8
2025-01-13,0.00812184050199,0.00821123388889,-3.2974753492,5.06834313011,13,8
2025-01-14,0.00635950896103,0.00633713069444,-9.47230532302,1.95593420237,13,8
2025-01-15,0.00716764184345,0.00202565055556,-3.56195269421,-2.32840165261,13,8
2025-01-16,0.0082555836964,0.00871665180556,3.90807476747,0.126919298467,13,8
2025-01-17,0.0102015276294,0.00938276777778,6.8161433203,-4.55900645486,13,8
2025-01-18,0.0126873921403,0.0116675575,11.6902363258,-2.25210183946,13,8
2025-01-19,0.0182131717354,0.0106503493056,13.0530968957,0.493556865673,13,8
2025-01-20,0.0170075714048,0.0112286581944,9.81601860903,1.74921323101,13,8
2025-01-21,0.00635340191843,0.00909097972222,11.1672463282,-0.249830746152,13,8
2025-01-22,0.00696023547945,0.00837954430556,13.8236604942,2.2981750586,13,8
2025-01-23,0.00572089247122,0.00529781319444,5.46794618994,4.07712433286,13,8
2025-01-24,0.00562153378356,0.00692902902778,5.91467146607,3.60218866656,13,8
2025-01-25,0.00955626071694,0.00792096041667,-1.43931232935,2.24211907443,13,8
2025-01-26,0.0077159642865,0.008327815,-3.070287216,7.90375459321,13,8
2025-01-27,0.00472769579951,0.00599369486111,-1.5818664495,10.5712718702,13,8
2025-01-28,0.0078340246113,0.00493703597222,-0.830889990341,11.2149921736,13,8
2025-01-29,0.00961227993358,0.00940793041667,-9.37249355588,7.52255510825,13,8
2025-01-30,0.00554492036718,0.00379313611111,-4.45286210058,3.49330874361,13,8
2025-01-31,0.0104856044507,0.00439752180556,-3.37875153668,5.09207038909,13,8
2025-02-01,0.00582621307381,0.00641905680556,-2.23600539156,9.57023239247,13,8
2025-02-02,0.00442565100136,0.0103581198611,-2.71453753765,12.4200522837,13,8
2025-02-03,-0.000519139801847,-0.00690180694444,-3.31633043662,13.6803952031,13,8
2025-02-04,0.00652191959681,0.00395554444444,-4.97833358255,14.5125100346,13,8
2025-02-05,0.00648631350059,0.00724334236111,-6.57661877697,14.376536903,13,8
2025-02-06,0.00475627213986,0.00613418138889,-9.13161945207,14.4416652592,13,8
2025-02-07,0.00415942129858,0.00361150208333,-10.0734484194,13.8423220316,13,8
2025-02-08,0.00329720993907,0.000369679305556,-10.9548179247,12.3054019371,13,8
2025-02-09,0.00635940269863,0.00580200708333,-8.74820872389,13.7029067118,13,8
2025-02-10,0.00626874080468,0.00752586333333,-7.01598926364,9.6992567935,13,8
2025-02-11,0.00353205796085,0.00507284805556,-5.09145414494,11.4788770455,13,8
2025-02-12,0.00605215229441,0.00925453319444,3.44777780077,10.630883529,13,8
2025-02-13,0.00770114088674,0.00878953388889,4.81625671533,12.111054948,13,8
2025-02-14,0.00600724305486,0.00455910026882,3.67627039156,8.357304372,13,8
2025-02-15,0.00797694518625,0.00656897875,4.59749133286,7.54927454615,13,8
2025-02-16,0.00580609502799,0.00766781361111,3.97482946255,11.8575540526,13,8
2025-02-17,0.00616509469395,0.00853967055556,2.63640766685,13.3166539226,13,8
2025-02-18,0.00881904340888,0.00839250694444,2.0786762083,15.7017302628,13,8
2025-02-19,0.00615864694301,0.00643524916667,2.67059353906,12.2481933051,13,8
2025-02-20,0.00153618519863,0.00423153291667,0.0571961575666,5.6918731879,13,8
2025-02-21,0.0137458446208,0.0331850979167,6.03278153533,5.02116934004,13,8
2025-02-22,0.00662500679522,0.00672246888889,-0.964255378249,0.344453369155,13,8
2025-02-23,0.00829442128103,0.00821427402778,-3.11453246468,2.60746892856,13,8
2025-02-24,0.00663431299289,0.00965102152778,-1.8255524461,7.84882153701,13,8
2025-02-25,0.00895869042383,0.00956357152778,-2.8131415379,11.7921900556,13,8
2025-02-26,0.0117780587721,0.00764044361111,-8.16311189426,14.7277755415,13,8
2025-02-27,0.0171345815851,0.0111207719444,-13.135976921,16.1326755171,13,8
2025-02-28,0.00267448274866,0.00605744430556,-17.9781727059,17.441181276,13,8
2025-03-01,0.00118382263962,0.0036008625,-16.1034906418,11.3577344179,13,8
2025-03-02,0.0016914748889,0.00511650541667,-12.3782748264,6.30026643093,13,8
2025-03-03,0.00744629550319,0.00609241361111,-5.22654399545,9.84352667091,13,8
2025-03-04,0.00357617159649,0.0013071025,-15.8193160176,10.0301382905,13,8
2025-03-05,0.00527215891686,0.00239354791667,-17.3577496173,6.80860067765,13,8
2025-03-06,0.00361944246296,0.00528320194444,-6.05295402268,7.39147251823,13,8
2025-03-07,0.0068118979138,0.00851196319444,-5.41828546185,8.01469461869,13,8
2025-03-08,0.0033253344957,0.00440118027778,-4.02641415044,12.000835838,13,8
2025-03-09,0.00508785295568,-5.78531944444e-05,-6.24934141657,15.732264364,13,8
2025-03-10,0.00580819307218,0.00703140430556,-15.621531599,16.5513152715,13,8
2025-03-11,0.00573686738384,0.00275859194444,-7.85385887736,12.9317071917,13,8
2025-03-12,0.00355935264848,0.00425338416667,-1.33120447392,12.1162146357,13,8
2025-03-13,0.00503135066801,0.0041403875,-5.77210454699,12.7821196387,13,8
2025-03-14,0.00182136734585,-0.00129298305556,-5.23355603331,7.76133701842,13,8
2025-03-15,0.00266537258312,0.00221291791667,1.72307689699,8.5854061837,13,8
2025-03-16,-0.00254920269232,-0.00377972958333,3.63934323499,9.54204504421,13,8
2025-03-17,0.00206516008878,-0.00147995527778,2.63049494515,5.65741989525,13,8
2025-03-18,0.00382930599792,0.00121566444444,7.79809678432,8.5176473458,13,8
2025-03-19,0.0042200952483,0.00337861694444,4.47525249277,3.2463820857,13,8
2025-03-20,0.00516074426141,0.00342071055556,19.4987578254,5.28185125026,13,8
2025-03-21,0.00241866381877,0.000756937222222,16.9149866774,6.04435511864,13,8
2025-03-22,0.00163003109214,0.00269462069444,12.1675571834,8.13315669953,13,8
2025-03-23,0.000627294332063,-0.000427892638889,8.98656917859,2.07525338975,13,8
2025-03-24,-0.00368295613408,-0.00286098569444,18.8664378361,-1.68953681369,13,8
2025-03-25,-0.00348530856413,-0.00422315986111,23.8057542862,-1.0409198317,13,8
2025-03-26,-0.000551935269422,0.00330868041667,21.1254803672,2.15614067822,13,8
2025-03-27,0.000900134092876,0.00329919861111,1.50540727393,1.24881739796,13,8
2025-03-28,0.00698721235907,0.0074096425,3.70308077937,6.24100911119,13,8
2025-03-29,0.00320152746882,0.00487272347222,2.03715300302,10.4815879377,13,8
2025-03-30,0.000407300257109,0.00205463027778,-0.234192948065,12.4981284184,13,8
2025-03-31,0.00536434886404,0.00538583194444,-7.16992433833,9.35168737833,13,8
2025-04-01,0.00393280788521,0.000689612222222,-14.5332242182,5.20220785173,13,8
2025-04-02,0.00305056353913,0.00711047958333,-6.59942624834,2.88634737297,13,8
2025-04-03,0.010082896742,0.00972401652778,-7.9120009871,3.49630906468,13,8
2025-04-04,0.00855649760415,0.00838564722222,-6.65559003048,3.17635541697,13,8
2025-04-05,0.0067559997534,0.00543564888889,-3.70828973691,6.94303369085,13,8
2025-04-06,0.0035512382855,0.00626380388889,-1.50961747509,10.2881364704,13,8
2025-04-07,0.00654094204604,-0.000913301111111,-0.930929425621,10.2824389898,13,8
2025-04-08,0.00859383731668,0.00757741833333,-2.5711144441,11.4838661382,13,8
2025-04-09,0.00771954198276,0.00703702430556,-7.92344214943,8.38109052352,13,8
2025-04-10,0.00553397489283,0.00172083069444,5.47843958252,10.638557274,13,8
2025-04-11,0.00619048859699,0.00698737236111,-3.48942931276,6.52649639736,13,8
2025-04-12,0.00315951426155,0.00277012263889,3.09734094805,1.3479113004,13,8
2025-04-13,0.00624720793003,0.00478135736111,10.4617346798,3.20421995359,13,8
2025-04-14,9.91513216386e-06,-0.00588719444444,5.59086952559,1.89292377721,13,8
2025-04-15,0.00281760409618,0.00317285847222,10.1405521274,1.30171522016,13,8
2025-04-16,0.00144559852917,-0.000801843055556,4.39682269144,2.5506858914,13,8
2025-04-17,0.0024405778462,-0.000799196944444,-5.64101552518,0.680290519377,13,8
2025-04-18,0.00139495281773,0.000209595,6.26489838076,0.978419666412,13,8
2025-04-19,0.00613719574286,0.00655086375,1.47838856795,-3.23600636378,13,8
2025-04-20,0.00492679685718,0.00807247416667,-3.60811214326,-3.24480766126,13,8
2025-04-21,0.00325460283948,0.00851403986111,0.284046519911,-6.54705925377,13,8
2025-04-22,-0.0117685388085,-0.000688488888889,4.17488947982,-11.3053525175,13,8
2025-04-23,-0.00124742476765,-0.00864185166667,26.6114841679,-10.8489137098,13,8
2025-04-24,-0.0010578375754,-0.00105687513889,22.9461945605,-9.22732299105,13,8
2025-04-25,-0.00618832083822,-0.0107195134722,18.9447858206,-11.7664187566,13,8
2025-04-26,0.00185925713741,0.000504457638889,17.9268087213,-10.6291425191,13,8
2025-04-27,0.00318316567045,0.00376470791667,14.9028833345,-8.06243774529,13,8
2025-04-28,0.00146402828506,-0.00199387486111,12.7763881453,-6.78675348839,13,8
2025-04-29,0.00333435777645,0.00168469888889,8.77527439928,-4.73436671794,13,8
2025-04-30,0.0030237386973,0.00538579486111,-7.78844115128,-2.54135297231,13,8
2025-05-01,-0.000317362475509,-0.00126504986111,-4.6425893931,-7.27986449413,13,8
2025-05-02,-0.00234620084171,-0.00198668958333,1.29717122631,-8.75077575437,13,8
2025-05-03,0.00137296449281,0.00348926847222,-1.60554607737,-2.41194655745,13,8
2025-05-04,-0.000459718307908,-0.00176432875,-1.52248140631,3.77717017858,13,8
2025-05-05,0.00536822375016,0.00289029208333,-0.683465602857,4.9059757378,13,8
2025-05-06,0.00684236042372,0.00627681930556,-0.900101201653,1.10118665303,13,8
2025-05-07,0.00432400109664,0.00509964,4.90026650351,-1.64090072705,13,8
2025-05-08,0.0115881849971,0.0130025051389,5.38797610142,-7.01704768942,13,8
2025-05-09,0.00640306736311,0.00680868694444,1.86924521862,-7.97881861993,13,8
2025-05-10,0.00920758773675,0.0120186076389,-0.356683943655,-12.2534955087,13,8
2025-05-11,0.0130030302978,0.0133802079167,2.73970793389,-8.59262604032,13,8
2025-05-12,0.00893145048668,0.0109058895833,7.07277474455,-5.21253514966,13,8
2025-05-13,0.00987521604653,0.00989513638889,6.39374850382,-6.9833269778,13,8
2025-05-14,0.00412373897162,0.00268164680556,3.71549485477,-3.27939558255,13,8
2025-05-15,0.00713594950041,0.00427600513889,1.88885879043,-0.673783652391,13,8
2025-05-16,0.00415920641252,0.00530286416667,-1.01381901934,0.362088476673,13,8
2025-05-17,0.0058263151578,0.00829902041667,0.940743574925,4.99075178873,13,8
2025-05-18,0.00966965696665,0.00822575777778,-0.372946324375,1.93397628145,13,8
2025-05-19,0.00507530598823,0.00612302069444,4.60846347408,2.63549859046,13,8
2025-05-20,0.00584676467638,0.00550427555556,6.88591116551,0.175688101956,13,8
2025-05-21,0.0130826992477,0.02682019125,10.0778473381,-2.71092354986,13,8
2025-05-22,0.0135915812246,0.016123635,17.9763495815,-6.74200632372,13,8
2025-05-23,0.00993538514983,0.00704794930556,20.1758092036,-1.42391834744,13,8
2025-05-24,0.00697761273101,0.00151828402778,14.6912402088,-2.57497560018,13,8
2025-05-25,0.00663115437254,0.00857006694444,13.7423224401,-1.95363344478,13,8
2025-05-26,0.0086576491453,0.00986230027778,7.89208759559,-4.19781935329,13,8
2025-05-27,0.0043123505439,0.00410058541667,8.25269054772,-1.67898537147,13,8
2025-05-28,0.00724970936362,0.00814821055556,4.43020169877,3.38284983737,13,8
2025-05-29,0.0068482738445,0.00605249486111,-0.265451835911,7.81649817758,13,8
2025-05-30,0.00544934636271,0.00268317027778,-4.44534345952,12.2589868017,13,8
2025-05-31,0.00536585887884,0.00727528180556,-6.02574518196,12.8751084538,13,8
2025-06-01,0.0037082220613,0.00537067388889,-4.1734226236,9.66144850866,13,8
2025-06-02,0.00463907102574,0.00356756888889,-4.28064776213,6.46740132092,13,8
2025-06-03,0.00433999492742,-1.53319444444e-05,-6.94509759248,4.96517906133,13,8
2025-06-04,0.0037129201365,5.24631944444e-05,-8.75253344255,8.22643615985,13,8
2025-06-05,0.00529928312779,0.00416053361111,-10.1016708528,12.3768922779,13,8
2025-06-06,-0.00333736791179,-0.00247799375,-8.16662484287,6.47091019463,13,8
2025-06-07,-0.00125357803009,0.00038647875,-1.14240480323,0.815690619219,13,8
2025-06-08,-0.00414619545163,-0.00524671458333,0.0204725200152,-2.13943032219,13,8
2025-06-09,0.00296097955463,0.00480753833333,-0.89396893417,-7.70192964262,13,8
2025-06-10,0.00742294710726,0.00922608027778,6.50904768767,-6.69678243365,13,8
2025-06-11,0.00526726001524,0.00735678083333,6.30235044106,-2.90715298108,13,8
2025-06-12,0.00404509879004,0.00370980847222,5.44200488644,3.26689359036,13,8
2025-06-13,0.00312617512567,0.00535312944444,0.641424166344,6.09608393332,13,8
2025-06-14,0.00211979952038,0.000818409166667,-1.54856493963,7.30358803422,13,8
2025-06-15,0.00752352840363,0.00590732888889,-3.99448852411,6.24854750534,13,8
2025-06-16,0.002639081373,0.000353260833333,-3.55676750939,1.51904377402,13,8
2025-06-17,0.00361320202486,-7.15138888889e-05,-6.26075951036,5.35078117752,13,8
2025-06-18,0.00301237200453,0.00226429291667,-6.79726412546,6.68070707711,13,8
2025-06-19,0.00385424234165,0.00631576569444,-6.15228960617,6.23264694661,13,8
2025-06-20,0.00461339907458,0.00337203208333,-2.44924578591,9.47124837571,13,8
2025-06-21,0.00477331743835,0.00298225027778,-0.466826538824,13.0338456315,13,8
2025-06-22,0.000639989487256,0.000923654583333,-1.64748829115,15.3159969912,13,8
2025-06-23,0.00112133551907,0.00214356513889,-2.39240005385,9.41654483199,13,8
2025-06-24,0.000438376282645,-0.000295981527778,-4.95465338301,6.33581074325,13,8
2025-06-25,-0.00518956739705,-0.00712671402778,-0.922908878428,1.18400844156,13,8
2025-06-26,-0.00147991708892,-0.00139967194444,5.6571916744,-0.361785830328,13,8
2025-06-27,0.000419466152064,-0.00224761486111,4.67427231413,-5.10363004178,13,8
2025-06-28,0.00405436908547,0.00449878916667,0.687393623188,-10.0320393521,13,8
2025-06-29,0.00571198206171,0.00636306972222,3.51641606408,-13.7468865049,13,8
2025-06-30,0.00237047266003,0.00174579138889,6.43889121617,-13.5049784194,13,8
2025-07-01,0.00267638596342,0.00587003944444,3.16937856613,-6.44852402497,13,8
2025-07-02,0.00160060110524,0.00623176263889,-1.81597503736,-10.6914798035,13,8
2025-07-03,0.00774013990093,0.00759821791667,1.60048431875,-12.9405375605,13,8
2025-07-04,0.00592261233548,0.00726304986111,4.89434874754,-6.300380873,13,8
2025-07-05,0.00304221642332,0.00225798,3.43634234217,-8.7662540463,13,8
2025-07-06,0.00734675514999,0.00732309305556,2.61869889229,-12.6868642459,13,8
2025-07-07,0.00487635963861,0.00184265041667,1.80820269497,-6.25427099458,13,8
2025-07-08,0.00347228928628,0.00474603069444,3.24546716499,-7.48276648848,13,8
2025-07-09,0.00524008730493,0.00981980666667,7.26062710839,-12.1434695792,13,8
2025-07-10,0.00770399096051,0.0105060005556,4.83980874904,-16.5751476195,13,8
2025-07-11,0.00854982206046,0.0116196486111,6.06293275647,-18.0397464643,13,8
2025-07-12,0.00791377183201,0.00932264069444,14.0014925933,-12.7912045966,13,8
2025-07-13,0.0100784729513,0.00871448777778,13.3069789496,-15.5333144917,13,8
2025-07-14,0.0149248020513,0.0165463636111,14.8981196574,-18.542087466,13,8
2025-07-15,0.0144862886325,0.01099699625,19.1193617562,-12.26854314,13,8
2025-07-16,0.0112556059829,0.01175285,16.5548698345,-13.2090977932,13,8
2025-07-17,0.0127954336752,0.0149205533333,10.2443855368,-13.2362834495,13,8
2025-07-18,0.00879741683761,0.00932013638889,6.77149638165,-7.46626423681,13,8
2025-07-19,0.00963359905983,0.00998991666667,2.74181461036,-4.62044415039,13,8
2025-07-20,0.00976460897436,0.0104138002778,2.34955493949,-3.12076532112,13,8
2025-07-21,0.0100636551282,0.0110940581944,-0.882682624077,-5.01329960337,13,8
2025-07-22,0.0196109297479,0.0275229619444,-2.79870341712,-3.96680109823,13,8
2025-07-23,0.0116244745299,0.0117245291667,0.795266255039,0.543814253522,13,8
2025-07-24,0.0103639802564,0.0134597793056,-2.92475632297,2.32507900028,13,8
2025-07-25,0.016352791453,0.0163812131944,-3.86135442504,6.16811563239,13,8
2025-07-26,0.00953827282051,0.00975883416667,1.8503742318,0.236701802968,13,8
2025-07-27,0.0127472059829,0.0121012126389,0.0276817083513,-4.50173028677,13,8
2025-07-28,0.0114923664957,0.0105124455556,2.07022205509,-1.41289052906,13,8
2025-07-29,0.00933450752137,0.0101022697222,-0.744859141805,2.01910918139,13,8
2025-07-30,0.00872801851059,0.00824177027778,-3.72914188222,4.53351361001,13,8
2025-07-31,0.00910804978221,0.00721969833333,-0.116892347919,5.70545569897,13,8
2025-08-01,0.00556509777343,0.00279184736111,0.142828561413,9.86090668463,13,8
2025-08-02,0.00718417480555,0.00617704013889,-5.35568050021,12.9760552507,13,8
2025-08-03,0.00316718009393,0.00575824,-5.52922548662,9.99717419969,13,8
2025-08-04,0.00834181000499,0.00955764083333,-7.50250755956,9.85189062863,13,8
2025-08-05,0.0069434091453,0.00763397972222,-6.5289516395,11.3905986123,13,8
2025-08-06,0.00672538170867,0.00503337652778,-5.39938785729,7.38019958112,13,8
2025-08-07,0.00491554411224,0.00192285291667,-6.80062821977,2.18372027762,13,8
2025-08-08,0.00816415375923,0.00853985944444,-2.91445178922,1.21026828356,13,8
2025-08-09,0.0129949699145,0.0110234952778,-4.12565249003,-2.2575624282,13,8
2025-08-10,0.0108911707692,0.0116920466667,-0.716999194769,-5.42831557474,13,8
2025-08-11,0.0112834232479,0.0114792911111,0.685602956665,-3.90174617678,13,8
2025-08-12,0.010978531453,0.0130706876389,1.20162290627,-5.63299838963,13,8
2025-08-13,0.0163797326496,0.0166063838889,2.04386656834,-8.81394862069,13,8
2025-08-14,0.00792976325112,0.00830167208333,7.4595663646,-3.99589790897,13,8
2025-08-15,0.00645453475546,0.00720546986111,2.20848495922,-0.666636635771,13,8
2025-08-16,0.00393792506864,0.00120623555556,3.1565504436,1.9159910111,13,8
2025-08-17,0.00409899263255,0.00737079375,3.83783361399,3.25939762598,13,8
2025-08-18,0.00163161657244,0.0014454175,3.3224909401,5.5638549173,13,8
2025-08-19,0.00618061913757,0.00828608347222,2.32290951628,8.97778025076,13,8
2025-08-20,0.0111145993024,0.00749507763889,-0.596413482051,5.4531305337,13,8
2025-08-21,0.00912987357818,0.00845451,-4.04611905435,7.32785113526,13,8
2025-08-22,0.0118509501709,0.0113392218056,-2.21926864063,5.25160182726,13,8
2025-08-23,0.0124788969631,0.0115646195833,2.63276688003,8.30595121651,13,8
2025-08-24,0.0122033249573,0.01409214125,1.56788849532,10.44988796,13,8
2025-08-25,0.00924594384615,0.00913480388889,2.61611586079,11.4552681627,13,8
2025-08-26,0.0123977562451,0.00921027694444,-0.190215342728,11.3655109995,13,8
2025-08-27,0.00793827920042,0.00627623833333,2.7786869996,10.1106549712,13,8
2025-08-28,0.0094778016192,0.00663165541667,-0.519655948552,9.1135975815,13,8
2025-08-29,0.00798895219746,0.0088615975,0.0079930969329,10.9107952793,13,8
2025-08-30,0.00750781133066,0.00542508819444,-3.79759905452,13.9872058118,13,8
2025-08-31,0.00809734578774,0.00800492722222,-4.33172088925,17.1116894995,13,8
2025-09-01,0.019971693911,0.00871562263889,-6.40042361943,16.1899281657,13,8
2025-09-02,0.0136830978858,0.00688549513889,-2.57002303295,11.0670037995,13,8
2025-09-03,0.006468445537,0.00314513638889,-0.680658865282,6.34134789105,13,8
2025-09-04,0.00675751194788,0.00544523305556,0.37705880682,6.97401601703,13,8
2025-09-05,0.00790565689911,0.00746345347222,-2.38247905049,7.38523516875,13,8
2025-09-06,0.0056544058088,0.00523270666667,-1.17629409761,11.023370921,13,8
2025-09-07,0.00835881342748,0.00969109736111,-1.26109821408,5.96535737212,13,8
2025-09-08,0.00655314788934,0.00368177333333,-0.90981354346,1.73725811116,13,8
2025-09-09,0.00778027749998,0.00802075736111,1.44234480955,4.77894189818,13,8
2025-09-10,0.00679873150548,0.00165195694444,0.922613754824,0.567558995118,13,8
2025-09-11,0.00790965395015,0.00612093888889,3.86488944293,-2.43943132975,13,8
2025-09-12,0.00151454038754,-0.00452893486111,8.47310715876,-6.6666196655,13,8
2025-09-13,0.00654974096292,0.00779215833333,7.67078077002,-3.69396313449,13,8
2025-09-14,0.00808062124121,0.00680771652778,6.3881594555,-0.653981139602,13,8
2025-09-15,0.00689962509682,0.00536037930556,5.03779273869,3.17271333321,13,8
2025-09-16,0.00480965685832,0.00104616444444,2.44457010813,0.60194236042,13,8
2025-09-17,0.00757760526705,0.00811422194444,2.7338678386,1.383251523,13,8
2025-09-18,0.00718242207797,0.00637786694444,0.0765764390342,-3.79589931776,13,8
2025-09-19,0.00624940194194,0.00785843430556,-0.16046441627,1.1886241678,13,8
2025-09-20,0.00441331780615,0.00441615152778,-1.16709050498,-0.0784054136668,13,8
2025-09-21,0.0066303016265,0.00769163180556,-0.148411011615,3.92336371323,13,8
2025-09-22,0.00511177244784,0.003589,0.451567910835,7.29307857918,13,8
2025-09-23,0.00647857353949,0.00760671402778,-1.01926465467,10.1111463914,13,8
2025-09-24,0.00274556330215,0.000698903611111,-3.77705371882,10.4806475063,13,8
2025-09-25,0.00571340516914,0.00645750916667,-3.12145325637,14.9825506448,13,8
2025-09-26,0.00342698322926,0.00182973513889,-9.15236682818,14.0465129199,13,8
2025-09-27,0.00284847901147,8.98338888889e-05,-7.95367250516,13.6381508066,13,8
2025-09-28,0.00535643647773,0.00367120666667,-7.77438878108,6.48194642235,13,8
2025-09-29,-0.00104086363912,-0.00307805666667,-3.61180041184,0.702984989109,13,8
2025-09-30,0.00598374935939,0.00418620555556,1.95620218689,-0.70569477941,13,8
2025-10-01,0.00484716789573,0.00369563708333,-0.412732215761,-5.64382315443,13,8
2025-10-02,0.00410931417265,-0.000295550972222,7.06425870842,-9.30657138633,13,8
2025-10-03,0.00636814851116,0.00237437069444,14.9300802288,-10.9631928429,13,8
2025-10-04,0.00784736660913,0.00944356666667,15.5064803732,-7.98868045622,13,8
2025-10-05,0.0120308498291,0.0115306793056,16.7631617153,-9.74223088645,13,8
2025-10-06,0.00505439902115,0.00559028652778,16.5673322959,-11.6555411911,13,8
2025-10-07,0.00771556212991,0.00817978819444,13.8353328316,-6.88404276201,13,8
2025-10-08,0.00674456561798,0.00214001513889,12.1733433153,-7.94009633648,13,8
2025-10-09,0.00760715591002,0.00799054888889,5.1638002473,-5.08962586982,13,8
2025-10-10,7.4818003185e-05,-0.0194805834722,1.88815260417,0.175379971006,13,8
2025-10-11,0.00684544,0.00571672388889,-21.0742095121,3.32321927428,13,8
2025-10-12,0.00534287372618,0.00324235583333,-21.8197503804,0.269645850638,13,8
2025-10-13,0.00442926437505,0.000185820555556,-19.0820726156,-0.659825708921,13,8
2025-10-14,0.00616473548489,0.00521957277778,-20.4990817427,2.47623780245,13,8
2025-10-15,0.00589973015751,0.00541505416667,-18.63128044,4.53033434317,13,8
2025-10-16,0.00720006956946,0.00766671638889,-20.6655181428,7.23657764598,13,8
2025-10-17,0.00165880410309,-0.00340368388889,-18.3600618574,8.28769014821,13,8
2025-10-18,0.00639161025329,-0.000894805972222,-0.851379651992,6.17325780135,13,8
2025-10-19,0.00254485423295,-0.00025784125,-0.741231507808,1.18468669673,13,8
2025-10-20,0.00472099887996,-0.000198197916667,-5.27256424519,-0.67780555675,13,8
2025-10-21,0.00368794486848,0.00160970888889,-3.24124174809,-0.442153717924,13,8
2025-10-22,0.00747860477466,0.00678628708333,-4.61868819844,3.05089598548,13,8
2025-10-23,0.00343828573151,0.00168876972222,-5.04687418746,-0.593228213578,13,8
2025-10-24,0.0053873438575,0.00287424263889,-5.51862351308,-1.74900514145,13,8
2025-10-25,0.00554437625275,0.00602057513889,2.61004586152,-4.19386968602,13,8
2025-10-26,0.00860301111699,0.00662080194444,4.04657370861,-9.0252886182,13,8
2025-10-27,0.00589996187593,0.00758168,5.62408081604,-9.16635949952,13,8
2025-10-28,0.00628552786937,0.00383720444444,3.78098393931,-5.5690437318,13,8
2025-10-29,0.00552597262141,0.00209022583333,5.59373344556,-0.751699527658,13,8
2025-10-30,0.00690501553332,0.00679573083333,9.25740044915,4.47340993464,13,8
2025-10-31,0.00781432944835,0.00768991611111,6.1192759931,2.21356021795,13,8
2025-11-01,0.0108048523158,0.00849396291667,-0.319025349833,0.567749304263,13,8
2025-11-02,0.00587869842416,0.00562027625,-1.77751096286,0.837828735495,13,8
2025-11-03,0.00671347882976,0.00723553638889,-5.59886887555,6.31393165339,13,8
2025-11-04,0.00746545309297,0.00670931208333,-6.96786525232,10.8433930968,13,8
2025-11-05,0.0038352094966,0.00328939222222,-8.25646351953,8.50601297306,13,8
2025-11-06,0.00715543552006,0.00558471986111,-6.36646729132,11.3960776546,13,8
2025-11-07,0.00647238620068,0.00561218958333,-6.15077886739,10.0869067598,13,8
2025-11-08,0.00589169364609,0.00397512986111,-0.332170992073,12.2311435253,13,8
2025-11-09,0.00597877216388,0.00412156111111,-2.58391867653,6.13045003184,13,8
2025-11-10,0.00523243333777,0.00669411861111,-2.53356901615,4.17062095648,13,8
2025-11-11,0.00820550584298,0.00859093444444,-0.885275471605,6.04056031344,13,8
2025-11-12,0.0057614393746,0.00445562652778,0.765200578127,9.64549763358,13,8
2025-11-13,0.00643016849945,0.00749571944444,-3.84599536224,12.3332119362,13,8
2025-11-14,0.00826958888104,0.00904764486111,-1.09822682506,16.0958432551,13,8
2025-11-15,0.00354522649891,0.00599949958333,-6.13025544144,14.5967862924,13,8
2025-11-16,0.00716546976922,0.00948339555556,-3.1746705262,14.7306034207,13,8
2025-11-17,0.00972201184809,0.0114212341667,-2.53947968514,13.3348672212,13,8
2025-11-18,0.00765669848327,0.00491179263889,-2.39598364449,15.545959239,13,8
2025-11-19,0.00848397960204,0.00788804206989,-3.00710463096,17.2157674742,13,8
2025-11-20,0.00879997517853,0.00685601944444,0.338923403979,20.2239996131,13,8
2025-11-21,0.00434564283548,0.000833346666667,-4.49115979563,22.4012145173,13,8
2025-11-22,0.000942059310576,0.00198718388889,-11.5014065824,19.3211045514,13,8
2025-11-23,-0.00127490190047,-0.00154450013889,-12.3718143197,13.1353003886,13,8
2025-11-24,-0.0022014768731,-0.0110271920833,-10.2104624049,9.32803874257,13,8
2025-11-25,0.00392418113015,-0.00120698680108,-10.0672534765,10.0526347895,13,8
2025-11-26,0.000522623050197,-0.00315138625,-10.1069166815,10.0526347895,13,8
2025-11-27,0.00309924919546,0.00273573430556,-8.94150654539,3.52113929131,13,8
2025-11-28,-0.000678656696994,-0.00474856625,-7.8947855876,2.46771873072,13,8
2025-11-29,0.00352581543545,0.00706797375,1.25507486437,6.48134530217,13,8
2025-11-30,-0.000133906600916,0.00326000680556,1.1256789172,6.13657334172,13,8
2025-12-01,0.000988932910852,-0.00617359166667,-1.10313846103,10.3898042141,13,8
2025-12-02,0.00245868586103,0.00136003763889,-4.31969803981,3.49892977063,13,8
2025-12-03,0.00315394455047,0.00198621805556,-0.477956726147,0.0979777118111,13,8
2025-12-04,0.00355087548929,0.00368244791667,-1.53848197795,2.47760994403,13,8
2025-12-05,0.00235736841721,0.00315851166667,-0.769208633415,7.14091387774,13,8
2025-12-06,-0.000901519277969,-0.00252285416667,-3.3824350625,6.7151340297,13,8
2025-12-07,0.00165329431349,0.00287426819444,-3.9029722649,7.43404964922,13,8
2025-12-08,0.00152264914175,-0.00529388138889,-3.27169244484,5.98226114946,13,8
2025-12-09,0.00127099563365,0.000783962083333,-0.256791125038,1.30997577274,13,8
2025-12-10,0.00381860005464,-0.000715024166667,-0.763546020498,2.69602228863,13,8
2025-12-11,0.006386846141,0.00365904722222,-1.86034786614,2.82648487429,13,8
2025-12-12,0.00301966113756,0.00163441722222,0.635210667461,7.41295424437,13,8
2025-12-13,0.0048687033981,0.00768553986111,2.03134736994,10.1075764212,13,8
2025-12-14,0.00269356382353,0.00409977458333,5.89019699412,14.8742649281,13,8
2025-12-15,0.00687386812075,0.00820318166667,7.21507124956,17.5896077662,13,8
2025-12-16,0.00438510534519,0.00191398722222,5.94267721367,13.6564849971,13,8
2025-12-17,0.00736653098624,0.00758510333333,0.616174721346,11.8697512276,13,8
2025-12-18,0.00692561070887,0.00687821486111,-2.57460412565,12.1897247147,13,8
2025-12-19,0.00731160108217,0.00445658277778,-4.68824518276,8.98954868557,13,8
2025-12-20,0.00555278886866,0.00510561222222,0.73973377601,7.39202858921,13,8
2025-12-21,0.00592470236745,0.00556564888889,-1.98630113894,7.26451322903,13,8
2025-12-22,0.00689838252177,0.00413915055556,-5.16794494013,6.60661660741,13,8
2025-12-23,0.00472193347009,0.00625823638889,-3.31367077093,8.86905683852,13,8
2025-12-24,0.00650009191206,0.00715789375,-0.919581749745,8.31191363196,13,8
2025-12-25,0.00391120226027,0.00549518208333,0.314411727899,7.87995708826,13,8
2025-12-26,0.00826629317861,0.00504761236111,-0.81526453307,6.71875671765,13,8
2025-12-27,0.00629747351531,0.00538696611111,-4.6485819561,6.78277955909,13,8
2025-12-28,0.00864115026982,0.007955255,-3.42295108145,6.44068331228,13,8
2025-12-29,0.00950172829811,0.00982791402778,-1.3611448457,6.37180183737,13,8
2025-12-30,0.00723442075212,0.00623321166667,-2.31020030255,4.14531842018,13,8
2025-12-31,0.0107181024579,0.0104159916667,-2.77834783861,7.96131814865,13,8
2026-01-01,0.00623034895832,0.00898350694444,-5.10226310165,1.94413072044,13,8
2026-01-02,-0.00111209182481,-0.000897829166667,-1.80807281941,-2.46008383112,13,8
2026-01-03,0.00782064105517,0.00935056972222,0.485991242268,-4.52645893693,13,8
2026-01-04,0.00551397393112,0.00627504625,0.570317085386,-9.16641196407,13,8
2026-01-05,0.00242910566358,-0.00349129555556,2.0874166802,-13.5724833085,13,8
2026-01-06,0.00750986578752,0.00798801277778,7.17715166833,-8.51848738186,13,8
2026-01-07,0.00846266000793,0.0101376343056,6.90941760164,-2.56806720234,13,8
2026-01-08,0.00353413276722,-0.00358068916667,13.6993542997,1.85253994281,13,8
2026-01-09,0.00732617449857,0.00859379916667,11.6455056727,2.71635072343,13,8
2026-01-10,0.00855592512357,0.00799248680556,7.16538599087,5.18959480919,13,8
2026-01-11,0.0092732120896,0.00640271875,7.19305899247,3.99040145266,13,8
2026-01-12,0.00436190515894,0.00165363541667,5.44765223019,3.47211698796,13,8
2026-01-13,0.00358053202157,-0.00427767166667,-3.15465631153,-2.26557594499,13,8
2026-01-14,-0.00121762224897,-0.00880367638889,3.78798976212,-6.83144804438,13,8
2026-01-15,0.00233932909396,0.00110910583333,6.43694924831,-2.11670145364,13,8
2026-01-16,0.00492756647523,0.00461241652778,3.11796609887,2.84751927233,13,8
2026-01-17,0.00449208513447,0.00243801208333,3.47616594055,3.74947472014,13,8
2026-01-18,0.00497851879827,0.00485658166667,0.857538105627,9.11127644268,13,8
2026-01-19,0.00413610869809,0.00488630180556,-1.61516008379,11.8956538118,13,8
2026-01-20,0.00740158230772,0.00904044902778,2.04645817274,16.3122342164,13,8
2026-01-21,0.00644195329445,0.00330350638889,-4.21657345222,13.2371051374,13,8
2026-01-22,0.00542718673404,0.0046511725,-9.18860231158,15.6973343282,13,8
2026-01-23,0.0075972374689,0.00478956958333,-6.97420184659,10.0818093665,13,8
2026-01-24,0.00647683546768,0.00405904833333,-6.78774284694,10.7699391836,13,8
2026-01-25,0.00765192165726,0.00748322069444,-4.55356246577,15.3336938511,13,8
2026-01-26,0.00521605612964,0.00517404833333,-4.28741801779,9.09621505727,13,8
2026-01-27,0.00811537841598,0.00531221736111,-4.8608116173,3.95706946002,13,8
2026-01-28,0.00798845736078,0.00646137180556,-0.292331540147,3.72314929522,13,8
2026-01-29,0.00576869201823,0.00323073402778,-0.54026768409,9.02679555756,13,8
2026-01-30,0.00555200805537,0.00952718916667,2.04700114187,12.3736494151,13,8
2026-01-31,-0.00494991967436,-0.00545064138889,0.278783944313,16.3363604832,13,8
2026-02-01,0.00351209361199,0.00139110833333,-8.37784137438,17.8859275192,13,8
2026-02-02,-0.00351681400695,-0.00522524958333,-10.7900264964,15.811255469,13,8
2026-02-03,0.00486700872587,0.00487549847222,-10.2463950601,17.9176565745,13,8
2026-02-04,0.00816088037119,0.00809736097222,-16.0607263831,19.6805202913,13,8
2026-02-05,-0.00170808533813,0.00537523069444,-18.7608676962,22.0471269332,13,8
2026-02-06,-0.0118786359359,-0.0214494401389,-23.3825867292,18.5173607701,13,8
2026-02-07,0.00237934870168,-0.00452004208333,-18.2387688146,16.730712781,13,8
2026-02-08,-0.00233733961316,0.00100287722222,-13.7155786622,10.3429626719,13,8
2026-02-09,-0.000958632776029,-0.00366554819444,-11.6838878111,9.41476931326,13,8
2026-02-10,-0.000718573428302,0.00128541097222,-12.1881690331,10.2855381405,13,8
2026-02-11,-0.00149529854524,-0.00346645222222,-11.6155592503,10.1415966377,13,8
2026-02-12,0.0069853608654,0.00747980916667,-7.17937162618,11.9975707701,13,8
2026-02-13,-0.00204806021811,-0.00253572138889,-4.58463538494,5.39219613309,13,8
2026-02-14,0.00392206661086,0.00567046388889,-4.51555403729,1.21425913394,13,8
2026-02-15,0.0030814300897,0.00661515680556,-3.72201047542,3.25077969581,13,8
2026-02-16,-0.000125119256738,0.00344103138889,-5.47070634012,5.55452833236,13,8
2026-02-17,0.00540104401866,0.00611470347222,-5.83000124087,7.48494725619,13,8
2026-02-18,0.00339395819126,0.00201959152778,-1.63923161252,10.0560645054,13,8
2026-02-19,0.00303845471106,0.00340969930556,-2.06023352399,9.77703310527,13,8
2026-02-20,0.00486526228978,0.00385793305556,0.481682577233,6.52834876555,13,8
2026-02-21,0.00095687174621,-0.00274482208333,-1.03527213391,2.17526738804,13,8
2026-02-22,0.00335160005101,0.00205859152778,0.726348226859,6.53018996045,13,8
2026-02-23,0.00048730987318,0.00423827416667,3.52059378342,10.4458874529,13,8
2026-02-24,-0.00616308115051,-0.00498764819444,2.3266638138,12.080479158,13,8
2026-02-25,-0.00546887522128,-0.00605055305556,-0.999360500594,6.00527686884,13,8
2026-02-26,0.00150057042883,-0.000665520138889,1.9387884713,7.46214616106,13,8
2026-02-27,-0.000727961266639,-0.00216933291667,-1.08899994902,10.2493176562,13,8
2026-02-28,-0.00587335358995,-0.00124780680556,-4.6814756215,8.39226638331,13,8
2026-03-01,0.000774027130173,-0.00166681569444,-4.58896255781,9.84143318989,13,8
2026-03-02,-0.00948799918999,-0.005792125,-5.71129015997,5.88647683351,13,8
2026-03-03,0.00119040839421,-0.00486934152778,1.31814956812,6.35936957577,13,8
2026-03-04,-0.00851134367444,-0.00951582541667,-0.461831842364,0.930967138793,13,8
2026-03-05,-0.0003140828075,0.00220577944444,8.66493934426,2.95142162405,13,8
2026-03-06,0.00217174832386,-0.00234174638889,4.19346382686,6.89104421433,13,8
2026-03-07,-0.00123634398952,-0.00248111722222,2.32015850332,11.1372082414,13,8
2026-03-08,-0.0028198956938,-0.00210715513889,0.295276679403,13.8277344135,13,8
2026-03-09,-0.0066444498341,-0.0110497325,0.0668538739547,8.73696262481,13,8
2026-03-10,-0.00664443613618,-0.0102900544444,-2.22298310703,5.33889629528,13,8
2026-03-11,-0.00879323475071,-0.0137495561111,4.75886852547,3.29358111187,13,8
2026-03-12,-0.00808102134629,-0.00389820736111,-5.51129953603,3.45044656717,13,8
2026-03-13,-0.000348277840028,-0.00225739875,1.60327542087,1.03519014176,13,8
2026-03-14,-0.00281993113489,-0.00354995027778,4.97447606019,1.32868000677,13,8
2026-03-15,0.00127923887441,0.000748573472222,6.30441770354,-3.69175715333,13,8
2026-03-16,-0.0031095816817,0.00219600736111,11.2495842356,-6.39279335898,13,8
2026-03-17,-0.00631759682023,-0.00609613180556,15.0895186068,-7.03013633375,13,8
2026-03-18,-0.00171672103604,0.00248390638889,9.74632015969,-0.852365064867,13,8
2026-03-19,0.00368551426495,0.00306022097222,3.47391758409,2.5347256423,13,8
2026-03-20,0.00198296992259,-0.00133296069444,0.90606809005,3.18016143816,13,8
2026-03-21,-0.00196160976537,-0.00331923194444,0.11656868274,8.39284814752,13,8
2026-03-22,-0.000167506548358,0.00242128222222,-1.85221925154,11.9216608513,13,8
2026-03-23,0.00158107687951,0.00092113625,-4.57014803899,7.22165136453,13,8
2026-03-24,0.00676128829533,0.00777877930556,-7.24538816889,8.37542305352,13,8
2026-03-25,0.00326164478344,0.00618318319444,-3.73507685962,3.78552267659,13,8
2026-03-26,0.00696191761928,0.0081752275,2.94539615342,8.37680550654,13,8
2026-03-27,0.00322184730402,0.000920193194444,3.50419555705,12.6779992614,13,8
2026-03-28,-0.00301534127941,-0.00245066263889,5.0371267627,9.10230099072,13,8
2026-03-29,0.000486800858758,-0.00119202930556,6.71074480516,12.3846435232,13,8
2026-03-30,0.00173782398841,0.00111717708333,5.61104846212,10.0133620427,13,8
2026-03-31,0.0033767311175,-0.000830542361111,3.4676712984,6.46834376326,13,8
2026-04-01,-0.000382845390842,-0.000418146805556,-1.27051273641,3.03559847135,13,8
2026-04-02,-0.00537446978149,-0.00670228375,-4.69256299576,5.9796822003,13,8
2026-04-03,-0.000972240099976,-0.000304891111111,-5.38420368778,5.41687003985,13,8
2026-04-04,-0.00142553700931,-0.0025709125,-6.63378887629,-0.0770118219358,13,8
2026-04-05,0.000658654407068,0.00206242263889,-3.81103334652,-5.08445242746,13,8
2026-04-06,-0.00953876066889,-0.00556277333333,1.29104268224,-6.74164030081,13,8
2026-04-07,0.0079199531818,0.00712133486111,-1.28078861301,-10.6780131866,13,8
2026-04-08,-9.42518643465e-05,-0.00388334388889,7.09343077443,-11.2908062742,13,8
2026-04-09,-0.00217771278816,-0.00140082305556,6.66293430128,-14.5427806779,13,8
2026-04-10,-0.0129857180088,-0.0122669775,11.9714498685,-16.5741234493,13,8
2026-04-11,-0.000822352819656,-0.00125642847222,18.6346403066,-19.1226088554,13,8
2026-04-12,0.00387756632589,0.00271144,16.7942278844,-11.6554741433,13,8
2026-04-13,-0.0117939735761,-0.00613572888889,5.07245110107,-15.9997169895,13,8
2026-04-14,-0.0109231726714,-0.0139306468056,15.9471611799,-16.7184336146,13,8
2026-04-15,-0.00634162583836,-0.00479212791667,10.4692663096,-17.2223602681,13,8
2026-04-16,-0.00282660660664,0.00119377125,11.5873157209,-14.3413318294,13,8
2026-04-17,-0.0198524243701,-0.0123597052778,7.6905615075,-17.5843908684,13,8
2026-04-18,-0.00950119433553,-0.00648638625,12.0720970711,-10.7386220929,13,8
2026-04-19,-0.000532651972991,-0.00316287777778,3.24590663449,-4.89211029268,13,8
2026-04-20,-0.00858708484162,-0.0118513186111,5.8695479188,-8.76970379039,13,8
2026-04-21,-0.00433101575363,-0.00295387819444,0.348920485034,-9.04744201787,13,8
2026-04-22,-0.0214084186803,-0.0163897741667,-0.598929143684,-13.3021201887,13,8
2026-04-23,-0.00681778115818,-0.00396599138889,9.8274163586,-10.0118455327,13,8
2026-04-24,-0.0060231340615,-0.0049292975,5.28523726222,-7.41889304759,13,8
2026-04-25,-0.00767750350287,0.00113702930556,-7.68833917972,-4.6747579638,13,8
2026-04-26,-0.00541255017827,-0.000827106388889,-1.09440201386,-9.0937008436,13,8
2026-04-27,-0.000700132101586,-0.00428773652778,5.15939337613,-4.63637617994,13,8
2026-04-28,0.00235950573165,0.000128744166667,1.03472096816,0.411664057149,13,8
2026-04-29,0.00135540064421,-0.00289964361111,-2.64162340048,2.5108306594,13,8
2026-04-30,-0.00369559377518,-0.00668413125,-12.8607751282,1.31521933884,13,8
2026-05-01,-0.0145963752277,-0.00934548763889,-9.50046780921,-3.46490255942,13,8
2026-05-02,0.00162873193604,0.00511977263889,2.0532888103,-8.63912975355,13,8
2026-05-03,-0.00142297439796,0.00285375222222,3.13907365149,-11.1544092337,13,8
2026-05-04,-0.00624501472493,-0.00781845333333,2.46832200485,-13.0653202197,13,8
2026-05-05,-0.0157097608155,-0.00806758486111,6.72362446715,-16.842546266,13,8
2026-05-06,0.000647553778696,-0.00386501666667,16.6738257225,-18.5474530042,13,8
2026-05-07,0.00323887056061,-0.000235305277778,14.4674057316,-11.6298915123,13,8
2026-05-08,-0.00110772982207,0.000488915833333,10.9193759576,-8.74357050684,13,8
2026-05-09,-0.00566124598361,-0.00289156708333,1.17892647869,-12.8662889001,13,8
2026-05-10,-0.00225148091661,0.000172357361111,1.89681255996,-15.0980178171,13,8
2026-05-11,-0.00537127981262,-0.00035256625,2.11263821172,-12.7732892202,13,8
2026-05-12,0.0019690523965,-0.00257955875,-1.53397325172,-6.59435964617,13,8
2026-05-13,0.00480027977574,0.00411435055556,-6.53906086208,-1.07215452411,13,8
2026-05-14,-0.00444618405935,-0.00525142916667,-3.34286789211,-4.84973682085,13,8
2026-05-15,0.00126273756211,-0.00165939763889,2.58045162093,0.824905572453,13,8
2026-05-16,0.0022822313679,0.00184754013889,-0.346726302027,6.58089008177,13,8
2026-05-17,-0.00269157056626,-0.00200723097222,-2.42588939717,10.6448442888,13,8
2026-05-18,0.00689803126226,0.00544223013889,-6.66718583355,12.5588569359,13,8
2026-05-19,0.00689833727267,0.00762632,-4.78159233152,11.8796014137,13,8
2026-05-20,-0.000341975157078,0.00442416347222,-6.11192378537,9.11524235257,13,8
2026-05-21,0.00323933807048,0.00439962486111,-6.31506989676,6.95505577499,13,8
2026-05-22,0.00376401110762,-0.000119127777778,-9.45871928107,12.0734630089,13,8
2026-05-23,0.00121401697064,0.00122856013889,-4.6956669856,11.1378344603,13,8
2026-05-24,0.00127297715938,0.00291366916667,-3.89222478355,11.7726373101,13,8
2026-05-25,0.000451727139886,-0.0009000975,-3.23918656291,5.8706542278,13,8
2026-05-26,-0.000362281221863,-0.00137357708333,-4.75458679383,8.17359373238,13,8
2026-05-27,0.00760266267101,0.00849187958333,-0.319056885855,12.3833910739,13,8
2026-05-28,0.00786354367136,0.00684219833333,-0.71681053555,16.0913086411,13,8
2026-05-29,0.00425194053308,0.00182263263889,0.982045879474,14.9058550233,13,8
2026-05-30,0.00563248179548,0.00286046138889,-2.71908631207,11.6660928234,13,8
2026-05-31,0.0042372385486,0.00483227847222,-2.05784661983,11.4289687837,13,8
2026-06-01,0.0244891331143,0.00544344472222,-0.151553544117,15.7090232635,13,8
2026-06-02,0.00664807008966,0.00352080416667,-0.404345228663,19.3053315419,13,8
2026-06-03,0.00409742471848,0.00612287708333,-6.72256723368,21.7766436579,13,8
2026-06-04,0.00098576497964,-0.000739012083333,-8.00582365012,21.8130215333,13,8
2026-06-05,0.00137373250128,0.00240675791667,-15.4616330297,22.245523719,13,8
2026-06-06,0.00171954712529,-0.000846512083333,-16.457476879,20.154134283,13,8
2026-06-15,-0.00076688801995,-0.000638987916667,6.92928773373,-10.0659853738,13,8
2026-06-16,0.00295177165097,0.00392962291667,9.17104724912,-5.78231758708,13,8
2026-06-17,0.00216083527787,0.00374232791667,6.62217044513,-4.1776733465,13,8
2026-06-18,0.00291281497106,0.00212790333333,0.0461035501846,2.86526692668,13,8
2026-06-19,0.000445194085699,-0.00346162791667,1.62453612701,2.63935965605,13,8
2026-06-20,0.00337316867107,0.004356965,1.6113121156,-2.42104251591,13,8
2026-06-21,-0.00392800900575,-0.00280484208333,-3.19926149214,-5.14268195699,13,8
2026-06-22,0.00623818444869,0.00595375625,-4.46431550409,-4.18363667227,13,8
2026-06-23,0.0045826464505,0.00424758041667,-5.79333471378,3.10759424155,13,8
2026-06-24,-0.000141200734983,-0.00581878166667,-6.23304836596,6.40649803713,13,8
2026-06-25,-0.0010439473472,-0.000593585,-2.25741591534,9.17872322081,13,8
2026-06-26,0.00641960687475,0.00182294083333,0.872664535087,8.72871739731,13,8
2026-06-27,-0.000562097614688,-0.00593424041667,-3.01670988799,7.59415499199,13,8
2026-06-28,0.00326926258836,0.00417844125,-5.49996944074,11.4723307173,13,8
2026-06-29,0.00777306288469,0.00436778208333,-4.1716956849,9.09438810877,13,8
2026-06-30,0.0060728785306,0.00237011333333,-4.08153797011,12.7060088831,13,8
2026-07-01,0.00725975663909,0.00667262041667,-0.952588889217,9.63730920957,13,8
2026-07-02,0.00648228511399,0.00991407375,-3.26086684269,6.78996517109,13,8
2026-07-03,-0.00198796169703,0.00266798708333,3.12888618307,1.48905149152,13,8
2026-07-04,0.00654184855959,0.00561462916667,5.32873836108,-2.79597165081,13,8
2026-07-05,0.00827510667215,0.00897066166667,6.88591028343,-6.26682332804,13,8
2026-07-06,0.00799037897436,0.00824656041667,7.72660642543,-7.34316881931,13,8
2026-07-07,0.00623735567862,0.00321527208333,7.19487709994,-5.34782132045,13,8
2026-07-08,0.00750517936153,0.00650408625,2.93315050983,-0.462869689476,13,8
2026-07-09,0.00589565864953,0.00453398666667,2.79368192154,-3.89129676691,13,8
2026-07-10,0.0078605771398,0.00599684833333,-0.473099990137,-9.29219589355,13,8
2026-07-11,0.00587477589912,0.00337239041667,-0.472973076911,-6.61825590784,13,8
2026-07-12,0.00342458927024,0.000307601666667,-1.39489833182,-3.29215373557,13,8
2026-07-13,0.00767019701015,0.007114495,-0.915811857208,1.95930548099,13,8
2026-07-14,0.00634967052439,0.00983514041667,-0.628449966052,-3.84144504498,13,8
2026-07-15,0.00609143237251,0.00491399291667,4.70766191458,-7.21018867472,13,8
2026-07-16,0.00644102590691,0.00647207666667,6.84194977523,-3.3137307342,13,8
2026-07-17,0.00475632402882,0.00136392916667,3.21059162903,-0.71143496535,13,8
2026-07-18,0.00367003272701,0.0010686775,0.765715348289,-5.77593763844,13,8
2026-07-19,0.00503574998644,0.00556398208333,3.21612717524,-10.2895285233,13,8
2026-07-29,0.0104310006305,0.00799829875,-4.45918798621,0.620037164625,13,8
2026-08-31,0.00671621749177,0.00646396708333,-3.92804494201,-7.26561489247,13,8
2026-09-01,0.00863847687183,0.0080718225,-3.95105419406,-1.92977321868,13,8
2026-09-07,0.00128418875645,0.00456546625,-0.600007743678,0.725651515908,13,8
