ts_ms,mark_price,nearest_below_price,nearest_below_notional_usd,nearest_above_price,nearest_above_notional_usd,downside_pressure,upside_pressure,net_pressure,active_cluster_notional_usd,observed_liquidation_notional_usd
1567987199999,10391.63,,0.0,,0.0,0.0,0.0,0.0,0.0,0
1568073599999,10307.0,,0.0,,0.0,0.0,0.0,0.0,0.0,0
1568159999999,10102.02,,0.0,,0.0,0.0,0.0,0.0,0.0,0
1568246399999,10159.55,,0.0,,0.0,0.0,0.0,0.0,0.0,0
1568332799999,10415.13,,0.0,,0.0,0.0,0.0,0.0,0.0,0
1568419199999,10341.34,,0.0,,0.0,0.0,0.0,0.0,0.0,0
1568505599999,10332.25,,0.0,,0.0,0.0,0.0,0.0,0.0,0
1568591999999,10302.22,,0.0,,0.0,0.0,0.0,0.0,0.0,0
1568678399999,10249.27,,0.0,,0.0,0.0,0.0,0.0,0.0,0
1568764799999,10186.52,,0.0,,0.0,0.0,0.0,0.0,0.0,0
1568851199999,10155.16,,0.0,,0.0,0.0,0.0,0.0,0.0,0
1568937599999,10245.3,,0.0,,0.0,0.0,0.0,0.0,0.0,0
1569023999999,10166.35,,0.0,,0.0,0.0,0.0,0.0,0.0,0
1569110399999,9983.33,,0.0,,0.0,0.0,0.0,0.0,0.0,0
1569196799999,10023.04,,0.0,,0.0,0.0,0.0,0.0,0.0,0
1569283199999,9701.96,,0.0,,0.0,0.0,0.0,0.0,0.0,0
1569369599999,8645.61,,0.0,,0.0,0.0,0.0,0.0,0.0,0
1569455999999,8430.07,,0.0,,0.0,0.0,0.0,0.0,0.0,0
1569542399999,8060.15,,0.0,,0.0,0.0,0.0,0.0,0.0,0
1569628799999,8176.52,,0.0,,0.0,0.0,0.0,0.0,0.0,0
1569715199999,8195.38,,0.0,,0.0,0.0,0.0,0.0,0.0,0
1569801599999,8041.96,,0.0,,0.0,0.0,0.0,0.0,0.0,0
1569887999999,8285.84,,0.0,,0.0,0.0,0.0,0.0,0.0,0
1569974399999,8290.0,,0.0,,0.0,0.0,0.0,0.0,0.0,0
1570060799999,8352.14,,0.0,,0.0,0.0,0.0,0.0,0.0,0
1570147199999,8220.27,,0.0,,0.0,0.0,0.0,0.0,0.0,0
1570233599999,8130.56,,0.0,,0.0,0.0,0.0,0.0,0.0,0
1570319999999,8122.14,,0.0,,0.0,0.0,0.0,0.0,0.0,0
1570406399999,7852.79,,0.0,,0.0,0.0,0.0,0.0,0.0,0
1570492799999,8186.88,,0.0,,0.0,0.0,0.0,0.0,0.0,0
1570579199999,8167.62,,0.0,,0.0,0.0,0.0,0.0,0.0,0
1570665599999,8559.77,,0.0,,0.0,0.0,0.0,0.0,0.0,0
1570751999999,8556.02,,0.0,,0.0,0.0,0.0,0.0,0.0,0
1570838399999,8255.58,,0.0,,0.0,0.0,0.0,0.0,0.0,0
1570924799999,8300.22,,0.0,,0.0,0.0,0.0,0.0,0.0,0
1571011199999,8274.66,,0.0,,0.0,0.0,0.0,0.0,0.0,0
1571097599999,8346.05,,0.0,,0.0,0.0,0.0,0.0,0.0,0
1571183999999,8160.01,,0.0,,0.0,0.0,0.0,0.0,0.0,0
1571270399999,7992.21,,0.0,,0.0,0.0,0.0,0.0,0.0,0
1571356799999,8069.2,,0.0,,0.0,0.0,0.0,0.0,0.0,0
1571443199999,7943.94,,0.0,,0.0,0.0,0.0,0.0,0.0,0
1571529599999,7947.13,,0.0,,0.0,0.0,0.0,0.0,0.0,0
1571615999999,8218.23,,0.0,,0.0,0.0,0.0,0.0,0.0,0
1571702399999,8201.74,,0.0,,0.0,0.0,0.0,0.0,0.0,0
1571788799999,8020.89,,0.0,,0.0,0.0,0.0,0.0,0.0,0
1571875199999,7465.0,,0.0,,0.0,0.0,0.0,0.0,0.0,0
1571961599999,7411.35,,0.0,,0.0,0.0,0.0,0.0,0.0,0
1572047999999,8650.0,,0.0,,0.0,0.0,0.0,0.0,0.0,0
1572134399999,9232.22,,0.0,,0.0,0.0,0.0,0.0,0.0,0
1572220799999,9533.32,,0.0,,0.0,0.0,0.0,0.0,0.0,0
1572307199999,9217.36,,0.0,,0.0,0.0,0.0,0.0,0.0,0
1572393599999,9415.02,,0.0,,0.0,0.0,0.0,0.0,0.0,0
1572479999999,9165.3,,0.0,,0.0,0.0,0.0,0.0,0.0,0
1572566399999,9150.0,,0.0,,0.0,0.0,0.0,0.0,0.0,0
1572652799999,9231.01,,0.0,,0.0,0.0,0.0,0.0,0.0,0
1572739199999,9287.8,,0.0,,0.0,0.0,0.0,0.0,0.0,0
1572825599999,9197.88,,0.0,,0.0,0.0,0.0,0.0,0.0,0
1572911999999,9395.46,,0.0,,0.0,0.0,0.0,0.0,0.0,0
1572998399999,9313.2,,0.0,,0.0,0.0,0.0,0.0,0.0,0
1573084799999,9343.6,,0.0,,0.0,0.0,0.0,0.0,0.0,0
1573171199999,9219.64,,0.0,,0.0,0.0,0.0,0.0,0.0,0
1573257599999,8775.03,,0.0,,0.0,0.0,0.0,0.0,0.0,0
1573343999999,8811.15,,0.0,,0.0,0.0,0.0,0.0,0.0,0
1573430399999,9041.31,,0.0,,0.0,0.0,0.0,0.0,0.0,0
1573516799999,8728.93,,0.0,,0.0,0.0,0.0,0.0,0.0,0
1573603199999,8817.0,,0.0,,0.0,0.0,0.0,0.0,0.0,0
1573689599999,8774.76,,0.0,,0.0,0.0,0.0,0.0,0.0,0
1573775999999,8642.25,,0.0,,0.0,0.0,0.0,0.0,0.0,0
1573862399999,8473.27,,0.0,,0.0,0.0,0.0,0.0,0.0,0
1573948799999,8491.06,,0.0,,0.0,0.0,0.0,0.0,0.0,0
1574035199999,8504.04,,0.0,,0.0,0.0,0.0,0.0,0.0,0
1574121599999,8183.26,,0.0,,0.0,0.0,0.0,0.0,0.0,0
1574207999999,8131.7,,0.0,,0.0,0.0,0.0,0.0,0.0,0
1574294399999,8094.05,,0.0,,0.0,0.0,0.0,0.0,0.0,0
1574380799999,7621.9,,0.0,,0.0,0.0,0.0,0.0,0.0,0
1574467199999,7262.72,,0.0,,0.0,0.0,0.0,0.0,0.0,0
1574553599999,7305.99,,0.0,,0.0,0.0,0.0,0.0,0.0,0
1574639999999,6900.86,,0.0,,0.0,0.0,0.0,0.0,0.0,0
1574726399999,7102.03,,0.0,,0.0,0.0,0.0,0.0,0.0,0
1574812799999,7150.0,,0.0,,0.0,0.0,0.0,0.0,0.0,0
1574899199999,7506.77,,0.0,,0.0,0.0,0.0,0.0,0.0,0
1574985599999,7415.79,,0.0,,0.0,0.0,0.0,0.0,0.0,0
1575071999999,7736.66,,0.0,,0.0,0.0,0.0,0.0,0.0,0
1575158399999,7542.93,,0.0,,0.0,0.0,0.0,0.0,0.0,0
1575244799999,7387.38,,0.0,,0.0,0.0,0.0,0.0,0.0,0
1575331199999,7291.0,,0.0,,0.0,0.0,0.0,0.0,0.0,0
1575417599999,7290.86,,0.0,,0.0,0.0,0.0,0.0,0.0,0
1575503999999,7191.0,,0.0,,0.0,0.0,0.0,0.0,0.0,0
1575590399999,7384.99,,0.0,,0.0,0.0,0.0,0.0,0.0,0
1575676799999,7522.1,,0.0,,0.0,0.0,0.0,0.0,0.0,0
1575763199999,7487.2,,0.0,,0.0,0.0,0.0,0.0,0.0,0
1575849599999,7508.2,,0.0,,0.0,0.0,0.0,0.0,0.0,0
1575935999999,7337.49,,0.0,,0.0,0.0,0.0,0.0,0.0,0
1576022399999,7220.98,,0.0,,0.0,0.0,0.0,0.0,0.0,0
1576108799999,7205.77,,0.0,,0.0,0.0,0.0,0.0,0.0,0
1576195199999,7194.77,,0.0,,0.0,0.0,0.0,0.0,0.0,0
1576281599999,7252.98,,0.0,,0.0,0.0,0.0,0.0,0.0,0
1576367999999,7061.34,,0.0,,0.0,0.0,0.0,0.0,0.0,0
1576454399999,7115.0,,0.0,,0.0,0.0,0.0,0.0,0.0,0
1576540799999,6887.54,,0.0,,0.0,0.0,0.0,0.0,0.0,0
1576627199999,6618.96,,0.0,,0.0,0.0,0.0,0.0,0.0,0
1576713599999,7277.44,,0.0,,0.0,0.0,0.0,0.0,0.0,0
1576799999999,7146.29,,0.0,,0.0,0.0,0.0,0.0,0.0,0
1576886399999,7184.39,,0.0,,0.0,0.0,0.0,0.0,0.0,0
1576972799999,7131.01,,0.0,,0.0,0.0,0.0,0.0,0.0,0
1577059199999,7502.92,,0.0,,0.0,0.0,0.0,0.0,0.0,0
1577145599999,7314.01,,0.0,,0.0,0.0,0.0,0.0,0.0,0
1577231999999,7252.04,,0.0,,0.0,0.0,0.0,0.0,0.0,0
1577318399999,7201.45,,0.0,,0.0,0.0,0.0,0.0,0.0,0
1577404799999,7197.46,,0.0,,0.0,0.0,0.0,0.0,0.0,0
1577491199999,7248.4,,0.0,,0.0,0.0,0.0,0.0,0.0,0
1577577599999,7311.48,,0.0,,0.0,0.0,0.0,0.0,0.0,0
1577663999999,7383.67,,0.0,,0.0,0.0,0.0,0.0,0.0,0
1577750399999,7240.43,,0.0,,0.0,0.0,0.0,0.0,0.0,0
1577836799999,7189.0,,0.0,,0.0,0.0,0.0,0.0,0.0,0
1577923199999,7199.785,,0.0,,0.0,0.0,0.0,0.0,0.0,0
1578009599999,6963.67,,0.0,,0.0,0.0,0.0,0.0,0.0,0
1578095999999,7340.860000000001,,0.0,,0.0,0.0,0.0,0.0,0.0,0
1578182399999,7351.205,,0.0,,0.0,0.0,0.0,0.0,0.0,0
1578268799999,7356.879999999999,,0.0,,0.0,0.0,0.0,0.0,0.0,0
1578355199999,7756.845,,0.0,,0.0,0.0,0.0,0.0,0.0,0
1578441599999,8148.745,,0.0,,0.0,0.0,0.0,0.0,0.0,0
1578527999999,8056.42,,0.0,,0.0,0.0,0.0,0.0,0.0,0
1578614399999,7818.145,,0.0,,0.0,0.0,0.0,0.0,0.0,0
1578700799999,8203.945,,0.0,,0.0,0.0,0.0,0.0,0.0,0
1578787199999,8022.13,,0.0,,0.0,0.0,0.0,0.0,0.0,0
1578873599999,8183.35,,0.0,,0.0,0.0,0.0,0.0,0.0,0
1578959999999,8109.5,,0.0,,0.0,0.0,0.0,0.0,0.0,0
1579046399999,8826.55,,0.0,,0.0,0.0,0.0,0.0,0.0,0
1579132799999,8821.5,,0.0,,0.0,0.0,0.0,0.0,0.0,0
1579219199999,8724.34,,0.0,,0.0,0.0,0.0,0.0,0.0,0
1579305599999,8917.66,,0.0,,0.0,0.0,0.0,0.0,0.0,0
1579391999999,8923.3,,0.0,,0.0,0.0,0.0,0.0,0.0,0
1579478399999,8702.925,,0.0,,0.0,0.0,0.0,0.0,0.0,0
1579564799999,8647.5,,0.0,,0.0,0.0,0.0,0.0,0.0,0
1579651199999,8736.115,,0.0,,0.0,0.0,0.0,0.0,0.0,0
1579737599999,8685.485,,0.0,,0.0,0.0,0.0,0.0,0.0,0
1579823999999,8409.2,,0.0,,0.0,0.0,0.0,0.0,0.0,0
1579910399999,8443.58,,0.0,,0.0,0.0,0.0,0.0,0.0,0
1579996799999,8342.619999999999,,0.0,,0.0,0.0,0.0,0.0,0.0,0
1580083199999,8613.055,,0.0,,0.0,0.0,0.0,0.0,0.0,0
1580169599999,8911.955,,0.0,,0.0,0.0,0.0,0.0,0.0,0
1580255999999,9391.99,,0.0,,0.0,0.0,0.0,0.0,0.0,0
1580342399999,9309.85,,0.0,,0.0,0.0,0.0,0.0,0.0,0
1580428799999,9522.835,,0.0,,0.0,0.0,0.0,0.0,0.0,0
1580515199999,9360.255000000001,,0.0,,0.0,0.0,0.0,0.0,0.0,0
1580601599999,9389.32,,0.0,,0.0,0.0,0.0,0.0,0.0,0
1580687999999,9340.3,,0.0,,0.0,0.0,0.0,0.0,0.0,0
1580774399999,9302.47,,0.0,,0.0,0.0,0.0,0.0,0.0,0
1580860799999,9198.125,,0.0,,0.0,0.0,0.0,0.0,0.0,0
1580947199999,9628.25,,0.0,,0.0,0.0,0.0,0.0,0.0,0
1581033599999,9779.060000000001,,0.0,,0.0,0.0,0.0,0.0,0.0,0
1581119999999,9820.51,,0.0,,0.0,0.0,0.0,0.0,0.0,0
1581206399999,9902.265,,0.0,,0.0,0.0,0.0,0.0,0.0,0
1581292799999,10167.74,,0.0,,0.0,0.0,0.0,0.0,0.0,0
1581379199999,9861.83,,0.0,,0.0,0.0,0.0,0.0,0.0,0
1581465599999,10225.029999999999,,0.0,,0.0,0.0,0.0,0.0,0.0,0
1581551999999,10335.845000000001,,0.0,,0.0,0.0,0.0,0.0,0.0,0
1581638399999,10238.314999999999,,0.0,,0.0,0.0,0.0,0.0,0.0,0
1581724799999,10354.31,,0.0,,0.0,0.0,0.0,0.0,0.0,0
1581811199999,9912.744999999999,,0.0,,0.0,0.0,0.0,0.0,0.0,0
1581897599999,9919.43,,0.0,,0.0,0.0,0.0,0.0,0.0,0
1581983999999,9712.8,,0.0,,0.0,0.0,0.0,0.0,0.0,0
1582070399999,10174.11,,0.0,,0.0,0.0,0.0,0.0,0.0,0
1582156799999,9594.425,,0.0,,0.0,0.0,0.0,0.0,0.0,0
1582243199999,9599.645,,0.0,,0.0,0.0,0.0,0.0,0.0,0
1582329599999,9679.244999999999,,0.0,,0.0,0.0,0.0,0.0,0.0,0
1582415999999,9654.7,,0.0,,0.0,0.0,0.0,0.0,0.0,0
1582502399999,9937.91,,0.0,,0.0,0.0,0.0,0.0,0.0,0
1582588799999,9661.025000000001,,0.0,,0.0,0.0,0.0,0.0,0.0,0
1582675199999,9324.75,,0.0,,0.0,0.0,0.0,0.0,0.0,0
1582761599999,8789.759999999998,,0.0,,0.0,0.0,0.0,0.0,0.0,0
1582847999999,8827.4,,0.0,,0.0,0.0,0.0,0.0,0.0,0
1582934399999,8698.285,,0.0,,0.0,0.0,0.0,0.0,0.0,0
1583020799999,8530.99,,0.0,,0.0,0.0,0.0,0.0,0.0,0
1583107199999,8534.17,,0.0,,0.0,0.0,0.0,0.0,0.0,0
1583193599999,8914.85,,0.0,,0.0,0.0,0.0,0.0,0.0,0
1583279999999,8758.55,,0.0,,0.0,0.0,0.0,0.0,0.0,0
1583366399999,8754.215,,0.0,,0.0,0.0,0.0,0.0,0.0,0
1583452799999,9061.404999999999,,0.0,,0.0,0.0,0.0,0.0,0.0,0
1583539199999,9137.34,,0.0,,0.0,0.0,0.0,0.0,0.0,0
1583625599999,8897.84,,0.0,,0.0,0.0,0.0,0.0,0.0,0
1583711999999,8036.18,,0.0,,0.0,0.0,0.0,0.0,0.0,0
1583798399999,7928.325,,0.0,,0.0,0.0,0.0,0.0,0.0,0
1583884799999,7897.18,,0.0,,0.0,0.0,0.0,0.0,0.0,0
1583971199999,7935.445,,0.0,,0.0,0.0,0.0,0.0,0.0,0
1584057599999,4739.275,,0.0,,0.0,0.0,0.0,0.0,0.0,0
1584143999999,5568.030000000001,,0.0,,0.0,0.0,0.0,0.0,0.0,0
1584230399999,5171.405000000001,,0.0,,0.0,0.0,0.0,0.0,0.0,0
1584316799999,5359.96,,0.0,,0.0,0.0,0.0,0.0,0.0,0
1584403199999,5030.63,,0.0,,0.0,0.0,0.0,0.0,0.0,0
1584489599999,5308.99,,0.0,,0.0,0.0,0.0,0.0,0.0,0
1584575999999,5391.620000000001,,0.0,,0.0,0.0,0.0,0.0,0.0,0
1584662399999,6161.9,,0.0,,0.0,0.0,0.0,0.0,0.0,0
1584748799999,6202.885,,0.0,,0.0,0.0,0.0,0.0,0.0,0
1584835199999,6185.795,,0.0,,0.0,0.0,0.0,0.0,0.0,0
1584921599999,5813.335,,0.0,,0.0,0.0,0.0,0.0,0.0,0
1585007999999,6464.82,,0.0,,0.0,0.0,0.0,0.0,0.0,0
1585094399999,6741.8150000000005,,0.0,,0.0,0.0,0.0,0.0,0.0,0
1585180799999,6675.3,,0.0,,0.0,0.0,0.0,0.0,0.0,0
1585267199999,6733.5,,0.0,,0.0,0.0,0.0,0.0,0.0,0
1585353599999,6354.0,,0.0,,0.0,0.0,0.0,0.0,0.0,0
1585439999999,6230.95,,0.0,,0.0,0.0,0.0,0.0,0.0,0
1585526399999,5876.27,,0.0,,0.0,0.0,0.0,0.0,0.0,0
1585612799999,6391.08,,0.0,,0.0,0.0,0.0,0.0,0.0,0
1585699199999,6407.1,,0.0,,0.0,0.0,0.0,0.0,0.0,0
1585785599999,6641.51,,0.0,,0.0,0.0,0.0,0.0,0.0,0
1585871999999,6792.6,,0.0,,0.0,0.0,0.0,0.0,0.0,0
1585958399999,6729.8,,0.0,,0.0,0.0,0.0,0.0,0.0,0
1586044799999,6856.4,,0.0,,0.0,0.0,0.0,0.0,0.0,0
1586131199999,6771.0,,0.0,,0.0,0.0,0.0,0.0,0.0,0
1586217599999,7325.73,,0.0,,0.0,0.0,0.0,0.0,0.0,0
1586303999999,7196.7,,0.0,,0.0,0.0,0.0,0.0,0.0,0
1586390399999,7357.66,,0.0,,0.0,0.0,0.0,0.0,0.0,0
1586476799999,7282.0,,0.0,,0.0,0.0,0.0,0.0,0.0,0
1586563199999,6857.0,,0.0,,0.0,0.0,0.0,0.0,0.0,0
1586649599999,6874.5,,0.0,,0.0,0.0,0.0,0.0,0.0,0
1586735999999,6901.0,,0.0,,0.0,0.0,0.0,0.0,0.0,0
1586822399999,6834.5,,0.0,,0.0,0.0,0.0,0.0,0.0,0
1586908799999,6864.5,,0.0,,0.0,0.0,0.0,0.0,0.0,0
1586995199999,6617.5,,0.0,,0.0,0.0,0.0,0.0,0.0,0
1587081599999,7099.5,,0.0,,0.0,0.0,0.0,0.0,0.0,0
1587167999999,7022.44,,0.0,,0.0,0.0,0.0,0.0,0.0,0
1587254399999,7242.42,,0.0,,0.0,0.0,0.0,0.0,0.0,0
1587340799999,7118.3,,0.0,,0.0,0.0,0.0,0.0,0.0,0
1587427199999,6827.5,,0.0,,0.0,0.0,0.0,0.0,0.0,0
1587513599999,6838.0,,0.0,,0.0,0.0,0.0,0.0,0.0,0
1587599999999,7123.0,,0.0,,0.0,0.0,0.0,0.0,0.0,0
1587686399999,7483.5,,0.0,,0.0,0.0,0.0,0.0,0.0,0
1587772799999,7500.6,,0.0,,0.0,0.0,0.0,0.0,0.0,0
1587859199999,7535.0,,0.0,,0.0,0.0,0.0,0.0,0.0,0
1587945599999,7692.8,,0.0,,0.0,0.0,0.0,0.0,0.0,0
1588031999999,7774.0,,0.0,,0.0,0.0,0.0,0.0,0.0,0
1588118399999,7742.1,,0.0,,0.0,0.0,0.0,0.0,0.0,0
1588204799999,8778.0,,0.0,,0.0,0.0,0.0,0.0,0.0,0
1588291199999,8624.76,,0.0,,0.0,0.0,0.0,0.0,0.0,0
1588377599999,8829.0,,0.0,,0.0,0.0,0.0,0.0,0.0,0
1588463999999,8973.5,,0.0,,0.0,0.0,0.0,0.0,0.0,0
1588550399999,8897.5,,0.0,,0.0,0.0,0.0,0.0,0.0,0
1588636799999,8873.0,,0.0,,0.0,0.0,0.0,0.0,0.0,0
1588723199999,9022.78,,0.0,,0.0,0.0,0.0,0.0,0.0,0
1588809599999,9148.27,,0.0,,0.0,0.0,0.0,0.0,0.0,0
1588895999999,9991.8,,0.0,,0.0,0.0,0.0,0.0,0.0,0
1588982399999,9805.0,,0.0,,0.0,0.0,0.0,0.0,0.0,0
1589068799999,9546.0,,0.0,,0.0,0.0,0.0,0.0,0.0,0
1589155199999,8722.0,,0.0,,0.0,0.0,0.0,0.0,0.0,0
1589241599999,8560.6,,0.0,,0.0,0.0,0.0,0.0,0.0,0
1589327999999,8813.0,,0.0,,0.0,0.0,0.0,0.0,0.0,0
1589414399999,9305.8,,0.0,,0.0,0.0,0.0,0.0,0.0,0
1589500799999,9788.0,,0.0,,0.0,0.0,0.0,0.0,0.0,0
1589587199999,9315.0,,0.0,,0.0,0.0,0.0,0.0,0.0,0
1589673599999,9382.5,,0.0,,0.0,0.0,0.0,0.0,0.0,0
1589759999999,9678.57,,0.0,,0.0,0.0,0.0,0.0,0.0,0
1589846399999,9731.1,,0.0,,0.0,0.0,0.0,0.0,0.0,0
1589932799999,9773.64,,0.0,,0.0,0.0,0.0,0.0,0.0,0
1590019199999,9511.0,,0.0,,0.0,0.0,0.0,0.0,0.0,0
1590105599999,9067.0,,0.0,,0.0,0.0,0.0,0.0,0.0,0
1590191999999,9168.0,,0.0,,0.0,0.0,0.0,0.0,0.0,0
1590278399999,9176.41,,0.0,,0.0,0.0,0.0,0.0,0.0,0
1590364799999,8711.37,,0.0,,0.0,0.0,0.0,0.0,0.0,0
1590451199999,8895.65,,0.0,,0.0,0.0,0.0,0.0,0.0,0
1590537599999,8842.0,,0.0,,0.0,0.0,0.0,0.0,0.0,0
1590623999999,9197.32,,0.0,,0.0,0.0,0.0,0.0,0.0,0
1590710399999,9572.0,,0.0,,0.0,0.0,0.0,0.0,0.0,0
1590796799999,9425.0,,0.0,,0.0,0.0,0.0,0.0,0.0,0
1590883199999,9695.0,,0.0,,0.0,0.0,0.0,0.0,0.0,0
1590969599999,9449.5,,0.0,,0.0,0.0,0.0,0.0,0.0,0
1591055999999,10223.0,,0.0,,0.0,0.0,0.0,0.0,0.0,0
1591142399999,9519.6,,0.0,,0.0,0.0,0.0,0.0,0.0,0
1591228799999,9663.59,,0.0,,0.0,0.0,0.0,0.0,0.0,0
1591315199999,9788.9,,0.0,,0.0,0.0,0.0,0.0,0.0,0
1591401599999,9622.5,,0.0,,0.0,0.0,0.0,0.0,0.0,0
1591487999999,9664.0,,0.0,,0.0,0.0,0.0,0.0,0.0,0
1591574399999,9743.92,,0.0,,0.0,0.0,0.0,0.0,0.0,0
1591660799999,9778.87,,0.0,,0.0,0.0,0.0,0.0,0.0,0
1591747199999,9771.66,,0.0,,0.0,0.0,0.0,0.0,0.0,0
1591833599999,9884.0,,0.0,,0.0,0.0,0.0,0.0,0.0,0
1591919999999,9277.1,,0.0,,0.0,0.0,0.0,0.0,0.0,0
1592006399999,9462.5,,0.0,,0.0,0.0,0.0,0.0,0.0,0
1592092799999,9470.0,,0.0,,0.0,0.0,0.0,0.0,0.0,0
1592179199999,9340.0,,0.0,,0.0,0.0,0.0,0.0,0.0,0
1592265599999,9422.01,,0.0,,0.0,0.0,0.0,0.0,0.0,0
1592351999999,9521.0,,0.0,,0.0,0.0,0.0,0.0,0.0,0
1592438399999,9462.0,,0.0,,0.0,0.0,0.0,0.0,0.0,0
1592524799999,9383.0,,0.0,,0.0,0.0,0.0,0.0,0.0,0
1592611199999,9307.0,,0.0,,0.0,0.0,0.0,0.0,0.0,0
1592697599999,9354.04,,0.0,,0.0,0.0,0.0,0.0,0.0,0
1592783999999,9295.0,,0.0,,0.0,0.0,0.0,0.0,0.0,0
1592870399999,9683.9,,0.0,,0.0,0.0,0.0,0.0,0.0,0
1592956799999,9627.1,,0.0,,0.0,0.0,0.0,0.0,0.0,0
1593043199999,9298.4,,0.0,,0.0,0.0,0.0,0.0,0.0,0
1593129599999,9246.75,,0.0,,0.0,0.0,0.0,0.0,0.0,0
1593215999999,9161.7,,0.0,,0.0,0.0,0.0,0.0,0.0,0
1593302399999,9011.7,,0.0,,0.0,0.0,0.0,0.0,0.0,0
1593388799999,9120.0,,0.0,,0.0,0.0,0.0,0.0,0.0,0
1593475199999,9189.1,,0.0,,0.0,0.0,0.0,0.0,0.0,0
1593561599999,9138.87,,0.0,,0.0,0.0,0.0,0.0,0.0,0
1593647999999,9230.5,,0.0,,0.0,0.0,0.0,0.0,0.0,0
1593734399999,9086.5,,0.0,,0.0,0.0,0.0,0.0,0.0,0
1593820799999,9062.0,,0.0,,0.0,0.0,0.0,0.0,0.0,0
1593907199999,9136.0,,0.0,,0.0,0.0,0.0,0.0,0.0,0
1593993599999,9071.86,,0.0,,0.0,0.0,0.0,0.0,0.0,0
1594079999999,9339.6,,0.0,,0.0,0.0,0.0,0.0,0.0,0
1594166399999,9256.0,,0.0,,0.0,0.0,0.0,0.0,0.0,0
1594252799999,9433.8,,0.0,,0.0,0.0,0.0,0.0,0.0,0
1594339199999,9236.0,,0.0,,0.0,0.0,0.0,0.0,0.0,0
1594425599999,9288.39,,0.0,,0.0,0.0,0.0,0.0,0.0,0
1594511999999,9233.5,,0.0,,0.0,0.0,0.0,0.0,0.0,0
1594598399999,9297.1,,0.0,,0.0,0.0,0.0,0.0,0.0,0
1594684799999,9241.2,,0.0,,0.0,0.0,0.0,0.0,0.0,0
1594771199999,9252.2,,0.0,,0.0,0.0,0.0,0.0,0.0,0
1594857599999,9197.3,,0.0,,0.0,0.0,0.0,0.0,0.0,0
1594943999999,9131.5,,0.0,,0.0,0.0,0.0,0.0,0.0,0
1595030399999,9155.7,,0.0,,0.0,0.0,0.0,0.0,0.0,0
1595116799999,9168.5,,0.0,,0.0,0.0,0.0,0.0,0.0,0
1595203199999,9203.0,,0.0,,0.0,0.0,0.0,0.0,0.0,0
1595289599999,9160.8,,0.0,,0.0,0.0,0.0,0.0,0.0,0
1595375999999,9386.4,,0.0,,0.0,0.0,0.0,0.0,0.0,0
1595462399999,9515.5,,0.0,,0.0,0.0,0.0,0.0,0.0,0
1595548799999,9602.8,,0.0,,0.0,0.0,0.0,0.0,0.0,0
1595635199999,9536.4,,0.0,,0.0,0.0,0.0,0.0,0.0,0
1595721599999,9699.8,,0.0,,0.0,0.0,0.0,0.0,0.0,0
1595807999999,9932.0,,0.0,,0.0,0.0,0.0,0.0,0.0,0
1595894399999,11036.6,,0.0,,0.0,0.0,0.0,0.0,0.0,0
1595980799999,10911.1,,0.0,,0.0,0.0,0.0,0.0,0.0,0
1596067199999,11106.5,,0.0,,0.0,0.0,0.0,0.0,0.0,0
1596153599999,11109.0,,0.0,,0.0,0.0,0.0,0.0,0.0,0
1596239999999,11339.0,,0.0,,0.0,0.0,0.0,0.0,0.0,0
1596326399999,11811.42,,0.0,,0.0,0.0,0.0,0.0,0.0,0
1596412799999,11073.0,,0.0,,0.0,0.0,0.0,0.0,0.0,0
1596499199999,11226.0,,0.0,,0.0,0.0,0.0,0.0,0.0,0
1596585599999,11196.0,,0.0,,0.0,0.0,0.0,0.0,0.0,0
1596671999999,11749.5,,0.0,,0.0,0.0,0.0,0.0,0.0,0
1596758399999,11764.0,,0.0,,0.0,0.0,0.0,0.0,0.0,0
1596844799999,11595.5,11537.5225,539.136042436705,11653.4775,429.8502239751717,14810358.197988393,13155013.66222563,-1655344.5357627627,3017542.252000004,0
1596931199999,11765.8,11498.870833333334,1737.0383219948517,11868.8225,19359.72254791348,11219593.672366055,16525277.628864964,5305683.95649891,2861235.939138345,0
1597017599999,11685.99,11628.0675,101.3072120653853,11744.9325,78.73914035307007,14926074.145945128,15964391.115547532,1038316.9696024042,3389058.2974935146,0
1597103999999,11891.0,11421.5675,7582.765537385703,12095.527500000002,8847.744662349778,11601458.162066275,17293991.06181038,5692532.899744106,3230935.016792108,0
1597190399999,11392.64,11337.03,200.22213731256312,11450.970000000001,173.76814194855538,20761674.770998884,14448754.831400404,-6312919.93959848,4237175.765026282,0
1597276799999,11567.0,11509.164999999999,361.1064477042101,11624.835000000001,260.51252915699325,26132441.77456763,25622092.129644196,-510349.64492343366,6117009.784256165,0
1597363199999,11789.0,11730.055,1225.4153284125612,11792.79,19572.515818095075,53655126.43660057,122937576.15094611,69282449.71434554,12543096.246837785,0
1597449599999,11767.89,11612.164999999999,17227.099634241225,11887.241666666669,2707.885467707068,49817763.02298158,51781029.42471095,1963266.4017293751,11455147.437423497,0
1597535999999,11859.04,11804.68,1303.437526364602,11923.320000000002,605.3864554799125,80364937.1035048,72133423.58748582,-8231513.516018987,17197068.381957855,0
1597622399999,11914.5,11686.039999999999,18364.50613869572,11962.866666666669,1882.8573689325367,68387884.11186762,74367232.65048833,5979348.53862071,15782256.150346937,0
1597708799999,12297.0,12235.515,1594.9112800140435,12358.485,667.1516759650356,93461307.55111735,84907022.84858961,-8554284.702527732,21760229.43876358,0
1597795199999,11950.0,11743.635,217377.85252262332,12399.475000000002,1625.6313097562172,86377214.26120386,38534070.50001484,-47843143.76118901,15441632.673086032,0
1597881599999,11762.1,11538.685,335095.2563689764,12399.475000000002,1472.701122153003,84893527.7736317,29898834.206079848,-54994693.56755186,13733642.943920584,0
1597967999999,11857.0,11797.715,753.082981729619,11916.285000000002,555.8538494350977,92631885.7334511,48834143.38504184,-43797742.34840926,17652088.666586127,0
1598054399999,11534.6,11448.76,86457.38825240507,11916.285000000002,547.1946750782747,133142008.3867043,36604882.965511195,-96537125.4211931,16971038.88411416,0
1598140799999,11668.5,11610.1575,1359.6387225817361,11726.8425,907.751721268178,119199700.66027762,63919627.777029544,-55280072.883248076,22413780.65403958,0
1598227199999,11654.0,11601.7,19.574006908779364,11718.300000000001,14.900704524379414,120060007.96093874,62517118.084770516,-57542889.87616822,22237175.162135985,0
1598313599999,11753.7,11601.7,19.12527464063037,11834.900000000001,211.7908873673294,102654995.7938142,68629223.79026827,-34025772.003545925,21723539.73126062,0
1598399999999,11325.0,11073.7025,41965.13187186461,11834.900000000001,197.53816091107637,88266146.82692151,43207699.805574395,-45058447.02134711,18473574.458683286,0
1598486399999,11461.0,11403.695,765.1390612518293,11518.305000000002,557.8295748221897,90033657.28860626,60652461.831282474,-29381195.457323782,21294972.036441587,0
1598572799999,11330.0,11073.7025,38200.35228617126,11632.915,7301.162041640124,95845781.16882122,49620675.290266395,-46225105.87855482,19564856.141216673,0
1598659199999,11524.2,11464.39,253.5582541948581,11579.61,181.84427341872257,80072660.39496535,63145838.33521274,-16926822.059752613,20339592.55089345,0
1598745599999,11467.7,11425.983333333334,822.6044058228448,11529.36,167.7422123271025,89172749.28237468,62675577.75257049,-26497171.529804192,20987084.766934253,0
1598831999999,11711.3,11651.45,1032.5078185300813,11731.152142857143,20919.99045068992,92628288.71385716,114612615.70874943,21984326.99489227,24850579.77438805,0
1598918399999,11658.11,11602.695,11.332075960794437,11719.305000000002,8.729259556088282,96455438.61442083,90128708.19995177,-6326730.414469063,24566432.204540152,0
1599004799999,11927.5,11534.35,13569.030490621146,12068.100000000002,1138.2138738452854,71175474.57445042,103920300.02059725,32744825.44614683,22580505.584971882,0
1599091199999,11388.5,11136.255,1286.1793956753154,12068.100000000002,1048.948024618972,96904616.66811684,51993353.50806769,-44911263.16004915,20507266.87956231,0
1599177599999,10141.08,9899.085000000001,454758.4304202713,12068.100000000002,897.7177357396199,68162786.7646904,24107604.25545714,-44055182.50923326,14493175.565364536,0
1599263999999,10448.0,10396.2575,164.76883526736316,10500.742500000002,113.49499401271866,41532779.466916755,30274174.085440177,-11258605.381476577,14743719.904350255,0
1599350399999,10163.8,9804.175833333333,45523.72885481636,10605.2275,1492.4577985111657,44039534.17198265,22638994.282807607,-21400539.889175046,12580402.82504504,0
1599436799999,10256.7,9804.175833333333,37668.65826852972,10605.2275,1234.9358061509363,33110897.966875583,19498299.995648295,-13612597.971227288,10409667.811008647,0
1599523199999,10378.0,9804.175833333333,35814.16957074098,10605.2275,1174.1379280137462,28284161.713143714,19626715.21184266,-8657446.501301054,9897183.103811663,0
1599609599999,10126.4,9804.175833333333,30696.166229630788,10605.2275,1006.3484214993214,31000614.499651313,15031001.954755293,-15969612.54489602,8482831.83446742,0
1599695999999,10219.29,10168.4025,1002.7456630302682,10270.597500000002,736.8998412323868,55232479.645054765,37992820.31251201,-17239659.332542755,13802867.977666926,0
1599782399999,10336.3,10287.305,163.80179191336867,10390.695000000002,119.54654205080396,51707637.09786927,43527157.514272265,-8180479.583597004,14477838.465872392,0
1599868799999,10387.0,10335.065,583.5909005729067,10425.158333333335,400.341079070186,64363379.88681626,59902254.64619854,-4461125.240617722,17486403.381719008,0
1599955199999,10438.28,10231.195,8774.950641361613,10494.085000000001,1776.871503336814,59226940.91761683,64574957.89825836,5348016.980641529,17127775.420021657,0
1600041599999,10327.72,10268.4,571.291834808531,10371.6,449.94150341138396,81537787.25934257,66220577.89115654,-15317209.368186027,20094378.46594022,0
1600127999999,10664.1,10608.69,509.8769101755862,10715.310000000001,376.16915050669473,71547873.82086015,105114677.87324762,33566804.052387476,22289083.129537906,0
1600214399999,10778.5,10724.6075,634.1353554765019,10832.392500000002,898.5262420313461,81586643.89752433,111152177.4866786,29565533.589154273,26312708.42790578,0
1600300799999,10948.17,10892.265,511.41176651854386,11001.735,504.5163105045968,83990582.15274882,131883774.36374268,47893192.210993856,28762135.78034264,0
1600387199999,10935.33,10873.36,382.78422897517436,10982.640000000001,292.40141532919046,93474462.21165888,135950039.62687883,42475577.41521995,30523910.283203654,0
1600473599999,10926.29,10862.414999999999,210.43567953391045,10971.585000000001,242.23703701793158,98661244.26945181,139407806.22075158,40746561.95129977,31580063.19844865,0
1600559999999,11073.74,10862.414999999999,202.59089986896169,11174.329285714286,11043.896913973254,83767387.10144816,174393712.2896527,90626325.18820454,30205219.92616546,0
1600646399999,10914.28,10857.44,38.65401298775182,10966.560000000001,35.48863476979437,95580640.41979173,121061428.05527224,25480787.63548051,30082767.6849553,0
1600732799999,10413.3,10271.935,149435.73587060923,11002.933333333336,117.1607847830162,134351953.81578675,71769895.86845186,-62582057.947334886,28652126.71404433,0
1600819199999,10523.32,10271.935,131358.97042047104,11002.933333333336,102.9882174641086,97427390.21913755,68367981.7806305,-29059408.43850705,25186170.11912462,0
1600905599999,10237.91,10182.83,14.792277197656489,10285.170000000002,12.301028006076422,125080821.60709986,56040222.6136442,-69040598.99345566,24558778.862324465,0
1600991999999,10724.92,10668.8875,404.542798422062,10776.112500000001,299.37693064731235,78072925.55766062,88661333.47029379,10588407.912633166,26199460.203512512,0
1601078399999,10684.0,10630.58,1525.450681367731,10737.420000000002,2291.250050017581,114080109.80401656,141557162.2703585,27477052.466341943,35045323.41601205,0
1601164799999,10726.5,10630.58,1476.3880021735854,10844.260000000002,31880.32114879336,105082823.92359276,144045587.6696773,38962763.746084526,33907396.62607948,0
1601251199999,10770.0,10716.15,521.712558620781,10823.85,390.7108707667041,110945701.88891193,163208388.5355465,52262686.64663458,35657296.55141369,0
1601337599999,10691.45,10608.45,7292.597196949097,10975.244642857142,12487.260522517747,118688566.9567271,133611961.59312597,14923394.636398867,34724617.729046166,0
1601423999999,10836.98,10779.83,181.0621827276911,10888.170000000002,131.28198595610428,103978440.67080119,165084964.66412628,61106523.993325084,34992113.476556875,0
1601510399999,10773.0,10705.205,705.1948340798752,10812.795000000002,548.3310064302418,123608749.09209725,160753976.27030352,37145227.178206265,37263110.395529285,0
1601596799999,10612.63,10454.81,16685.45703827464,10920.385000000002,7486.2331501848275,140446411.44278,129036694.30767664,-11409717.135103345,36332816.343520805,0
1601683199999,10566.5,10382.435,63868.50177435755,10920.385000000002,7270.279415400797,138666647.38054547,119665303.95759785,-19001343.422947615,35164338.9230982,0
1601769599999,10541.0,10382.435,58958.92644586706,10920.385000000002,6711.4126272743415,133462028.76491007,107830382.99466135,-25631645.770248726,32461254.209612172,0
1601855999999,10665.3,10612.67,626.6066183921994,10719.330000000002,457.0608103739214,122754768.32354291,130602531.49295796,7847763.169415057,34103072.120441094,0
1601942399999,10785.0,10612.67,611.4206102167218,10825.990000000002,6006.8721623621705,105061435.55347198,150716478.50748464,45655042.95401266,33274696.26578229,0
1602028799999,10600.0,10547.0,208.01800495670912,10653.000000000002,470.4646913436061,132993653.55371453,126665189.51383898,-6328464.039875552,34146925.75239371,0
1602115199999,10658.75,10547.0,205.45402972396758,10688.333333333336,1490.5991042521953,121031317.91222699,134419995.0381515,13388677.125924513,33725575.05831162,0
1602201599999,10919.45,10851.47,730.4864596330203,10960.53,513.2204356177358,107277755.76591925,218930946.62069374,111653190.85477449,35852724.10437973,0
1602287999999,11050.47,10995.745,819.3157061388799,11097.787500000002,23597.465960256537,111927963.22873503,292881992.17046124,180954028.9417262,40071239.37152782,0
1602374399999,11295.8,11246.9825,1161.4828729050475,11360.017500000002,817.4762791418996,117156417.1622582,198925333.85886028,81768916.69660209,40904865.48908498,0
1602460799999,11370.4,11246.9825,987.7316961012082,11473.052500000002,9713.265109471335,93667694.71847588,196147077.29848826,102479382.58001238,34782771.85216458,0
1602547199999,11530.8,11487.275,471.81878609040604,11602.725000000002,340.5506957503395,90516269.66474666,165643728.8943019,75127459.22955523,33887303.99537143,0
1602633599999,11419.36,11272.867857142857,15253.433602264482,11602.725000000002,323.423904641639,92548527.33219478,129759318.88522744,37210791.55303267,32175697.403950244,0
1602719999999,11418.5,11272.867857142857,14901.515958076867,11602.725000000002,315.9620713545719,90478587.41055526,126609227.40705222,36130639.99649696,31433359.9128813,0
1602806399999,11499.8,11140.925,31215.979425614856,11641.208333333336,935.4610024078496,80656201.47883941,138212023.27162734,57555821.792787924,30057374.611919582,0
1602892799999,11318.5,11261.9075,1098.7757607758203,11375.0925,878.1945757176168,102738398.26025325,114600665.91416332,11862267.65391007,31135786.401881702,0
1602979199999,11358.0,11224.179166666667,3095.6376718870047,11412.820833333335,2474.182912370362,96121183.87376258,117775348.16861628,21654164.294853702,30422668.642206028,0
1603065599999,11497.5,11434.539999999999,319.9403077394314,11549.460000000001,233.5576429411533,87648379.68103173,146522353.93138242,58873974.250350684,30454414.068993296,0
1603151999999,11745.0,11396.233333333334,903.9459826076777,11817.132142857143,9645.778887537392,73377938.21137546,153823382.21545658,80445444.00408112,28978990.521305393,0
1603238399999,11902.0,11842.49,2824.4440474188305,11961.510000000002,4887.771600570699,95228287.87596832,188444000.90485385,93215713.02888553,33652503.02861097,0
1603324799999,12796.07,12755.9,2214.334557463737,12884.100000000002,3463.067324716398,105213726.97432595,133908347.83205494,28694620.857728988,37271791.963578984,0
1603411199999,12968.87,12627.7,26670.103329907895,13268.700000000003,277664.36369895603,80927290.3194764,133504943.8887844,52577653.569308,32820029.466083933,0
1603497599999,12925.82,12627.7,26005.15569182173,13268.700000000003,270741.54602035804,81023794.26177561,123225989.65927252,42202195.39749691,32001749.88143313,0
1603583999999,13110.5,13044.9475,1146.4921113701546,13176.052500000002,516.7537701168669,94341703.55264863,174254234.41529852,79912530.86264989,34771704.38162328,0
1603670399999,13023.81,12801.466785714285,44099.71722988606,13396.900000000001,416487.7671632279,97201118.08972074,131890657.6497349,34689539.56001416,33927953.78500677,0
1603756799999,13047.24,12651.6325,95882.02015728946,13396.900000000001,395636.30103558983,88429637.09738417,129123731.93284573,40694094.83546156,32187458.420480043,0
1603843199999,13629.38,12651.6325,88961.16698678095,13796.275000000001,63213.04738566795,61991704.217740275,141309574.46213293,79317870.24439266,28147633.012954105,0
1603929599999,13256.17,13193.2025,807.8195193210934,13325.797500000002,543.0380606652036,91582694.25063929,96226536.60896285,4643842.358323559,31234737.52246387,0
1604015999999,13437.5,12946.954642857143,33048.54724525588,13723.582500000002,53010.97680746374,74733577.63598605,104892940.50180121,30159362.865815163,28663738.182427064,0
1604102399999,13544.5,13476.7775,2883.9808210150472,13612.222500000002,2131.349954231602,139265156.6306014,176529968.74761826,37264812.11701685,41245495.09591835,0
1604188799999,13782.0,13341.3325,41132.30264258086,14154.002500000002,352504.40272128105,113062119.98028672,152174216.92102078,39112096.94073406,38452554.78298266,0
1604275199999,13752.86,13681.25,3908.5708037489626,13818.750000000002,2991.6832396627847,208530331.81084958,225533449.94397673,17003118.133127153,56197421.12936619,0
1604361599999,13540.54,13131.25,649971.5652155053,13818.750000000002,2891.44207001312,205593232.89771762,171042456.3133551,-34550776.58436254,53516146.35772401,0
1604447999999,14012.0,13131.25,600976.4670614498,14074.107142857143,118882.69569050225,137614249.44565716,340951744.1627709,203337494.71711376,49431144.996727176,0
1604534399999,14130.0,14059.35,1862.5761369317327,14200.650000000001,1374.3704828081204,177285981.50894856,282032888.2578342,104746906.74888563,56671905.429211855,0
1604620799999,15594.0,15516.03,2958.0999806594273,15671.970000000001,1764.4387429245205,183303166.63538477,236856963.48621514,53553796.850830376,62650619.86076711,0
1604707199999,15573.0,15048.21,296686.85905476933,16030.1375,25373.788747179988,151855210.30673903,153227017.93874946,1371807.63201043,53508798.91738407,0
1604793599999,14815.5,14741.4225,592.8825635954497,14889.577500000001,329.99462814508763,173137750.67145023,99660414.14548044,-73477336.52596979,54172350.51417934,0
1604879999999,15473.2,14692.0375,1626.9807374131349,15729.122500000001,86191.07893895573,106072853.19386753,122650653.67176065,16577800.477893114,43781585.21163001,0
1604966399999,15325.5,14692.0375,1159.8062820558039,16030.1375,14483.536835938557,79448484.56984654,74214811.91080026,-5233672.659046277,31148612.54754414,0
1605052799999,15294.68,15220.0175,4092.7704832330555,15372.982500000002,3005.8771847657335,192115148.7775415,163476624.86821842,-28638523.909323066,52896900.966787525,0
1605139199999,15687.5,15609.0625,3724.003046905943,15765.937500000002,1714.1885154638207,250438345.83962145,233561726.68655097,-16876619.15307048,68119621.73024504,0
1605225599999,16285.0,16203.575,5622.717962944204,16365.765000000001,21998.964021118718,335403092.32545733,458798477.55778587,123395385.23232853,90510059.1004094,0
1605311999999,16318.5,15901.139285714286,256499.433922476,16521.245000000003,66125.55353673252,307689233.44610125,316501391.418079,8812157.97197777,85941514.20234549,0
1605398399999,16060.0,15552.175,901412.8803733161,16521.245000000003,58075.94918123876,287130476.1171992,203209585.73248616,-83920890.38471302,74706064.32684256,0
1605484799999,15939.5,15552.175,857432.2943588664,16521.245000000003,55242.381640825464,299728863.2957668,174355816.49654746,-125373046.79921931,71061101.44749366,0
1605571199999,16702.5,16618.9875,630.4495078855509,16786.0125,288.47577390128026,214727144.14001724,259272258.95151165,44545114.81149441,70743403.87142408,0
1605657599999,17663.5,17575.1825,1477.7147892137007,17751.8175,605.5823920049883,198719049.2731757,206328892.88299882,7609843.6098231375,71948125.46157861,0
1605743999999,17788.32,17703.04,3374.298076002062,17880.960000000003,1543.9789282207175,276790221.2337479,161662350.16915938,-115127871.06458852,83293754.12259367,0
1605830399999,17802.5,17713.4875,17257.053161860847,17891.5125,8102.484545040276,733814480.555839,406992374.1254832,-326822106.4303557,161055854.32692817,0
1605916799999,18663.0,18569.685,6062.5795965218595,18756.315000000002,2406.0254389247025,637209054.2343698,656778062.0562859,19569007.821916103,180056236.38942692,0
1606003199999,18713.0,18619.435,6884.491956154843,18806.565000000002,3206.4248368745193,795375365.6933285,519786488.7272135,-275588876.966115,206213466.93008012,0
1606089599999,18421.5,18329.392499999998,1034.351551706434,18513.607500000002,516.4798178784622,775358718.2203382,425546001.59378254,-349812716.6265557,204041122.68323,0
1606175999999,18369.4,18267.7025,2449.4204961087876,18451.2975,1167.7240810606004,851845761.9147248,442130158.0300161,-409715603.8847087,212931489.7555775,0
1606262399999,19160.0,19064.2,7556.651094347005,19255.800000000003,3041.720616941566,820546420.3129839,939653319.8257822,119106899.51279831,241443625.29057342,0
1606348799999,18737.5,18489.399999999998,664263.1843611432,19555.085000000003,447570.1790159395,758971089.0302596,290188899.75174654,-468782189.2785131,178118530.12294266,0
1606435199999,17154.0,16117.9125,30477.116141262966,19555.085000000003,269967.33691160614,325054534.83167917,99952140.97774275,-225102393.85393643,89870644.04255737,0
1606521599999,17141.4,16117.9125,22948.585251004486,19555.085000000003,203279.35285565731,246239014.86748254,75013919.48732933,-171225095.3801532,67670580.34014633,0
1606607999999,17717.7,16117.9125,20624.748014774108,19555.085000000003,182694.72315600674,176830104.60478294,79405423.26741344,-97424681.3373695,60818070.14521535,0
1606694399999,18181.09,18088.105,291.22503473163226,18269.895,202.8833139479121,161059313.73486003,98079408.1082566,-62979905.62660344,61658229.117351264,0
1606780799999,19712.0,19613.44,2081.8524175710077,19810.56,2395.889216698008,172613447.7694683,259293241.80910033,86679794.03963202,73687776.37487231,0
1606867199999,18770.5,18088.105,281.60810717663765,19959.4875,61910.53212687172,171364272.31965634,139704676.98790088,-31659595.33175546,70658160.37620765,0
1606953599999,19208.6,18088.105,276.73640161876955,19959.4875,60839.50513664425,149095671.11476794,169371368.4852822,20275697.370514274,69435802.98009194,0
1607039999999,19434.3,18088.105,264.1833940733295,19959.4875,58079.77146021513,135211266.98576626,186062663.25488335,50851396.26911709,66286133.64264956,0
1607126399999,18664.2,18574.1625,483.425417388182,18760.8375,416.87862811232026,178169588.47369716,136795733.9526338,-41373854.52106336,68328429.84074488,0
1607212799999,19147.62,19047.7825,2716.085057103307,19239.217500000002,1895.8884232176297,224736063.6464038,231563729.70163828,6827666.055234492,81877737.31029758,0
1607299199999,19369.7,19269.17,1146.089381589452,19430.652500000004,28761.413291271143,232515682.65021032,300914777.66051495,68399095.01030463,87044798.54224111,0
1607385599999,19172.88,19080.6175,355.7433298264106,19272.382500000003,279.32107687687676,260940244.08057812,251801449.5888108,-9138794.491767317,87971883.62826379,0
1607471999999,18322.0,18171.763333333332,348895.84434367897,19336.30416666667,903.7669762660759,353860550.6165882,158591980.0100738,-195268570.60651436,82552154.5526078,0
1607558399999,18537.98,18447.3,383.4997051509837,18632.7,693.948751959097,211616175.860148,191708977.13035342,-19907198.72979459,82594626.26320669,0
1607644799999,18253.51,18148.8,949.955774532756,18331.2,762.1086798641398,260641293.29923034,191424731.1059549,-69216562.19327545,86952091.17468211,0
1607731199999,18031.47,17935.87,926.8591568672805,18116.13,732.5638517460011,305526033.0902052,194583922.45380077,-110942110.63640442,90835558.18990141,0
1607817599999,18800.0,18685.6025,1600.3457357309856,18873.397500000003,2694.5274580490477,256643089.43618822,356320145.8403855,99677056.40419728,102748677.19470446,0
1607903999999,19175.07,19081.115,1632.6714496579182,19272.885000000002,2901.616228149078,267087151.17997265,486030512.93548876,218943361.7555161,114668289.8650759,0
1607990399999,19274.7,19017.191666666666,5329.016400213385,19436.7825,295810.93921474635,247131490.32116017,526121747.84901947,278990257.52785933,110465556.31150705,0
1608076799999,19421.8,19316.93,2092.642117969936,19511.070000000003,1306.855901086078,289296718.83472556,612777556.2503878,323480837.4156622,119376072.6647426,0
1608163199999,21346.8,21257.18,2552.9787655246746,21470.820000000003,1651.7813612625437,250556221.70796177,397880187.8079613,147323966.09999952,111882372.01033203,0
1608249599999,22800.3,21185.966666666667,8415.63905522468,23944.536666666667,427270.5543986787,178989488.81556657,160563936.85237175,-18425551.963194817,93304774.87931672,0
1608335999999,23117.0,23001.415,9210.826914604657,23232.585000000003,4547.184998846402,422339805.5854668,322983243.9370534,-99356561.64841342,135077216.09944606,0
1608422399999,23847.28,23729.2575,3837.5347944835416,23967.742500000004,1766.2701979043984,422364294.4793655,424877726.5476549,2513432.068289399,148186245.86921144,0
1608508799999,23468.5,23013.802499999998,421127.12636898545,24346.075,161615.01804597664,451678275.46523505,315770509.3218237,-135907766.14341134,140799268.1047463,0
1608595199999,22730.1,21691.451666666668,2557421.2010999634,24346.075,147876.93544168674,371348376.48970354,210430149.34387442,-160918227.1458291,123941173.98555781,0
1608681599999,23826.99,21691.451666666668,2251890.0278744004,24346.075,130210.30565107315,242468898.33454603,318705563.0414933,76236664.70694727,109134112.76213717,0
1608767999999,23233.4,21691.451666666668,1915243.7938816105,24346.075,110744.51980812044,236395554.00931183,192725300.62657562,-43670253.382736206,92819111.75998028,0
1608854399999,23732.8,21691.451666666668,1799204.4933168052,24346.075,104034.81702199363,197471560.40431082,238088037.10016927,40616476.69585845,87195459.64734465,0
1608940799999,24713.5,24589.9325,2985.3889011116266,24837.067500000005,1988.6731191845495,246726483.21078804,521853371.9943584,275126888.7835704,99830621.43741709,0
1609027199999,26508.83,26389.39,7298.284094603507,26654.610000000004,3517.239891147739,374960486.631794,344669412.2932021,-30291074.338591874,122564589.01026866,0
1609113599999,26297.5,25593.73,810204.4925940128,28498.9575,805863.1782899416,362567273.606102,119567153.96784,-243000119.63826197,109997386.80571486,0
1609199999999,27087.5,26952.0625,13701.13801127109,27222.937500000004,5769.976834166565,659538501.5563642,332589132.19167036,-326949369.3646938,169369402.28135893,0
1609286399999,27402.83,25868.5625,2218669.1784801446,27493.812500000004,75671.61438061185,439972906.8644043,358914507.19105583,-81058399.67334849,142580109.44362396,0
1609372799999,28906.99,25868.5625,1870564.0560490333,29041.590000000004,1335184.9315803356,275110286.84157056,563389056.4802473,288278769.6386767,115572230.07153817,0
1609459199999,28921.5,25868.5625,1484763.70559962,29469.440000000002,234047.44645311666,217892052.14045265,222185538.45161963,4293486.311166972,90675867.47978692,0
1609545599999,29333.6,29178.375,661.082442472213,29471.625000000004,478.86609757174097,221161933.86978114,125402730.34465037,-95759203.52513076,90310730.87520723,0
1609631999999,32199.91,32068.85,3483.8260691803503,32391.150000000005,2088.107168466301,255330455.38057563,125801918.35741986,-129528537.02315576,99807319.49609779,0
1609718399999,33022.4,32798.185,2771.885440512261,33127.815,1196.7710389009856,287215604.97809595,142915231.13208959,-144300373.84600636,108983432.71080656,0
1609804799999,32024.0,31863.88,6922.751673138067,32184.120000000003,3619.750425221245,383409699.1652782,212904323.81481472,-170505375.35046348,132641259.47033198,0
1609891199999,33999.52,28981.72,2944338.486850821,34995.71833333334,293147.1721396299,171047114.7089995,229059038.26165017,58011923.55265066,95988664.06457897,0
1609977599999,36775.5,36591.6225,16524.897272427002,36959.3775,6071.952234971394,593055665.4983217,330992981.27949077,-262062684.21883088,158840136.00912517,0
1610063999999,39498.92,36223.8675,223747.18672705925,42538.54666666667,1580753.1119803416,305921835.67463326,111445529.22932437,-194476306.4453089,128148033.05699393,0
1610150399999,40637.23,40438.2925,2834.6436131443056,40844.707500000004,1199.812973501304,347686719.2779071,187221535.69540802,-160465183.58249906,139239920.71148494,0
1610236799999,40136.04,38135.27416666667,846861.2977754102,41599.478214285715,52644.93559175961,311399114.7815174,146792194.7573731,-164606920.0241443,128012083.36226554,0
1610323199999,38175.9,37978.6525,2856.22774171949,38360.3475,1584.5083067156258,395122338.37053,143866963.95043626,-251255374.42009374,135747539.16220656,0
1610409599999,35377.5,29604.2775,8213586.461284382,38360.3475,1246.3169991614664,180188718.29260862,69215718.26299182,-110973000.0296168,89516878.28372172,0
1610495999999,34056.9,33908.605,1158.220389343123,34249.395000000004,990.88800432177,237093400.0114575,88381817.6297269,-148711582.38173062,95181276.7496826,0
1610582399999,37417.5,31977.461666666666,341550.0500259301,38360.3475,1126.7368073288794,148076832.58051857,98666484.6753971,-49410347.905121475,85524160.12378569,0
1610668799999,39167.5,38971.6625,6581.766716945216,39363.3375,2687.447250907898,311270509.1119331,216498106.14223692,-94772402.9696962,112993135.26139343,0
1610755199999,36748.8,31977.461666666666,329126.1967356345,40090.733928571426,124064.1930128694,200190898.00555673,119762058.52985595,-80428839.47570078,102090965.0171029,0
1610841599999,35995.5,31977.461666666666,319952.83804996003,40090.733928571426,120606.29341738397,210195961.43974707,103934750.09457229,-106261211.34517477,99245500.11653537,0
1610927999999,35869.83,31977.461666666666,292192.25611419335,40090.733928571426,110141.93588647936,194663692.00213572,93258010.96906349,-101405681.03307223,90634503.40047869,0
1611014399999,36662.0,36478.69,729.2948693836414,36845.310000000005,514.610699624037,197189984.44297573,119406043.2684176,-77783941.17455813,93467152.06709544,0
1611100799999,35891.03,35797.82428571428,34140.29216731229,36070.957500000004,568.6125859303576,260044429.16335413,119474346.7019316,-140570082.46142253,97592376.4193019,0
1611187199999,35498.1,33179.11,391203.200057989,36429.872500000005,8556.14812512529,218936980.9643081,108584857.67847738,-110352123.28583074,94450022.06451589,0
1611273599999,30879.97,29604.2775,4837445.104380899,36429.872500000005,6800.49179801518,295964670.3382888,49977885.794198714,-245986784.54409006,70241327.60655805,0
1611359999999,32969.5,32804.6525,13592.026453363233,33134.3475,8551.452907898542,490580490.4780068,322592257.41690314,-167988233.06110364,132106184.82758409,0
1611446399999,32088.2,30936.380833333333,2879863.427312748,33464.0425,86236.31436772965,290271529.7105668,155507792.44908115,-134763737.26148567,83461994.58344324,0
1611532799999,32245.6,32063.3775,2840.832482361177,32385.622500000005,2128.6710709812983,347800212.0001879,226315423.01598355,-121484788.98420432,97978996.27035113,0
1611619199999,32267.9,32123.0775,3553.363212460518,32445.922500000004,2681.120019881504,438022376.3590615,234792997.37004703,-203229378.98901445,112777589.00823402,0
1611705599999,32474.14,30831.6975,644617.8963191678,33045.49178571429,121553.83345242715,299374338.72041065,236255069.65508705,-63119269.06532359,104124185.73386973,0
1611791999999,30375.0,30223.125,987.7644513012012,30526.875000000004,904.9408265689995,330185802.81638604,174669930.3050375,-155515872.51134855,101169361.11358361,0
1611878399999,33380.9,33192.205,2768.4559423377173,33525.795000000006,1660.86362821025,256223594.791461,376839526.09440315,120615931.30294216,112257464.90104182,0
1611964799999,34223.2,34050.89,12216.866156117145,34393.11,5442.211387688483,542677144.1399684,291539481.5686464,-251137662.57132202,150796672.51729903,0
1612051199999,34289.85,32682.01,1390318.7849145473,35028.66142857143,154781.70596214468,271334344.3725388,173606601.06807995,-97727743.30445886,89161330.80267762,0
1612137599999,33126.21,32111.643333333333,2302935.0906832376,35028.66142857143,150669.90425548167,324930402.10578495,126170824.7591764,-198759577.34660855,85439360.51691681,0
1612223999999,33546.09,32111.643333333333,2240402.0990662314,35028.66142857143,146578.673070608,273791081.0393708,133985254.37873223,-139805826.66063854,83119373.80231878,0
1612310399999,35504.06,35328.9675,2922.9538953578576,35684.0325,1213.4511399833093,266977158.3863184,225961565.10733205,-41015593.278986335,93968581.72034454,0
1612396799999,37623.2,37414.4875,13488.353955586237,37696.067500000005,386773.8869540873,556212548.8944337,579669797.6150905,23457248.720656753,148019027.64668936,0
1612483199999,36985.0,36801.07,8852.384412923671,37170.93000000001,4923.252514708288,795121625.1003622,440888514.38058627,-354233110.7197759,186058655.42608875,0
1612569599999,38310.2,38096.56,10825.041485679863,38479.44,5060.825603865349,846034040.4116142,915208366.585483,69174326.17386878,232466244.50272384,0
1612655999999,39270.0,39122.405,7558.582654165964,39515.595,5252.924817089104,889594290.358388,527112382.03909224,-362481908.3192957,251218281.67679396,0
1612742399999,38825.5,38631.3725,7072.083553257056,39019.6275,3491.6709377215975,1055256083.2558575,564312211.6381997,-490943871.6176578,278219701.5936015,0
1612828799999,46400.0,46168.0,18022.550136424867,46632.00000000001,6111.000733672371,950320041.9268734,560196614.3665377,-390123427.56033576,306219624.9920561,0
1612915199999,46448.0,44776.0,1860924.660287726,48265.32750000001,493651.2614507421,786417063.8915211,409376139.8717594,-377040924.0197617,270910423.5298038,0
1613001599999,44826.5,43538.666666666664,3819461.111946784,48265.32750000001,362203.2673395298,642322992.6197876,211649312.4704257,-430673680.14936185,195163179.54539853,0
1613087999999,48018.0,43538.666666666664,3761636.858398434,48850.1225,291771.07399836736,417648278.803725,460807348.6501422,43159069.84641719,190970498.95836464,0
1613174399999,47361.03,47132.155,1110.2640795560199,47605.84500000001,550.1430247945137,467212530.4447012,297193439.3237557,-170019091.1209455,191699409.5060071,0
1613260799999,47205.3,46252.445,49635.155536547914,48485.555,24594.540259234644,446902092.44568187,267351056.1343046,-179551036.31137726,180937418.01007134,0
1613347199999,48655.21,48447.0475,628.0978436979448,48933.95250000001,262.89729489567884,404001799.6714127,346199488.4107745,-57802311.26063818,179576681.83905515,0
1613433599999,47971.8,45711.085,111820.69661738252,49420.857500000006,3777.644783437422,393257102.6802243,253555990.23608753,-139701112.44413677,167874017.79567817,0
1613519999999,49174.0,48928.13,1150.1705270931027,49419.87,492.1249173711764,383778552.6105873,242289495.10107547,-141489057.50951183,166941056.75389865,0
1613606399999,52180.5,51919.597499999996,4061.9436213781114,52441.402500000004,1557.5616621366014,418957134.69261754,226210732.78375766,-192746401.90885988,176109701.29885146,0
1613692799999,51583.5,51312.15,3368.8161131963643,51827.850000000006,1657.9213361287254,537709284.5201175,237368554.43329886,-300340730.0868187,189660007.60599613,0
1613779199999,55933.0,55653.335,7676.664183319841,56212.66500000001,2809.6894637187806,559189648.491608,340473386.3047013,-218716262.1869067,211159770.0006477,0
1613865599999,55890.5,55611.0475,545.3698111941114,56169.95250000001,257.5468469822736,543183248.9425286,213055212.76220006,-330128036.18032855,208204130.87692332,0
1613951999999,57459.0,55424.745833333334,1694.475152055012,58405.57250000001,44759.13023225152,425108906.41225654,262065237.54421338,-163043668.86804315,189737934.71284646,0
1614038399999,54114.8,47452.909999999996,100646.24589694905,58405.57250000001,38800.82993191794,309480679.46905506,103792816.49754101,-205687862.97151405,152995812.7773358,0
1614124799999,48899.0,44502.47,396951.69478527916,58405.57250000001,31872.984259224442,281773288.76891667,49565129.88231233,-232208158.88660434,118119152.94985406,0
1614211199999,49702.03,44502.47,374022.456146306,58405.57250000001,30031.895603307978,250155104.1300998,49916058.804773964,-200239045.32532585,111296201.2370881,0
1614297599999,47120.0,44502.47,348970.97601569194,58405.57250000001,28020.40291449292,292470396.9702948,38078597.17450042,-254391799.79579437,103841741.65430407,0
1614383999999,46321.5,46091.8825,2367.7207512111895,46555.11750000001,1328.5257898581842,372536878.66551405,76217144.8890978,-296319733.77641624,113647053.1641397,0
1614470399999,46123.2,44702.1775,250762.38787782367,48408.05750000001,231303.74875332444,345452994.5073344,59611954.041563906,-285841040.4657705,104050382.45257618,0
1614556799999,45156.0,44930.22,824.6217075607456,45381.780000000006,548.0828760443833,340858654.2580617,68707638.77003744,-272151015.48802423,104042105.28606236,0
1614643199999,49600.0,49354.985,7101.560679769224,49851.01500000001,4259.238054725254,413394180.9073693,222014736.73898017,-191379444.16838914,136939375.1240618,0
1614729599999,48463.8,46544.14833333333,2173738.253320709,50347.045000000006,62050.88172530852,370436882.0444522,155433951.02534136,-215002931.01911083,127471361.06402187,0
1614815999999,50373.75,50132.08,831.2035561723524,50635.920000000006,556.8748661025753,314248231.56459975,173000736.73761037,-141247494.82698938,128241724.94657837,0
1614902399999,48389.8,48154.02,1672.4680045002508,48637.98,931.3268823841422,437357878.0919057,150969552.0649037,-286388326.027002,134534813.44173643,0
1614988799999,48770.57,46218.18,312518.7532172145,49536.76285714286,43492.06729127982,338921768.2055499,157914474.6811397,-181007293.5244102,129991794.83830646,0
1615075199999,48874.0,48629.63,954.3915074849989,49118.37,719.679027742744,357361464.1252769,181493258.00159857,-175868206.12367836,133711971.99824229,0
1615161599999,50979.9,50724.6025,6318.758247540106,51234.39750000001,4193.655481900225,460133645.35524607,367165376.9236359,-92968268.43161017,164043204.5950273,0
1615247999999,52394.3,49195.2175,695321.4506715261,52651.280000000006,95954.96277306971,353901443.6541999,742921498.352141,389020054.6979411,155652783.57731023,0
1615334399999,54917.78,54649.8775,1539.484217647469,55170.48000000001,277030.6850913509,330614474.5701935,539830036.0048622,209215561.43466866,154703615.89131537,0
1615420799999,55931.0,55651.345,7235.30841021562,56210.655000000006,3174.974936419371,496295336.185246,382528980.118472,-113766356.06677401,181648178.27098247,0
1615507199999,57810.0,57520.95,1915.1266892596282,58099.05000000001,796.1129955689771,436038869.4114134,693671723.5578082,257632854.1463948,186298059.08438233,0
1615593599999,57238.0,56951.81,3408.2388794902804,57524.19000000001,1666.103777529062,526283272.12892425,557676347.4958905,31393075.366966248,199255618.7419838,0
1615679999999,61267.41,61003.9475,7798.4224268592825,61617.052500000005,4864.89243815398,586456303.6518644,455333806.4509685,-131122497.2008959,219642529.18920872,0
1615766399999,59037.12,58551.5275,1299019.707778076,61821.420833333344,14487.749740640049,728559154.8634231,254718268.22619864,-473840886.63722444,191824057.73296934,0
1615852799999,55646.61,55341.9,4571.101056753787,55898.100000000006,2607.8094861622917,745872313.8278856,252482185.8997409,-493390127.9281447,204281151.63209248,0
1615939199999,56938.0,56653.31,2561.025756995366,57222.69000000001,1518.598017902114,571348012.0598007,356548522.0841047,-214799489.97569603,209812855.87649298,0
1616025599999,58883.0,53426.823333333334,738994.829750962,59049.90000000001,743851.3367598853,411596181.52976143,610173737.5975084,198577556.067747,185958800.2109897,0
1616111999999,57686.0,53426.823333333334,688592.0018707801,60449.17666666667,408310.7896622797,422058422.45854473,244835063.2748362,-177223359.18370852,172342485.8139301,0
1616198399999,58089.11,53426.823333333334,629486.0861980066,60449.17666666667,373263.06468653836,372817260.03846467,237898933.58282113,-134918326.45564353,157549313.07059363,0
1616284799999,58145.61,57893.08,7599.740427410776,58474.920000000006,3952.632402759725,578590800.8660777,356670761.28264105,-221920039.5834366,191715212.81224957,0
1616371199999,57351.0,57064.245,3301.2913210810198,57637.755000000005,1640.731949776239,624120758.9075583,354494724.4792097,-269626034.4283486,202105816.72109067,0
1616457599999,54111.0,53840.445,281.6386422586234,54381.55500000001,230.11680707810382,936691814.5778862,238269045.97821707,-698422768.5996692,196685845.8956094,0
1616543999999,54400.0,53002.1425,99741.90244181015,56004.88500000001,24686.96406169889,733114462.742512,227699233.03800234,-505415229.7045096,181882787.0108081,0
1616630399999,52311.54,51676.005,45679.0605976995,57447.84500000001,63508.76754129566,642427147.0983875,171566583.89985776,-470860563.1985297,158155705.4295709,0
1616716799999,51325.21,50336.1,1546110.6271878625,57447.84500000001,62301.62857095174,606961014.4402367,155654981.20543733,-451306033.2347994,151846378.42503166,0
1616803199999,55000.0,54725.0,3190.0873541296683,55275.00000000001,1991.8159530401042,437357184.75817025,275644747.7237324,-161712437.03443784,166239357.39295533,0
1616889599999,55828.0,55580.2025,3849.0683905227847,56138.79750000001,2772.78049363438,496599265.6753907,387655918.51557666,-108943347.15981406,184756856.60416403,0
1616975999999,55773.0,55481.2,1618.6582171441596,56038.8,1236.654729664791,532402257.0967518,415145265.85733396,-117256991.23941785,191439425.13601992,0
1617062399999,57677.64,57420.9525,3701.3153257211993,57998.04750000001,2365.6864266502735,524974433.6381276,537819240.3693446,12844806.731216967,205410519.5251179,0
1617148799999,58765.2,56843.8575,55777.5607380646,59555.48,143996.69641365064,455198031.17019176,605942112.4332502,150744081.26305842,199921000.29195285,0
1617235199999,58814.7,58565.2025,5032.103360525786,59153.79750000001,2350.2854671437,588428305.3475647,651746968.6654508,63318663.317886114,220207343.27544683,0
1617321599999,58768.7,57976.6075,69767.75958301495,59742.39250000001,32585.608775333774,532103674.31107616,579345217.529163,47241543.21808684,198910866.68681392,0
1617407999999,59020.0,58724.9,2725.2941205961724,59315.100000000006,1260.3090015537964,582687147.004599,578608989.5505546,-4078157.454044342,207460201.37558484,0
1617494399999,57134.65,56849.325,3540.7683065659758,57420.67500000001,1873.3947973456222,938611101.9221939,449757338.35198385,-488853763.57021004,221162399.04690382,0
1617580799999,58230.7,56364.1,485229.2859734157,58481.75357142857,84327.60177709801,630258799.3148677,539972869.0595772,-90285930.25529051,209635394.8117488,0
1617667199999,59243.39,56364.1,474295.0159238653,59706.07500000001,329823.5471259978,538750008.3715218,667966383.5333065,129216375.16178465,204628361.21629277,0
1617753599999,58026.5,56364.1,452380.98200303863,59706.07500000001,314584.5837025097,607574987.0942948,452925914.3707708,-154649072.72352397,195173836.84998554,0
1617839999999,56015.2,55677.215,2108.524299607946,56236.785,1130.5046316367122,916956492.3186142,362497597.2819281,-554458895.0366862,201187921.09985885,0
1617926399999,58083.0,57758.2575,7745.599298716136,58338.74250000001,5220.657359599665,780748098.637656,679054175.0068729,-101693923.63078308,239051806.07763374,0
1618012799999,58128.0,57564.762500000004,24264.806717540847,58919.22750000001,74088.58700070911,714814797.5998855,602379018.4258658,-112435779.1740197,220832456.97618207,0
1618099199999,59806.0,57564.762500000004,23492.042494458525,61675.90000000001,183016.02261941525,553205966.1821353,483072687.99987817,-70133278.18225718,204623191.36205402,0
1618185599999,60073.5,59733.3325,2593.8090075799614,60333.66750000001,1204.2729131587664,602371468.8516009,543183176.2088116,-59188292.642789245,214100587.16174397,0
1618271999999,59911.18,59132.9975,39326.6488245264,61448.57535714286,56343.06794905256,605941058.7838902,515589543.5072751,-90351515.27661514,211485643.11339834,0
1618358399999,63587.5,63269.5625,8430.980303823077,63905.43750000001,3254.801228566613,666638489.6145935,780564350.4127172,113925860.79812372,236122634.63442937,0
1618444799999,62970.0,62606.395,1435.054937178118,63235.60500000001,703.0357661457323,719756236.3650136,547257552.1289805,-172498684.23603308,237374092.75364786,0
1618531199999,63232.55,62942.2075,5314.414024306207,63574.79250000001,2453.814063321383,831265157.3313316,646331359.1539433,-184933798.1773883,258761522.8925187,0
1618617599999,61313.0,60089.555,227081.26259415684,63574.79250000001,2072.907852396286,765980115.1456558,388759742.87593484,-377220372.2697209,214592578.48517963,0
1618703999999,60065.5,59765.1725,5432.043763133647,60365.82750000001,3334.5976420515726,1348863815.802537,430281381.4692323,-918582434.3333046,239203696.61415312,0
1618790399999,56120.1,50462.8,392219.4442976245,60566.045833333344,9561.439012257497,339075732.50558513,236228319.78354776,-102847412.72203737,159011237.59493223,0
1618876799999,55626.0,55347.87,18325.55193323635,55904.130000000005,16761.014744445885,852268556.9100659,737197034.0858457,-115071522.82422018,266448714.01540506,0
1618963199999,56411.5,53122.829999999994,3401526.5641606366,57572.91000000001,1892501.9939216985,640259464.0080019,801713670.1263937,161454206.11839175,256623990.20589778,0
1619049599999,53800.0,53122.829999999994,2956476.0442895787,57572.91000000001,1644889.9349343828,989446400.3139782,435273580.99696386,-554172819.3170143,223047694.3495953,0
1619135999999,51732.5,50462.8,315738.4381728533,57572.91000000001,1573354.6919746061,889831194.2991743,335575487.5826108,-554255706.7165635,205707597.23761612,0
1619222399999,51100.5,47511.100000000006,770015.2878498875,57572.91000000001,1366183.495735942,414465320.7555156,275656404.5280152,-138808916.22750038,164975767.84109768,0
1619308799999,50055.5,47511.100000000006,714680.0056088408,57572.91000000001,1268006.030271976,450594133.14682716,235080150.62013575,-215513982.5266914,153120179.37821528,0
1619395199999,49044.9,46838.12,1277570.8062610028,57572.91000000001,1196928.3399436923,471847776.4082542,205837795.80599654,-266009980.60225767,142736557.7001474,0
1619481599999,53999.0,53746.915,7550.671430244309,54287.08500000001,6199.941786599545,461442093.46705943,509388589.779859,47946496.31279957,183918187.01750582,0
1619567999999,55002.6,53206.745,104329.3405531457,55907.59500000001,643435.0515345007,352951664.0862726,546514288.3630251,193562624.27675247,165184458.2653808,0
1619654399999,54861.77,54552.865,1589.035634223443,55101.13500000001,1219.217511445168,398261222.87661326,487021166.62134516,88759943.7447319,170350745.0022002,0
1619740799999,53532.8,52359.784999999996,272053.5784443952,55283.89166666668,3731.820168746564,421846910.6567845,356400417.3800752,-65446493.27670926,153268641.2006779,0
1619827199999,57678.0,57389.61,2434.5300120973125,57966.39000000001,1501.336677173291,324827485.2877797,874298734.0130333,549471248.7252536,160831599.07300326,0
1619913599999,57829.5,57540.3525,697.1556894992165,58118.64750000001,524.6521149672017,333139486.5972103,683350333.444849,350210846.8476387,160896675.09602037,0
1619999999999,56599.5,55805.4675,77357.62445058503,58118.64750000001,505.04950296321124,371581650.63488984,465051105.1801352,93469454.54524535,154694791.76902682,0
1620086399999,57199.5,56913.5025,4264.814455480284,57485.497500000005,2978.915640859298,450053390.12899035,618595195.3137728,168541805.18478245,175444309.31745535,0
1620172799999,53252.0,52359.784999999996,225120.59748814735,57485.497500000005,2650.989297246283,576816936.7003481,297573559.8710884,-279243376.82925975,151847395.54666767,0
1620259199999,57497.77,57193.595,3555.318231042719,57768.405000000006,1346.5810246466597,385429007.8151056,634870407.7470044,249441399.93189877,165356894.57943717,0
1620345599999,56363.0,54894.354999999996,581696.5240351472,58547.77392857143,107151.54665401092,362406061.07212406,412345311.4363342,49939250.36421013,142156378.52928156,0
1620431999999,57350.88,57094.095,5326.7311311567055,57667.905000000006,2911.4496550656904,461597147.4456244,595940747.8646141,134343600.41898972,166072359.29804438,0
1620518399999,58893.0,58598.534999999996,99.60214318653371,59187.465000000004,42.85763284476348,371546974.65725327,633480410.478745,261933435.82149172,159830663.79741487,0
1620604799999,58259.2,56242.814999999995,17300.240111212694,59383.77500000001,133.08537624773663,362747151.37458473,477313914.59864265,114566763.22405791,146397716.19693944,0
1620691199999,55810.5,55521.995,774.8398718911589,56080.005000000005,531.5354174072784,391449157.7106728,326138915.4808206,-65310242.2298522,144128259.2883553,0
1620777599999,56687.2,56400.58,9358.838770602224,56967.420000000006,6725.452636858643,601917070.1794176,573744508.1344091,-28172562.04500854,192535779.62151426,0
1620863999999,49600.0,47408.865000000005,55203.20523425584,58020.12285714286,249122.21439706354,435695958.39764947,200330369.93343967,-235365588.4642098,131032338.69765037,0
1620950399999,49707.9,49466.9225,5771.099591293862,49964.07750000001,4352.63447377425,436079303.20581037,332376965.3370468,-103702337.86876357,150805925.5524729,0
1621036799999,49850.5,49601.2475,2853.8919234755617,50099.7525,1345.568929996874,488205286.83698505,345556194.1598203,-142649092.67716473,161254198.464267,0
1621123199999,46793.41,45630.62,5261720.583335529,51025.5475,59250.12218734011,701953494.9018097,227803951.02738377,-474149543.8744259,144493187.15811208,0
1621209599999,46429.28,43798.380000000005,37448.81349962729,51025.5475,57482.42360845515,254742925.7802114,214440055.20153925,-40302870.57867214,125324713.10970987,0
1621295999999,43562.8,42005.302500000005,54770.04507269842,51025.5475,53038.72868418764,283432882.11607635,160999472.1724151,-122433409.94366124,112353001.67026244,0
1621382399999,42882.53,42688.9825,2000.7477085812056,43118.0175,1597.1271790738922,381442519.3824803,200824885.59856647,-180617633.78391385,122266739.71624401,0
1621468799999,36715.5,28753.69,49618.63919368942,43914.79678571429,69894.61332523219,33397546.75583588,115679599.6084507,82282052.85261482,74267691.16889441,0
1621555199999,40500.5,40297.9975,97336.66126551629,40703.0025,58110.75453544459,2698795967.809815,1923376243.4754665,-775419724.3343484,557497000.038691,0
1621641599999,37227.5,32602.902500000004,63138986.31729636,42323.02250000001,9029025.350914229,724089515.2210017,693644095.0247211,-30445420.1962806,348851894.5158167,0
1621727999999,37437.0,32602.902500000004,41645040.33488338,42323.02250000001,5955339.907326036,462282553.79917604,469795341.69978553,7512787.900609493,230094755.85358062,0
1621814399999,34658.0,28753.69,14107.309856994878,42323.02250000001,3167120.820272201,109603101.80751641,184903781.2432315,75300679.4357151,100219786.61877081,0
1621900799999,38802.2,28753.69,12384.895279028517,42323.02250000001,2780435.1143285697,68392838.89202844,267276965.1552831,198884126.26325464,87983571.84312452,0
1621987199999,38326.84,28753.69,11616.880981131999,42323.02250000001,2608014.2844331563,66207848.13155004,232683083.80226487,166475235.67071483,82527516.26007184,0
1622073599999,39237.0,39040.815,1085.91794726326,39433.185000000005,763.4896944960851,91518653.35336597,290615226.1008329,199096572.74746692,87338889.44298264,0
1622159999999,38527.38,36817.385,325386.0646606384,40610.295000000006,81783.16785851384,80411487.92863722,235730603.43769246,155319115.50905526,80740053.77786782,0
1622246399999,35670.99,35471.75,551.5914809489883,35828.25000000001,514.555454690424,98465982.73257594,177556363.50343353,79090380.77085759,82259061.87307711,0
1622332799999,34611.94,34439.935,1230.2230342512526,34786.065,1028.8002789379887,139933575.18173966,182948674.4382527,43015099.25651303,87957216.79687306,0
1622419199999,35652.6,35483.1925,2889.985897935498,35839.8075,1988.1290854171061,186651766.15148777,257070460.5593556,70418694.40786782,101364263.47117557,0
1622505599999,37243.38,37054.795,4616.358699987407,37427.205,3054.135941784164,255740572.20492226,425885724.0981001,170145151.89317787,122510944.2487136,0
1622591999999,36689.0,36464.76,7862.203961807853,36831.240000000005,6302.094131086581,464541543.3934134,512788161.1317055,48246617.7382921,163536564.27814335,0
1622678399999,37560.5,35784.154285714285,357062.37750059436,38297.16,1145236.0870907004,344036564.0598104,561893108.3936198,217856544.33380938,154916072.90558654,0
1622764799999,39247.4,39028.3775,4205.739399271167,39420.622500000005,2781.2983702984616,373045098.9576684,792623163.2018411,419578064.2441727,169687504.50802776,0
1622851199999,36830.6,35565.155,745622.8041818653,39420.622500000005,2529.8304222493502,448755657.5943486,344491790.09572506,-104263867.49862355,151368338.76037914,0
1622937599999,35507.5,34388.04,2124212.4507633513,39420.622500000005,2458.3732956432505,408550785.28824914,275957032.07096016,-132593753.21728897,141070233.82934785,0
1623023999999,35801.0,34388.04,1910348.0544348923,39420.622500000005,2210.8657920346477,333765967.56725687,258039223.66450793,-75726743.90274894,126867368.04354972,0
1623110399999,33563.7,33402.6475,389.38776862397697,33738.3525,363.62822615668046,588486374.60333,207428840.31925976,-381057534.28407025,122908583.05408841,0
1623196799999,33363.9,33185.7375,2870.372892328465,33519.262500000004,5331.622515969096,278452843.281285,364290434.1339315,85837590.85264653,138129159.71160495,0
1623283199999,37379.9,37227.4275,6012.858610992411,37601.5725,9718.013500287834,322891929.85548145,711449699.6657733,388557769.8102918,178322296.22381416,0
1623369599999,36689.5,36506.0525,6561.319623832211,36872.9475,5319.758696334256,507881325.52940524,728504916.5870999,220623591.05769467,211544814.2430494,0
1623455999999,37300.42,35824.67607142857,262309.8287331019,37973.63250000001,517660.33577815146,352192213.42803305,717923186.1703165,365730972.7422834,178174193.29953793,0
1623542399999,35537.05,35347.375,933.4128239102602,35702.62500000001,822.2965598995937,409600884.4071694,491632237.1089238,82031352.70175439,177127959.80907986,0
1623628799999,39026.0,38830.87,1624.3780958534105,39221.130000000005,1329.0794913266511,268737741.2947236,1121036361.6734455,852298620.378722,178091037.1192772,0
1623715199999,40494.5,40292.0275,11223.540497906542,40696.9725,7559.53869873047,530585499.27723485,884395635.9547008,353810136.677466,216915532.13900477,0
1623801599999,40140.5,39539.98678571429,486508.24405242706,41362.535,422206.7694098427,524959206.02664375,707829964.2179457,182870758.19130194,198142483.47165635,0
1623887999999,38346.9,38106.10142857143,68695.6638402189,41362.535,416700.7028704058,830417213.487229,476621137.5655529,-353796075.9216761,191961073.5909857,0
1623974399999,38069.7,37906.515,6282.535090533891,38287.48500000001,4898.179934526909,662837524.4137144,598188442.986895,-64649081.42681944,221109348.7898746,0
1624060799999,35811.41,34687.625,36920.82484071773,38287.48500000001,4688.398298215526,570234969.3524084,395067634.5202288,-175167334.8321796,200692750.00439584,0
1624147199999,35500.0,34687.625,35985.31277919581,38287.48500000001,4569.602112699043,624291835.7468002,370384086.022734,-253907749.7240662,195607528.7898777,0
1624233599999,35608.5,33334.291666666664,240508.8383889689,38287.48500000001,4485.525909170994,395791837.31682,368453329.1716933,-27338508.1451267,184957371.99610007,0
1624319999999,31613.5,30668.085000000003,4050996.0271942955,38287.48500000001,3992.3925198079223,543799257.4439255,219123132.43463534,-324676125.00929016,153455060.04801467,0
1624406399999,32496.0,28753.69,4006.886286490555,38287.48500000001,3718.8288736042527,176362332.43393987,220542501.32161024,44180168.88767037,128813679.511845,0
1624492799999,33649.0,33473.79,9307.015379913211,33810.21000000001,9235.150136371514,405497603.48213196,527065120.5275933,121567517.04546136,185076709.1207034,0
1624579199999,34656.5,32128.109999999997,1586932.930000879,35716.590000000004,2679492.366719032,252565935.7616531,482475629.72857195,229909693.96691886,161918784.711519,0
1624665599999,31579.6,30446.010000000002,4547310.183056587,35716.590000000004,2628881.0155892777,365716137.609748,277702543.5823614,-88013594.0273866,154654099.7856644,0
1624751999999,32255.56,28753.69,3407.634942405281,35716.590000000004,2561882.3977720216,211422790.27985892,293790148.14556885,82367357.86570993,146281227.55977568,0
1624838399999,34690.5,34517.0475,2967.641100828206,34863.95250000001,5031.602282765775,238763817.83025372,615219431.611874,376455613.78162026,169511670.78277075,0
1624924799999,34487.22,33872.79535714286,137522.22696107774,35508.20464285714,233167.39713413495,240364530.5007472,554123074.2418056,313758543.74105835,165720123.06088427,0
1625011199999,35918.5,33872.79535714286,135373.36491095432,36829.747500000005,1562783.8991050303,185775044.19565058,663444328.7747309,477669284.57908034,158984643.13156232,0
1625097599999,35031.39,34842.909999999996,8442.69796992573,35193.090000000004,6972.142637640789,438678983.08338577,700087266.3923986,261408283.30901283,205162254.78480417,0
1625183999999,33490.0,32551.252500000002,803396.6304918812,35193.090000000004,6147.654272768053,343679672.3938907,433306515.6575739,89626843.2636832,174854979.33401296,0
1625270399999,33760.94,33584.7325,7957.731442767891,33922.2675,6581.425429920394,532557270.3085309,651692007.6373401,119134737.32880914,218123318.9135226,0
1625356799999,34652.94,34476.2525,7096.937907516093,34822.747500000005,4937.87731626102,605071038.8468727,1028198714.3479074,423127675.50103474,252624852.8797517,0
1625443199999,35280.16,35116.534999999996,1928.6199015483917,35469.465000000004,3683.688085571866,562067118.6068865,1024558139.9978219,462491021.3909354,261871470.13405284,0
1625529599999,33679.0,33510.605,365.57560097089396,33847.395000000004,320.6381417769044,834683192.2096517,669086539.9951998,-165596652.2144519,258915984.18047607,0
1625615999999,34206.01,33510.605,332.2790136869853,35194.55500000001,55224.58833793591,606051218.2118597,677814188.8508866,71762970.63902688,235280792.91635227,0
1625702399999,33851.0,33510.605,299.1445162635317,35194.55500000001,49717.653188193435,625562428.4601053,564775458.1871468,-60786970.27295852,211818845.52816278,0
1625788799999,32854.0,32689.73,6515.558683335707,33018.270000000004,5468.087407811008,775034853.9042139,633828168.6311295,-141206685.2730844,240415706.90611088,0
1625875199999,33815.5,33650.9,4198.457443614876,33989.100000000006,6085.143282320062,664310973.0345753,954256918.1775349,289945945.1429596,268565883.6130404,0
1625961599999,33500.5,32636.3,468384.1364762662,34327.3,90383.05509499715,690820734.1766951,818819663.7991874,127998929.62249231,259629162.31316376,0
1626047999999,34253.81,34062.83,3779.844241886103,34405.170000000006,2668.361496219442,659873027.7966751,1081688810.3751247,421815782.5784496,275658298.50272536,0
1626134399999,33081.3,32946.9375,1123.3231526651439,33278.06250000001,2388.2848602196177,988456745.172544,802529202.3582425,-185927542.8143015,282462189.9219628,0
1626220799999,32720.0,32556.4,3935.9368398835954,32883.600000000006,3112.1283454344125,1124720523.8083508,825166015.1746657,-299554508.6336851,299193436.31791484,0
1626307199999,32803.01,31574.8,426518.4867529153,33210.8,44900.484196579935,705971142.918575,790723139.4605268,84751996.54195178,272135072.3487177,0
1626393599999,31866.43,31070.5625,306984.82845951914,33210.8,40949.581286207365,716732376.6414642,590512537.7571251,-126219838.8843391,242878838.35778975,0
1626479999999,31382.95,31227.079999999998,6214.038850329246,31540.920000000002,4962.3529409528155,1122840560.1374772,689457026.0615731,-433383534.075904,274590334.9657321,0
1626566399999,31509.0,31122.466666666667,20365.498893541295,32123.765714285713,227342.00042220578,980787200.2623726,680040859.3090355,-300746340.9533371,265540817.21834183,0
1626652799999,31760.6,30981.77,1578742.9901240643,32482.440000000006,521243.87197951623,795421349.8133972,671355799.8404129,-124065549.97298431,249895056.81263357,0
1626739199999,30823.62,30661.4225,647.9176432689815,30969.577500000003,799.869100669977,741444696.0599356,566422054.4733361,-175022641.58659947,242968908.2901494,0
1626825599999,29765.0,29616.175,11032.599502473919,29913.825000000004,9366.815521916089,971679338.0771278,756307337.521839,-215372000.5552888,295372375.18506104,0
1626911999999,32119.1,31928.555,2626.3455017536353,32249.445000000003,4052.6962334412024,590402756.6393569,906639360.6907718,316236604.05141497,299305135.4092042,0
1626998399999,32283.5,31607.665,39598.23501860417,32570.335000000003,61103.772448698364,559949227.5936401,935545442.0833172,375596214.4896771,294022792.4729553,0
1627084799999,33634.46,33609.18750000001,26249.85643179288,33742.9725,420093.5098532102,499380061.3048483,1493631936.1229725,994251874.8181242,292534799.26276517,0
1627171199999,34230.0,34052.88,6526.8180673119505,34395.12,12120.691769606367,603561690.5084995,1751117056.346265,1147555365.8377657,342207709.8702286,0
1627257599999,35370.66,35171.7575,5212.074702827015,35421.840000000004,1381087.101294463,629136262.4681524,4648095811.308784,4018959548.840631,377839306.5224196,0
1627343999999,37235.0,37048.825,10551.157593894703,37421.175,6750.171393970054,764687592.1614586,897154642.1352057,132467049.97374713,340942677.32259893,0
1627430399999,39442.33,36357.31785714286,344602.02858074574,39531.15833333334,1501078.1245196888,376891067.06792754,1624543103.8460817,1247652036.7781541,233260591.64613515,0
1627516799999,40003.08,39795.025,7717.287736965295,40194.975000000006,5588.157095494063,564406653.7228862,1296770304.0852108,732363650.3623246,267985468.3048101,0
1627603199999,40012.9,39790.5475,2483.285344798293,40190.45250000001,1929.1603771872785,612155886.3433028,1339474256.822792,727318370.4794892,278388729.21461135,0
1627689599999,42205.4,41998.4525,5022.689174912372,42316.75250000001,228109.07927585577,562086435.8848925,1840596393.372055,1278509957.4871626,276171183.3783108,0
1627775999999,41448.11,40732.167499999996,527910.6622921728,42452.375,92297.83646538058,569993018.1856055,908075410.0959699,338082391.9103644,251109973.96638575,0
1627862399999,39840.7,38199.5975,2313378.2959426725,42601.75,30222.257077081733,558184656.9122939,502789862.6645554,-55394794.24773854,224495854.3134052,0
1627948799999,39157.5,38969.175,3890.7167607984306,39360.825000000004,3128.365875984228,777807365.8263323,535854834.67775553,-241952531.1485768,243775583.97853592,0
1628035199999,38208.1,38017.4575,69.45529336637038,38399.5425,57.23935608210629,789731094.4558662,444370678.6567618,-345360415.7991044,236806859.05062228,0
1628121599999,39731.31,39516.9225,3985.716518744773,39914.07750000001,2671.167841222172,577057371.21476,682868875.9225152,105811504.70775521,251483491.13249972,0
1628207999999,40876.2,40644.2575,9060.619806157425,41052.74250000001,6266.214633971273,704699782.9499981,1027272231.5924708,322572448.6424726,293292730.93610114,0
1628294399999,42825.43,39418.8025,925169.671868204,43488.47250000001,1294511.3369850118,463008112.76275396,1185180483.4920042,722172370.7292502,249011631.5045021,0
1628380799999,44591.3,44355.6075,16684.010463008377,44801.3925,12579.345633523093,849313680.2862307,1764511992.8135498,915198312.5273191,319585516.2458902,0
1628467199999,43806.0,43018.252499999995,1749828.351091009,45460.880000000005,3254833.6175646144,882057949.3835537,847939442.4625918,-34118506.920961976,286868558.1584423,0
1628553599999,46259.7,46026.71,7592.843464722657,46489.29000000001,4883.580615246541,746287866.6855869,2036517163.904246,1290229297.2186592,312124388.88602185,0
1628639999999,45580.5,45352.597499999996,3873.3042509942834,45808.402500000004,3091.504533455286,910454993.2541525,1163741513.3470743,253286520.09292173,326657512.4243547,0
1628726399999,45520.0,45200.6625,12559.73971063531,46802.175,1781428.8358031376,884346776.8200374,1077772448.5838695,193425671.7638321,312464275.27236605,0
1628812799999,44406.5,43529.377499999995,662764.3831729072,46802.175,1680605.2259850046,929551509.80622,736585860.460737,-192965649.34548306,292079865.1611764,0
1628899199999,47792.52,47551.05,15657.709580642972,47973.055,592631.8132712919,978940262.4134104,1811502614.5166805,832562352.10327,352771952.3893223,0
1628985599999,47080.3,45639.45,2845938.704666846,48339.61000000001,783226.3525964572,947202523.207016,1107424007.2753026,160221484.06828666,335028141.6721673,0
1629071999999,46998.0,44842.950000000004,4424402.692434626,48339.61000000001,715576.3421848044,792062776.290269,982105195.0849192,190042418.7946502,303490452.9193304,0
1629158399999,45926.23,45725.722499999996,1403.7693848174151,46185.277500000004,1148.5821211017353,1026852278.9936658,741759582.1411619,-285092696.8525039,307245546.59612614,0
1629244799999,44704.84,44502.37,3376.151354502932,44949.630000000005,2752.5947023279687,1213980729.1363587,660712316.0878394,-553268413.0485194,318309575.08030915,0
1629331199999,44730.0,44506.35,6377.744041989535,44953.65000000001,3316.188927862504,1343302835.9366124,747897114.1576813,-595405721.778931,344486264.0379798,0
1629417599999,46772.0,43887.502499999995,253234.7797494673,47484.10333333334,854766.4064894066,851080282.6412481,1131855558.9885576,280775276.34730947,333433881.0658246,0
1629503999999,49307.0,49052.0075,3919.08032940008,49503.1875,209960.25514659937,751583138.4384401,1398386036.4429965,646802898.0045564,330003935.00614434,0
1629590399999,48827.1,48556.4975,4545.297557667465,49044.5025,3572.6945036298544,908065778.8275828,1125310814.104746,217245035.27716327,350837275.47451746,0
1629676799999,49264.5,49002.2575,7245.990683019732,49494.74250000001,5333.059194060972,1023256208.8771632,1532584184.4688675,509327975.59170437,385694751.82465225,0
1629763199999,49523.91,49002.2575,6914.784088002363,50508.51750000001,388481.54876677314,934968034.7463812,1209793442.9221525,274825408.17577136,362129123.87993187,0
1629849599999,47719.36,47573.0525,408918.443028358,50508.51750000001,377107.8576005776,1553652234.5979943,731071327.4533236,-822580907.1446707,350879515.2288491,0
1629935999999,48992.65,48720.6725,21877.299855480072,49210.32750000001,9415.00464305931,1503909348.7155924,1260598108.4769723,-243311240.23862004,443128342.9186997,0
1630022399999,46853.06,46258.425833333335,1052707.4116592433,49373.545833333344,29694.622034901327,1893158001.4848702,741172600.4213194,-1151985401.063551,402010794.7913585,0
1630108799999,49083.98,48801.765,10217.180790290324,49292.23500000001,6281.607547253671,1361264833.1411185,1388983473.7661085,27718640.624989986,448772559.37847966,0
1630195199999,48890.5,48311.295,147438.33502282735,49292.23500000001,5906.572304688321,1323387055.3204207,1225443256.0305068,-97943799.2899139,421937017.3025491,0
1630281599999,48767.2,47330.354999999996,1039411.5644989158,49782.70500000001,85080.69956760958,1237413240.0030274,1098874073.0074637,-138539166.99556375,395297408.09089655,0
1630367999999,47024.7,46839.884999999995,1631162.2748902545,49782.70500000001,81219.42503572215,2137586534.464145,730324110.5196424,-1407262423.9445026,376365120.0895094,0
1630454399999,47150.32,46944.1,12851.246385435174,47415.90000000001,5984.672495312614,1972871744.848139,917974639.1877224,-1054897105.6604166,429087136.17008173,0
1630540799999,48842.94,46472.3,189047.6887955263,49303.100000000006,1087034.907927243,1255532418.406357,1314498293.7773483,58965875.37099123,410198214.96228135,0
1630627199999,49299.14,49075.39,1193.7989773727854,49568.61000000001,875.813101376473,1192126412.1584034,1273938658.8328571,81812246.67445374,408394068.29326046,0
1630713599999,50027.08,49785.3225,19881.501261088615,50285.677500000005,9408.79775296449,1616636586.7481995,1598453772.0092156,-18182814.73898387,488805418.1187233,0
1630799999999,49940.5,49284.9675,285040.3861437751,50786.03250000001,134893.60332675572,1526067835.24118,1441508959.249366,-84558875.9918139,456524842.39115614,0
1630886399999,51799.57,51383.2925,1371.2701814084255,51862.2975,159076.58665721782,1185224218.926942,3243647381.677609,2058423162.7506669,447912051.4930641,0
1630972799999,52659.8,52325.5575,21951.532528184824,52755.4225,571570.5973175167,1656960896.54944,4344342940.509921,2687382043.960481,636190998.1559067,0
1631059199999,46851.0,41971.65,1042917.1028574416,52858.76392857143,25902.23709748456,799596813.901361,954845051.8189216,155248237.91756058,461619618.7271211,0
1631145599999,46074.6,41971.65,613933.0637532752,52858.76392857143,15247.846387553343,509937606.45010036,520077262.6240815,10139656.17398113,271741182.67376024,0
1631231999999,46393.0,46152.5775,7963.043214292397,46616.42250000001,5916.366842845369,705075381.0795001,712104626.1977174,7029245.118217349,311842156.6747896,0
1631318399999,44860.83,43524.1225,2495489.1208418603,47080.26750000001,88245.85187918533,769733739.4150095,562278949.7841429,-207454789.63086665,300178373.4057451,0
1631404799999,45189.0,44963.055,19874.48287193155,45414.94500000001,14731.439103278806,1258149266.9888744,1027557919.1940662,-230591347.79480827,404497622.3163059,0
1631491199999,46027.5,44511.165,300676.9764225435,46770.615000000005,1673962.5039779122,1022045135.1339504,1192787988.7560968,170742853.6221465,397694308.2642985,0
1631577599999,44960.2,43155.494999999995,3265423.904720772,47080.26750000001,75636.1247701736,958905117.2870965,770990592.7148632,-187914524.57223332,343115402.1182384,0
1631663999999,47089.0,46853.555,8060.800597282554,47222.505000000005,2392609.036506155,908015253.3107268,2157552790.752891,1249537537.4421644,380675680.3591199,0
1631750399999,48106.12,47859.5,16024.818307121275,48340.50000000001,22614.19817840227,1210483501.7501624,2099263881.3542461,888780379.6040838,489098238.26916313,0
1631836799999,47752.9,47527.17,9027.96639067613,48004.83000000001,17249.87816286766,1515727730.267328,2316318929.1684027,800591198.9010746,564977938.7042137,0
1631923199999,47300.0,46696.59166666667,23889.530877455225,48164.05000000001,52317.84040038196,1477266580.7325294,1811400175.2457082,334133594.5131788,504960598.8339705,0
1632009599999,48294.5,48058.5,3245.641152426468,48541.50000000001,4301.053125221469,1242962630.2335198,2491241916.3402042,1248279286.1066844,520983286.031648,0
1632095999999,47256.91,46696.59166666667,23233.27382439851,48541.50000000001,4231.504069864374,1577529511.005139,1775724918.6588542,198195407.65371513,512344629.448436,0
1632182399999,43026.6,42402.345,4195311.603855817,48541.50000000001,3798.8682533891388,1498698839.7737436,872231094.0067443,-626467745.7669994,423151275.9618522,0
1632268799999,40726.1,39482.835,1705450.4854005266,48541.50000000001,3424.781087727734,1111395649.6440153,638986721.922319,-472408927.72169626,358336914.26694274,0
1632355199999,43529.0,39482.835,1499205.8425147552,48541.50000000001,3010.613242664519,544124862.5390153,727999823.4088957,183874960.86988044,315002279.5553535,0
1632441599999,44828.29,44600.875,12356.00588180937,45049.12500000001,10186.90416003429,800337239.7417837,1148400688.0235677,348063448.28178394,381585560.5485893,0
1632527999999,42802.5,42588.4875,2807.3231056636896,43016.512500000004,4678.457313734938,881336346.0420732,985622471.7232946,104286125.68122137,392024077.04241604,0
1632614399999,42651.58,41304.4125,299204.6085972332,43016.512500000004,4325.812798678227,831922380.5623243,889577801.1983135,57655420.63598919,362300627.07792574,0
1632700799999,43168.5,42952.6575,959.8167658749379,43384.342500000006,698.8343316311348,752753555.6207806,957802251.0807096,205048695.459929,362235614.73394173,0
1632787199999,42145.6,41657.6025,108524.61637644166,44679.39750000001,79015.83973876716,924156926.7182899,800336329.0905113,-123820597.62777853,354727835.54466474,0
1632873599999,41006.5,40566.625,5989130.529444255,44679.39750000001,78085.57645323657,1545458221.4867613,698049854.1180782,-847408367.3686831,350268027.3521599,0
1632959999999,41520.0,40566.625,5868924.296908649,44679.39750000001,76518.34179126543,1084407672.6624796,721780865.5642668,-362626807.09821284,343237889.73399466,0
1633046399999,43796.57,43538.7125,5447.657287331277,43976.287500000006,9261.50845814426,777282593.107736,1270487546.7328448,493204953.62510884,385101615.1433952,0
1633132799999,48123.94,47852.0375,15879.220729101145,48332.96250000001,24260.90863381399,899131917.8778466,2654354094.551548,1755222176.6737013,483315466.54640347,0
1633219199999,47648.7,47411.75,1257.2583556227135,47888.25000000001,985.2114677552653,1042299586.5912763,2243398831.1625996,1201099244.5713234,484678567.7546063,0
1633305599999,48187.3,46958.891071428574,712552.4441007532,49437.810000000005,967563.4189297112,846369655.4873563,2149913062.557362,1303543407.070006,455817254.7642018,0
1633391999999,49198.22,48930.6175,1341.454362891672,49422.38250000001,950.363483348815,738342275.3401959,2904138076.7539287,2165795801.4137325,452644354.3946839,0
1633478399999,51470.5,51213.1475,5887.9510468512435,51727.85250000001,10108.640488572744,744175852.5081722,3398119869.179579,2653944016.6714067,463246206.4621544,0
1633564799999,55321.6,55060.8125,26109.07703758604,55614.18750000001,16175.415872590258,1252512390.4826643,2647866580.9783134,1395354190.495649,517638192.0073372,0
1633651199999,53814.99,52847.3125,3600792.909208892,55614.18750000001,11772.548440973522,1067217334.1160038,1297523466.8501189,230306132.73411512,373274395.5417331,0
1633737599999,53964.0,53694.18,5816.8062429992115,54233.82000000001,2742.214312828228,1165449360.38534,1400364842.0244768,234915481.6391368,395411157.7033109,0
1633823999999,54960.77,54693.159999999996,141.70212226173035,55242.840000000004,74.6653177113615,928500050.7378671,1768402733.3282473,839902682.5903802,391361402.95257396,0
1633910399999,54700.0,53694.18,5368.672769487651,56855.9875,1571775.136139473,907563858.5063642,1485759171.85539,578195313.3490258,364076020.16831654,0
1633996799999,57487.5,57200.0625,5222.920803295433,57774.93750000001,3402.34376743155,783663741.8837603,1767913460.9746099,984249719.0908495,354411239.67269284,0
1634083199999,56006.0,55725.97,5591.6403887553515,56286.030000000006,4627.934619335762,958950527.5289723,1209687791.9637606,250737264.43478835,378577533.90929073,0
1634169599999,57369.5,54045.79,615905.6456000437,57966.21000000001,509755.78924009675,765423696.8229386,1770818475.681299,1005394778.8583604,361103496.78761035,0
1634255999999,57355.5,54045.79,595887.4267710606,58659.315,829.8185658506868,741569243.7188061,1299996490.3776722,558427246.658866,343455154.18983805,0
1634342399999,61702.33,61434.7825,10681.609021782264,62052.217500000006,6602.48269291675,834975037.8695705,1229327079.2074072,394352041.33783674,353098194.70345294,0
1634428799999,60912.0,60607.44,8735.410321659183,61216.560000000005,4358.865641627105,1113347055.729059,1126957423.13524,13610367.406181097,389082652.8208423,0
1634515199999,61544.0,61236.28,8160.685102301012,61825.68000000001,66125.79868344287,1112481754.1142452,1426325527.7478943,313843773.6336491,417753640.33263075,0
1634601599999,62033.5,61723.3325,1258.7166722715351,62343.66750000001,930.2587922725907,1045745201.5834914,1620886753.9983222,575141552.4148308,418793823.7261699,0
1634687999999,64264.5,61102.9975,18882.805592567387,64486.98,1688290.6229632131,837072696.0157336,2621124832.67833,1784052136.6625962,392036796.5526413,0
1634774399999,66055.0,65724.725,17622.17336061742,66385.27500000001,9678.106706431912,1222182664.2096663,1346261717.431272,124079053.22160578,445703030.04995036,0
1634860799999,62246.0,61102.9975,18277.257697154182,67045.82500000001,145434.2517022283,1333462012.4080555,653650627.5589764,-679811384.8490791,424400835.14337766,0
1634947199999,60734.27,60456.2,6897.194062388124,61063.80000000001,3558.191627593391,2107469304.0308466,657637902.9688392,-1449831401.0620074,452011711.7075671,0
1635033599999,61325.11,61050.215,6990.125136047048,61663.785,3448.4473840961987,1534248180.5958257,803317208.3335918,-730930972.2622339,469657207.9157895,0
1635119999999,60901.5,59389.96,822070.1005140957,61663.785,3297.4488859926278,1547160963.6714714,718340993.5595515,-828819970.1119199,448643705.2452753,0
1635206399999,63108.0,62792.46,14143.959927275993,63423.54000000001,6429.052285440815,1543688126.7011328,1114667547.6704252,-429020579.0307076,505792387.75088763,0
1635292799999,60310.5,59389.96,766799.5477848329,63423.54000000001,6066.484882008774,2106161564.713765,692471200.1974338,-1413690364.5163312,472305295.11014754,0
1635379199999,58449.36,58189.0925,9539.519657723378,58773.90750000001,5115.665345057161,2504334372.641448,725923173.5972608,-1778411199.044187,496907675.4448263,0
1635465599999,60622.03,60375.1075,1398.1730489582953,60981.89250000001,601.5894152914274,1489794996.886302,816988145.3112388,-672806851.5750632,489670245.4139789,0
1635551999999,62300.0,59768.3225,20229.313992349704,63409.03250000001,107472.51073502979,1177530537.2986479,998238418.9790246,-179292118.31962323,461537055.54728687,0
1635638399999,61894.5,59768.3225,19801.451858517,63409.03250000001,105199.40262128765,1196235844.141328,904499576.0908182,-291736268.0505099,451775268.79542273,0
1635724799999,61338.0,61031.31,4326.674773796962,61644.69000000001,2323.3148916805058,1369213878.6566193,888714058.2917598,-480499820.36485946,467295070.8813742,0
1635811199999,60942.87,60644.7525,20052.450810023834,61254.247500000005,11005.987588240898,1955219012.433695,1160822324.4170804,-794396688.0166147,558295902.1298033,0
1635897599999,63258.0,60644.7525,19718.624094258143,64420.340833333335,172007.94691471176,1440047204.956792,1408995542.2706094,-31051662.686182737,540990343.7409143,0
1635983999999,62946.45,62646.6925,4055.3693275290843,63276.30750000001,1947.1600415723128,1576298760.799006,1348504648.1363716,-227794112.66263437,553383626.9342353,0
1636070399999,61431.86,60128.2325,726655.3639351778,63276.30750000001,1841.230354766711,1771791364.3097115,974798876.7460561,-796992487.5636554,522579066.0903977,0
1636156799999,61006.0,60739.775,10030.373125367616,61350.225000000006,5611.038979865869,2169285301.564555,1078820834.9777029,-1090464466.5868523,565286012.0682808,0
1636243199999,61472.6,61132.8,6322.825052000899,61747.200000000004,2903.3694044486665,2130065419.1448352,1241616681.9438758,-888448737.2009594,587456809.0193352,0
1636329599999,63280.0,62947.68,10090.173973631237,63486.179166666676,6025.1370492318,1932541055.8460512,2051805029.9998925,119263974.15384126,632616650.3490081,0
1636415999999,67603.5,67265.4825,13256.117309146886,67941.5175,8308.322782756364,1686361623.6421125,2332153479.7515535,645791856.109441,654205353.0242072,0
1636502399999,66976.5,66009.98892857143,615033.483100203,68617.5525,124919.18869072941,1749975484.2075984,1681706726.217195,-68268757.99040341,637524994.2925698,0
1636588799999,64893.5,62315.04,137355.3223925733,69155.71,56547.10192862926,1638355506.9127614,976455464.0541506,-661900042.8586109,570080755.3645208,0
1636675199999,64831.0,62315.04,129331.06593179106,69155.71,53243.63730792485,1552254811.6173224,912373148.791342,-639881662.8259804,536776807.8409554,0
1636761599999,64141.0,62315.04,127087.27941023221,69155.71,52319.90444537119,1643903884.0138855,827369807.5192167,-816534076.4946688,527464175.28251123,0
1636847999999,64423.0,64100.885,16076.216927408304,64745.115000000005,10037.38788085506,2015267929.4150372,1151531385.2952654,-863736544.1197717,602726705.34864,0
1636934399999,65542.0,65201.8525,4631.861244722126,65857.1475,3319.8331246402063,1856465787.9712675,1510482482.4111524,-345983305.5601151,620300815.6041279,0
1637020799999,63654.49,63373.0425,1941.3056710151689,64009.957500000004,1618.2381661490883,2504141678.6309457,1102495661.8691843,-1401646016.7617614,623233760.8864807,0
1637107199999,60106.03,59810.445,411.8307544425456,60411.55500000001,235.31621052231526,2520167509.6184726,770610804.3680464,-1749556705.2504263,581461561.0777891,0
1637193599999,60366.96,58302.815,7972078.345072535,61012.66500000001,3349.935654929544,2208501159.2896595,730698507.9497782,-1477802651.3398814,539348660.1139085,0
1637279999999,56921.05,56434.6475,592630.0195262039,61527.90214285714,9683.721676844449,2606892006.347843,530240208.1771856,-2076651798.1706576,472898557.4829035,0
1637366399999,58071.1,57805.0225,19673.497477319605,58385.97750000001,8971.738039659249,2237372981.2411995,838837795.5548456,-1398535185.686354,550287416.2924834,0
1637452799999,59716.29,59432.345,6933.985766034765,60029.655000000006,4800.919598664349,1888201119.5483327,1275297497.582349,-612903621.9659836,579830422.0192276,0
1637539199999,58630.3,58323.055,315139.98330285284,60128.842500000006,981091.6206691861,2187845729.835457,933002316.6692208,-1254843413.166236,556332225.1521578,0
1637625599999,56268.31,55603.200000000004,2031794.1555022774,60128.842500000006,902384.7217664027,3300846594.854486,657288205.4644896,-2643558389.3899965,504517144.3334496,0
1637711999999,57574.23,57298.5675,9646.499564409529,57874.43250000001,6780.829528971807,2140729042.2198055,945708261.2378641,-1195020780.9819412,541867282.9362521,0
1637798399999,57165.08,55570.972499999996,1055017.5701138393,57874.43250000001,6433.716813503672,2180042284.374907,844728658.1151145,-1335313626.2597926,513514866.5306542,0
1637884799999,58968.3,58642.315,9020.331850463604,59231.685000000005,4683.642521976422,1830072873.8692813,1280937917.1881137,-549134956.6811676,549865817.3314089,0
1637971199999,53760.1,53514.3,5043.302292520334,59231.685000000005,4285.36379705256,3551738779.987042,603424724.5181105,-2948314055.468931,467034177.17948467,0
1638057599999,54738.77,54504.6075,18144.261284882003,55052.39250000001,8324.364512968405,2656508798.1006317,896755504.9030664,-1759753293.1975653,544096383.9418992,0
1638143999999,57300.1,53044.119999999995,4118.497587209272,58156.50750000001,2644445.6184807695,1466729893.044331,1188555164.9919176,-278174728.05241346,522518402.46066326,0
1638230399999,57803.9,57496.075,1828.58854007878,58073.92500000001,1349.0161436068668,1422536346.1570785,1129151496.1439621,-293384850.01311636,523798146.43783355,0
1638316799999,56962.0,55762.525,202342.2654433436,59231.685000000005,3960.4513491893395,1502167871.4572694,941388409.6002351,-560779461.8570343,502628310.6123973,0
1638403199999,57209.29,55762.525,191319.11224538911,59231.685000000005,3744.694834555556,1376405858.7023876,922994518.1564324,-453411340.5459552,475246243.6276058,0
1638489599999,56501.5,56218.9925,90.15890290149805,56784.00750000001,71.47841098867488,1501193499.8786352,829541317.830588,-671652182.0480472,470290933.3949365,0
1638575999999,53612.0,50927.520000000004,3236915.0130231907,57833.321071428574,3189.2132426155904,1319925223.762352,585307836.6436489,-734617387.1187031,407288628.9536901,0
1638662399999,49135.66,40810.466666666674,1105869.9508727577,57833.321071428574,2805.7065374954136,295447116.2048818,378326247.9752122,82879131.77033043,245467021.22747013,0
1638748799999,49376.6,40810.466666666674,789126.2425010868,57833.321071428574,2002.0949622034184,207425246.5864128,273875217.9971,66449971.41068721,175160250.29227185,0
1638835199999,50424.72,40810.466666666674,759216.6851522528,57833.321071428574,1926.2113191756018,186745562.40106606,281151722.17823935,94406159.77717328,168521303.53890613,0
1638921599999,50580.5,50327.597499999996,4196.645970797329,50833.402500000004,3814.325650255556,298172722.01268005,397445758.8772593,99273036.86457926,191532820.87385482,0
1639007999999,50455.5,50199.2425,225.67436438350296,50703.75750000001,172.87007899695098,276545221.7370754,388919978.98564374,112374757.24856836,189800942.38507074,0
1639094399999,47541.5,45775.3525,2119856.912407659,50871.929166666676,540.732308306327,296175746.4149936,272666584.1872879,-23509162.227705657,173141267.6639144,0
1639180799999,47160.0,46945.095,4117.041469535017,47416.905000000006,3208.463872864696,430586455.53170896,359617930.669555,-70968524.86215395,193965093.9989529,0
1639267199999,49381.15,49106.235,2435.718711184885,49599.76500000001,1604.254942047453,362471173.3849431,501825740.7062963,139354567.3213532,203120962.03904098,0
1639353599999,50075.7,49829.1025,2185.365014696042,50329.89750000001,1578.9905813889745,384667169.798158,523387506.9277066,138720337.1295486,211345758.63398707,0
1639439999999,46679.93,45321.9475,1169218.8694384878,50329.89750000001,1526.4485593636225,435438785.1082951,326761998.9281586,-108676786.1801365,198496807.9593029,0
1639526399999,48356.0,48114.22,4598.534331495664,48597.780000000006,4555.925518659613,456445087.29685396,520606173.6314061,64161086.33455217,224724990.05806726,0
1639612799999,48867.5,46179.979999999996,802374.9749999435,50048.46000000001,483563.8112993757,365142923.35115063,508658500.8921942,143515577.54104358,205873634.93601823,0
1639699199999,47637.0,46179.979999999996,780100.81212807,50048.46000000001,470139.9391355823,429516500.65467376,407197915.49976844,-22318585.15490532,200158522.90178534,0
1639785599999,46150.0,45919.25,6025.385935177333,46380.75000000001,5079.2455658524,624079234.9217372,497494312.7322081,-126584922.18952912,229334544.66599962,0
1639871999999,46836.0,46601.82,3777.3324321238683,47070.18000000001,2727.9380901376226,625899988.0820858,622279902.1525961,-3620085.929489732,246595630.9116247,0
1639958399999,46684.9,46466.0025,2095.725547067339,46932.997500000005,1607.361507905412,696870677.1451437,579481338.5531058,-117389338.59203792,253585204.72776455,0
1640044799999,46898.14,45457.75,89237.17473818516,47800.27392857143,75175.35137947062,636751073.3503542,592524536.1446607,-44226537.20569348,250039090.451755,0
1640131199999,48883.0,48642.0675,10100.965149131318,49130.9325,6709.5587580094425,743403330.0125017,981568737.9988797,238165407.98637795,296599977.1495436,0
1640217599999,48594.8,48367.4475,15575.57572619001,48853.552500000005,12058.220862509774,1211402055.0932055,1220996952.2651181,9594897.17191267,378675194.20192623,0
1640303999999,50817.92,50540.03,4096.998190722712,51047.97000000001,2706.1502142724125,906790616.9467614,1528250234.2396352,621459617.2928739,380101010.82336676,0
1640390399999,50808.55,50370.71666666667,13339.900836168037,51991.287142857145,123171.34026063165,872056077.5309019,1017442497.6532077,145386420.12230575,357734259.219195,0
1640476799999,50403.64,50032.09,58940.469884000435,51991.287142857145,120134.1136731669,908257609.366989,908475866.3055826,218256.93859362602,348900040.3318425,0
1640563199999,50765.73,50509.185,1187.3044171478257,51016.815,880.0716476786757,865568053.3245809,998077138.5097389,132509085.18515801,351092592.1118031,0
1640649599999,50707.72,50452.9675,1329.8436618865455,50960.03250000001,1013.6773021840393,899399121.6034207,996640620.3368843,97241498.73346353,354181030.17557836,0
1640735999999,47539.0,47175.472499999996,1000558.9120439903,50960.03250000001,973.2045818081252,1563743972.8160515,595031231.250022,-968712741.5660294,334852194.999455,0
1640822399999,46450.0,45612.8525,4176387.0918401526,50960.03250000001,930.942019987276,1235537038.214361,510208858.82812697,-725328179.386234,307975700.6028887,0
1640908799999,47110.5,45612.8525,4068878.199511611,50960.03250000001,906.9776356545898,968597380.9893498,530227146.35165346,-438370234.6376964,300047765.3545939,0
1640995199999,46210.56,45612.8525,3988649.439886012,50960.03250000001,889.0941584039165,1335585416.6329513,476561770.6020076,-859023646.0309436,294131524.34982544,0
1641081599999,47719.5,47480.9025,774.805471484636,47958.0975,528.972919763429,841258176.3172842,564233844.9757202,-277024331.34156406,294813261.6980718,0
1641167999999,47301.1,46594.68321428572,35441.92137195674,48117.162500000006,1730.9601911590992,888239389.7473731,519579545.62716115,-368659844.12021196,284752173.9721152,0
1641254399999,46446.9,45612.8525,3634678.191631969,48117.162500000006,1651.9656271746478,1100271356.047804,454285740.6337009,-645985615.4141033,271640991.33493453,0
1641340799999,45843.3,45640.65,14020.460678949285,46099.350000000006,11119.178960380477,1469578671.698587,760757614.8190067,-708821056.8795803,343082133.546528,0
1641427199999,43435.1,42386.58,1235149.3996963021,47475.450000000004,1109600.908425472,926262054.5548316,457426125.4464211,-468835929.10841054,269943291.5083609,0
1641513599999,43093.1,42894.9475,1746.9332191428157,43326.052500000005,1361.1003562455355,977147418.8513957,478572747.09063965,-498574671.7607561,274615283.16257757,0
1641599999999,41554.5,40506.4425,9740.420908805012,43326.052500000005,1309.3146203125164,845601306.0625223,393030183.91553307,-452571122.1469892,250055348.62432244,0
1641686399999,41688.05,40506.4425,9521.154124915663,43326.052500000005,1279.840616202929,793576678.8392628,388826027.78932536,-404750651.0499375,244426347.3555176,0
1641772799999,41851.22,41646.72,3264.2166838956164,42065.280000000006,2445.3882217343757,839100576.2982594,464824747.4348408,-374275828.8634186,259399282.27857614,0
1641859199999,41809.0,41599.955,2144.9112044433446,42018.045000000006,1635.0203169288782,790645605.6638459,506157091.64446056,-284488514.01938534,264123985.95153907,0
1641945599999,42701.5,42487.9925,6084.8165948970445,42915.00750000001,4506.343306600323,811791994.4759864,717248850.8155682,-94543143.66041815,293796770.41648215,0
1642031999999,43889.5,43670.0525,8772.277992968586,44108.9475,6079.809239911133,884384312.6796911,922931406.6271467,38547093.947455645,333289532.37388897,0
1642118399999,42564.0,42060.9775,85235.05633195274,44547.842500000006,86154.4828071395,1060472293.7018043,637791517.7529386,-422680775.94886565,306227255.37098163,0
1642204799999,43056.5,42841.2175,9175.980726223792,43271.78250000001,6699.595173202357,1088601311.140215,891170898.7430404,-197430412.39717448,350546912.20365965,0
1642291199999,43079.5,42410.6525,135270.21559418534,44071.40321428572,304764.8508796331,1034165290.3944892,850026527.4869632,-184138762.90752602,336563866.73519856,0
1642377599999,43060.66,42410.6525,132854.19351920197,44071.40321428572,299321.53429904016,1020673108.1980755,831191265.8539441,-189481842.34413147,330552597.1582101,0
1642463999999,42200.0,41549.5225,934708.3440656642,44071.40321428572,280377.1398206515,1203454654.073751,659819692.03065,-543634962.043101,308893330.3618859,0
1642550399999,42337.58,42120.8375,21374.99745178411,42544.162500000006,16057.823855905772,1596749160.8169937,1102235179.3881075,-494513981.4288862,403039310.8476695,0
1642636799999,41666.3,41118.9575,1445344.4378676473,42685.27083333334,50876.55501328313,1745376541.3381512,893446372.4468305,-851930168.8913207,379508495.7428105,0
1642723199999,40668.5,40498.49,2965.6871299769714,40905.51,2437.243694700105,2938172376.420934,794659403.0711575,-2143512973.3497767,383637160.7795642,0
1642809599999,36442.5,35331.0475,4582458.140505974,41312.530000000006,31411.60292964058,935757882.3665677,435941307.117005,-499816575.24956274,276625300.51030207,0
1642895999999,35062.0,33886.590833333335,32169.27115455837,41312.530000000006,26619.27681325783,456240021.7955628,330512189.5277275,-125727832.26783532,210286455.07041526,0
1642982399999,36234.5,36053.3275,634.9022110685139,36415.6725,469.42415938344277,357479861.5477438,373202261.75543255,15722400.207688749,211310116.09298688,0
1643068799999,36651.5,36468.2425,4525.101173458486,36834.75750000001,3304.570003907002,403063299.47834885,481507243.5957107,78443944.11736184,229242415.80690107,0
1643155199999,36937.5,35368.6975,474218.2262292376,37515.42821428571,142277.2025703131,332102787.9090539,456866515.6500904,124763727.74103647,208082151.31279227,0
1643241599999,36787.43,36586.15,5875.2737891786,36953.850000000006,8063.778046968466,497789289.6104502,649519684.4889987,151730394.87854844,247840807.90224543,0
1643327999999,37140.5,35483.049999999996,646648.383649546,37321.55,118163.25296044425,420084151.60297453,696186355.4561114,276102203.8531369,236237421.46790498,0
1643414399999,37696.21,35483.049999999996,635094.4836541212,38056.950000000004,871663.3707306533,371289493.82201034,792667890.6469123,421378396.824902,231542315.96756008,0
1643500799999,38150.5,37959.7475,13103.705396040294,38341.2525,11157.172726080044,701258215.0182909,1056260035.2623793,355001820.2440884,302156042.20193964,0
1643587199999,37875.5,37686.1225,4169.477268253202,38064.8775,3779.868756850462,849463833.5953861,1055620426.0491356,206156592.45374942,323174071.0270544,0
1643673599999,38440.0,36549.8575,459645.2195130897,38911.675833333335,839236.3855319856,623872522.7250247,1262480510.003634,638607987.2786093,306354784.99569434,0
1643759999999,38680.51,38487.097499999996,17881.846176457828,38873.902500000004,18395.374729750976,1079402407.929494,1632625749.8943918,553223341.9648979,411819917.25145125,0
1643846399999,36892.03,36433.7275,2002656.4864103568,38873.902500000004,15875.719269422527,1469535703.4100854,885052151.5241616,-584483551.8859239,349281271.2161276,0
1643932799999,37291.5,36171.1025,634645.4497424591,38873.902500000004,15629.80152459032,861105212.6159421,939405337.5875336,78300124.97159147,337000186.754347,0
1644019199999,41550.0,41340.7575,10952.721650350953,41756.24250000001,16930.985657048594,740343568.882529,2810764678.4929047,2070421109.6103756,395866037.52783895,0
1644105599999,41380.0,41173.1,2427.5145428229193,41586.9,1869.123704518012,808783067.7009096,1790298606.3056839,981515538.6047742,399621248.72289246,0
1644191999999,42361.35,41035.16666666667,8076.231668874384,42828.3,211585.30323122608,658541286.2650331,1853894485.5998046,1195353199.3347716,382683898.71713734,0
1644278399999,43829.99,43606.3725,8541.565016473727,44044.6275,11069.516164552282,779449930.7124914,2115015865.5125258,1335565934.8000345,419349380.8914755,0
1644364799999,44021.57,42291.6075,971379.4448922179,45589.8475,6559173.308820466,717353393.4067156,1566095315.1229103,848741921.7161946,394559073.4497528,0
1644451199999,44358.08,42291.6075,893377.2465753248,45589.8475,6032468.796057943,629610818.3359815,1619127581.8460865,989516763.510105,362875800.8454077,0
1644537599999,43477.0,43259.615,773.3868039817881,43694.385,1094.164583445492,735946433.2114754,1060476575.735656,324530142.52418065,354800247.9659614,0
1644623999999,42366.0,41853.3525,1384851.129230577,44129.155000000006,16017.763280432195,883815891.7703425,829655535.89015,-54160355.88019252,337463801.1324743,0
1644710399999,42199.87,41520.534999999996,134820.7532289072,44129.155000000006,15447.765398679114,775385016.9751189,780104421.9002234,4719404.925104499,324119457.42527944,0
1644796799999,42059.5,41849.2025,255.9869772231253,42269.79750000001,196.60597124583853,806429144.5964923,761299167.6474781,-45129976.94901419,321806057.9665638,0
1644883199999,42533.4,42323.8175,28.562350464664178,42749.1825,20.87004701472423,704979979.7826004,810527181.3444227,105547201.5618223,318258793.0463396,0
1644969599999,44529.6,44301.8775,9673.152515096259,44747.122500000005,12369.185315350009,785564045.3434242,1612451738.3631456,826887693.0197214,383047595.240175,0
1645055999999,43874.8,43660.1025,9733.30814212395,44098.89750000001,7764.553763839344,1118347797.1279898,1552685145.8185332,434337348.6905434,432496881.24123454,0
1645142399999,40500.6,39931.7,192004.2212235303,44245.162500000006,23598.059024379763,1263823846.9508283,784367352.5426962,-479456494.4081321,368135448.002757,0
1645228799999,39991.2,39799.5025,3471.304429702729,40199.497500000005,2752.814392407183,947829546.8009254,814608846.332507,-133220700.46841836,373237542.9661991,0
1645315199999,40064.0,39399.5075,51512.78161260504,40599.49250000001,40850.674289103175,894134899.5503415,794722002.6908062,-99412896.85953534,360878677.9270834,0
1645401599999,38368.1,37601.3925,3762873.1701447684,40599.49250000001,39112.54757461314,1101959696.0971322,619500724.498814,-482458971.5983182,341225370.0520747,0
1645487999999,37001.5,36199.5475,1717587.4853449413,40599.49250000001,37770.13299233436,1251704984.4345386,524308366.101855,-727396618.3326836,324064747.2365377,0
1645574399999,38214.5,36199.5475,1547340.4951241356,40599.49250000001,34026.363596568706,751461484.2189174,530475774.1300058,-220985710.0889116,291943499.6871136,0
1645660799999,37245.5,37059.2725,10486.481941047477,37431.7275,14219.255251795126,1287163862.1935308,912576055.7307192,-374587806.4628116,365526942.75998515,0
1645747199999,38318.0,34241.8825,15013.208352325302,40599.49250000001,32392.520240545724,434336168.6123011,754702016.5564247,320365847.9441236,306610934.7742106,0
1645833599999,39205.4,34241.8825,13763.562237506823,40599.49250000001,29696.281960371096,361445463.90913177,820600756.0698831,459155292.16075134,281089727.1919085,0
1645919999999,39099.3,38899.0275,6790.908165469204,39289.9725,5192.892293384485,547254091.1880229,950893948.3035764,403639857.1155535,315180162.8783724,0
1646006399999,37672.0,37476.675,116.28902707580916,37853.325000000004,141.53925697506918,611893544.3059771,717304033.6783559,105410489.37237883,309765409.1660476,0
1646092799999,43155.0,42934.7475,15767.928750382547,43366.2525,17467.34749146819,749959595.0040702,1814662895.1388836,1064703300.1348134,394249315.5375454,0
1646179199999,44394.1,42790.9125,48389.49543174847,44913.8025,200565.03754986206,535233704.37320507,1839172744.8802452,1303939040.50704,345454716.76957214,0
1646265599999,43893.5,43674.0325,9286.016885550822,44112.967500000006,7325.5595155759875,826026170.578129,1595199931.3795664,769173760.8014374,389791558.7066578,0
1646351999999,42450.5,41640.2325,1492509.9218541172,44112.967500000006,6717.745952809787,909364345.1556056,1063510284.3020595,154145939.14645398,353427641.8305214,0
1646438399999,39127.7,37351.125,310.15104172174335,44112.967500000006,6515.281679937831,577468016.4894612,661898156.7395904,84430140.25012922,320715637.1370059,0
1646524799999,39375.1,37351.125,306.37665235292206,44112.967500000006,6435.993827892839,549906716.9201491,671443411.8387061,121536694.91855705,316812681.7108214,0
1646611199999,38401.1,38202.03,887.1259106615205,38585.97,967.4871156946294,663253144.1333615,629796835.3008957,-33456308.832465768,318949270.4587466,0
1646697599999,37976.0,37100.025,1245.159955590406,39737.79000000001,101213.478964322,658164615.2509562,543205078.807379,-114959536.44357717,289357051.1100905,0
1646783999999,38725.3,38532.8675,2402.7409965281854,38920.13250000001,1707.784852186967,623183503.4217899,635228029.3812675,12044525.959477663,298834183.29440933,0
1646870399999,41941.5,41731.7925,17096.071589531846,42151.207500000004,14054.296660037957,872608567.625061,1283433036.9262955,410824469.3012345,389288463.9272532,0
1646956799999,39408.0,38403.77916666667,7666.902039130971,42151.207500000004,13391.491042700036,884867913.197668,799734173.6764992,-85133739.52116871,359617293.5739249,0
1647043199999,38726.0,38145.6025,31821.151612921123,42151.207500000004,12269.323078597257,1075426120.3894527,675487969.0439394,-399938151.34551334,329475386.8514343,0
1647129599999,38793.0,38599.034999999996,10188.64098416093,38986.965000000004,7691.103935467441,1302211248.762942,908245667.7659687,-393965580.9969734,381370761.0722242,0
1647215999999,37756.0,37435.244999999995,1106874.467692516,39374.895000000004,111243.48269533536,1223230664.5696962,720417946.6667784,-502812717.90291774,350941021.4691414,0
1647302399999,39653.8,39447.2725,14890.946946243495,39843.72750000001,9710.74057556751,1105124364.6623237,1303289485.7650826,198165121.10275888,423073498.6253682,0
1647388799999,39280.0,37861.4525,2656273.7101945346,39975.87916666667,30968.599748577453,1028218144.6400517,1089645011.5510976,61426866.91104591,395701947.83808714,0
1647475199999,41124.5,40918.8775,14320.892532874408,41330.122500000005,12827.654870873772,1129116593.8626053,1688571872.9010277,559455279.0384223,468167593.8802408,0
1647561599999,40898.1,40155.13678571428,647604.9670780848,41467.20416666668,41496.972591514364,1114577795.6007526,1494638203.4355538,380060407.8348012,446772093.2457487,0
1647647999999,41751.5,41542.7425,10552.49397822388,41960.25750000001,14623.223031459309,1201307781.5850198,2223287445.9283533,1021979664.3433335,515806426.6352393,0
1647734399999,42188.2,41969.597499999996,491.46377258554156,42391.402500000004,360.3891269812113,1099738224.9435027,2917582992.022191,1817844767.0786884,512238961.4810469,0
1647820799999,41263.0,41065.64,741.8892209844613,41478.36000000001,605.7603365782061,1346224855.6218336,1829934573.9260077,483709718.3041742,510326367.7420436,0
1647907199999,40985.0,40299.159999999996,33319.019533288265,41615.93333333334,1946.1801889499484,1338392315.745893,1607111030.2017014,268718714.4558084,483440977.7232357,0
1647993599999,42359.5,42147.7025,9896.523818794332,42571.29750000001,6743.627305723966,1253111077.093009,1943500074.933538,690388997.840529,514782338.2023245,0
1648079999999,42874.2,41361.02607142857,455957.0477713869,42994.8925,100685.79238929317,1096281080.231184,2336587959.5306273,1240306879.2994432,500603503.5341257,0
1648166399999,43971.95,41361.02607142857,449963.35937880224,44259.279166666674,11871.955515505297,929148370.7436298,3104884539.9463067,2175736169.202677,485068633.24829334,0
1648252799999,44301.75,44072.0325,34618.862708684646,44514.967500000006,31036.53946191805,1831475898.091255,2966021365.6734467,1134545467.5821917,667640818.3083712,0
1648339199999,44496.35,44247.65,383.4934408341223,44692.350000000006,707.9353294839976,1726814238.1084712,3182312911.7875056,1455498673.6790345,663202315.3177241,0
1648425599999,46821.350000000006,46559.034999999996,4980.5976449844475,47024.9325,9778921.871492155,1342603857.353938,5953273190.870813,4610669333.516875,644269905.3825176,0
1648511999999,47122.25,46559.034999999996,4863.533004863572,48430.755000000005,650279.9028132092,1261501464.5231433,2557455190.779101,1295953726.2559576,602999210.3503468,0
1648598399999,47431.15,46559.034999999996,4555.004616765262,48430.755000000005,609028.0371371555,1140419964.4949038,2734801491.872292,1594381527.3773882,564746694.2868384,0
1648684799999,47051.55,46788.88,378.5558559525041,47259.12,295.74454591664704,1187704514.122477,2314979519.795602,1127275005.6731248,560314137.7405642,0
1648771199999,45514.95,45283.445,1854.8370908971335,45738.55500000001,1565.8066246013734,1482492766.6721208,1578308672.2028856,95815905.53076482,563654522.1184264,0
1648857599999,46280.8,46042.63,7205.994743526223,46505.37,5171.730261614546,1454892353.0447278,2009841241.5310261,554948888.4862983,594595922.1446675,0
1648943999999,45811.65,45579.89,97738.79418988388,47364.74428571429,216458.94051757487,1407003380.7133427,1571269333.992375,164265953.27903223,525233397.17502594,0
1649030399999,46408.85,46179.4425,325.36977312575436,46643.5575,236.27732860261688,1243795094.4477534,1796589998.4074783,552794903.9597249,520264878.35317296,0
1649116799999,46585.45,46347.597499999996,5800.561977114588,46813.402500000004,4350.182091778227,1316774984.5966353,1975756366.814015,658981382.2173796,537720792.5718632,0
1649203199999,45493.25,45258.0725,11772.776969858356,45712.927500000005,9673.831804570596,1847430222.58779,1715757957.9178524,-131672264.66993761,576631607.1682893,0
1649289599999,43167.85,42913.549999999996,31497.87827079005,45712.927500000005,9246.2460476347,2705707684.4358582,1101460528.6991413,-1604247155.736717,537636814.4369938,0
1649375999999,43435.65,42680.56083333334,2563799.602806824,45712.927500000005,8514.76230579039,1905126669.3288183,1052096540.2899262,-853030129.0388921,492041978.2454731,0
1649462399999,42255.5,42002.4075,124047.64712203886,45712.927500000005,8328.520526069464,2303387386.4172873,884886700.7740843,-1418500685.643203,470472015.7952075,0
1649548799999,42727.1,42512.8675,4371.251443035751,42940.13250000001,3196.2099416202777,1853165417.2641451,1024192991.4087429,-828972425.8554022,488634188.0432519,0
1649635199999,42143.850000000006,41926.315,2207.736561371391,42347.685000000005,2446.042719876939,2260283392.6395893,1004271908.2916447,-1256011484.3479447,494381136.0992999,0
1649721599999,39510.3,38726.89333333333,119957.79214088412,42488.14166666668,7533.5117298140585,1599405485.864099,670358298.7545031,-929047187.1095959,414762113.42280126,0
1649807999999,40059.85,38726.89333333333,114318.36060826821,42488.14166666668,7179.347795631699,1267185870.0365312,674927830.1470636,-592258039.8894676,395263398.63640726,0
1649894399999,41143.15,40931.315,10182.713158165294,41342.685000000005,12978.751087077599,1267308599.3816032,1150536426.5750391,-116772172.8065641,462851055.81442446,0
1649980799999,39934.4,39730.35,6146.7832427093645,40129.65,5709.020751634484,1810533455.481865,1092592612.0514476,-717940843.4304173,492606770.61192864,0
1650067199999,40535.25,40325.8575,4089.0088670699197,40731.1425,4860.408034935691,1585855098.2733488,1375731094.032259,-210124004.24108982,514706912.5401878,0
1650153599999,40370.6,39920.5725,59728.011952221765,40731.1425,4626.133086555478,1580615325.823242,1247651844.7509758,-332963481.0722661,489880615.17259187,0
1650239999999,39667.6,39331.05,86523.83252941641,40731.1425,4509.860739224197,2033805762.8143272,1050743077.0310229,-983062685.7833043,477305408.62597823,0
1650326399999,40779.45,40569.6325,10371.006819754908,40977.36750000001,14602.5699888498,1426278374.8606985,1761664292.2540636,335385917.39336514,538713462.8960625,0
1650412799999,41482.15,40433.72083333333,31900.86171497518,41946.997500000005,466582.00437085313,1122023115.2124016,1839021183.6127021,716998068.4003005,486414447.8610395,0
1650499199999,41346.1,41126.8325,8385.555571881507,41540.1675,8745.501259204451,1365273501.0161707,1924166478.1905925,558892977.1744218,533220061.1313771,0
1650585599999,40465.5,39473.4925,1471163.9024884175,42988.16500000001,1831702.9639944092,1463268513.2462008,1216889557.4709725,-246378955.77522826,483285936.9241733,0
1650671999999,39684.5,38938.6925,1567761.9449568642,42988.16500000001,1758453.9656300507,1670520007.0309935,1031700266.5695053,-638819740.4614881,461593536.8486958,0
1650758399999,39420.75,39224.3925,10607.83970634535,39618.607500000006,15144.089780229631,2164601890.065004,1445698756.5852668,-718903133.479737,536486354.351717,0
1650844799999,39446.9,38830.1775,157941.44952439432,40012.8225,225482.24311744358,1948192751.9241254,1402541421.5438776,-545651330.3802478,518877841.61054087,0
1650931199999,40418.0,40198.0,1788.9872829029025,40602.00000000001,1323.3441912005776,1288573347.2710505,1845429772.6399484,556856425.3688979,512789278.61468893,0
1651017599999,38105.25,37668.365000000005,1315535.116819753,41006.00000000001,18410.349276207653,2432575743.1558747,969559810.4217434,-1463015932.7341313,457841913.9647382,0
1651103999999,39214.0,39009.97,18875.297822763805,39402.030000000006,17245.385408162063,1923415872.0947342,1663918202.0431433,-259497670.05159092,565067395.2623482,0
1651190399999,39733.5,38617.909999999996,278759.2882845127,40578.21000000001,1912954.5540860563,1579530771.6742575,1769853632.4833152,190322860.8090577,542584298.3245192,0
1651276799999,38572.1,37833.79,1944394.7167219017,40578.21000000001,1776493.0964439432,2140894015.5989604,1254749535.2062228,-886144480.3927376,502821101.23594505,0
1651363199999,37624.05,37497.302500000005,1286778.216698661,37799.5575,4143.499117313764,4787997601.303843,1193209408.9187741,-3594788192.3850684,513699411.4322474,0
1651449599999,38443.5,38254.2675,4710.5086739530525,38638.732500000006,3541.46420315646,1842634884.7440119,1482546571.0800953,-360088313.6639166,524240555.2191968,0
1651535999999,38526.8,37869.8025,70044.2716926271,39304.01750000001,752024.309562008,1727176716.3419526,1422413270.7612314,-304763445.58072114,507404625.3595776,0
1651622399999,37725.65,37524.3355,57263.046596722204,37901.46450000001,46688.625932844436,4171784804.110631,2631856158.2795196,-1539928645.8311114,823435254.9781307,0
1651708799999,39694.75,39498.0175,49300.34718742262,39894.982500000006,33033.85656107117,3425171299.810474,3828798608.528611,403627308.71813726,1023234852.440736,0
1651795199999,36535.25,35481.43,7048635.967991532,39894.982500000006,27043.82743088835,2789153758.102516,1663515451.5410507,-1125638306.5614655,779306269.1065397,0
1651881599999,36005.4,35107.665,805698.3546685264,39894.982500000006,24958.472144731517,2132953697.650291,1450889525.643247,-682064172.0070441,705745285.0628902,0
1651967999999,35464.35,35289.3665,2712.808018365872,35644.0335,2791.697997614823,2505853041.1921487,1421490281.275239,-1084362759.9169097,709370678.3815967,0
1652054399999,34041.45,33862.3375,3492.2442095186566,34202.662500000006,3018.4271042113355,2450339398.134107,1249822853.2370505,-1200516544.8970566,672232647.6677198,0
1652140799999,30060.05,29982.627500000002,496277.6407089247,34316.10416666667,8679.180569300275,1549347501.0404177,712552028.3627467,-836795472.677671,469989310.6026935,0
1652227199999,31016.95,29599.850000000002,100890.36133227474,34316.10416666667,8107.536749205676,677149690.720686,728482449.7087612,51332758.98807526,439222946.57527494,0
1652313599999,29071.1,27558.370000000003,22.819068085339488,34316.10416666667,7057.39539130157,715583178.371304,545030368.4515179,-170552809.9197861,373119713.0750625,0
1652399999999,29031.75,28857.985,4113.331573781511,29148.015000000003,8731.927419592017,513317888.2436294,796770034.309241,283452146.06561166,376463663.23293364,0
1652486399999,29271.4,29127.928499999998,27327.580075395636,29420.671500000004,22360.98680585497,1190141822.7212982,1279913187.3229103,89771364.60161209,489952494.38477695,0
1652572799999,30075.4,29920.645,17387.04764878476,30221.355000000003,14533.734898232984,1310607105.794615,1902289286.8821015,591682181.0874865,566444257.4895989,0
1652659199999,31318.2,31167.778000000002,31646.682560729532,31472.077500000003,434.08391805533773,1813805744.505666,2877188007.9671082,1063382263.4614422,712687707.8334136,0
1652745599999,29860.35,29704.73,1630.8677580348676,30003.270000000004,1433.8988210103014,1900033469.6699471,1616938959.238867,-283094510.4310801,682125275.5137718,0
1652831999999,30430.75,29150.29857142857,74056.28096127698,30898.890000000003,158486.1246352011,1529493188.1412644,1836308334.2638662,306815146.12260175,663911734.6162834,0
1652918399999,28697.3,28584.26292857143,1128289.6373241134,28844.103000000003,3418.3128985824383,3945903828.3308086,1303201636.3177757,-2642702192.013033,651218970.2600634,0
1653004799999,30314.95,30168.3005,69019.5681525743,30461.550000000003,19466.02177972488,3840764217.223605,3808450642.2137303,-32313575.00987482,1119177828.161135,0
1653091199999,29186.95,29039.075,6135.357949933996,29330.925000000003,5255.201413692671,4556515627.945439,2597886705.598318,-1958628922.3471212,1048357914.5202377,0
1653177599999,29428.7,28747.225,90193.58800485532,29872.932142857142,238392.040637421,3786270042.549438,2666792416.0607367,-1119477626.4887013,1011738178.9537333,0
1653263999999,30281.5,30132.579999999998,38972.888966571314,30435.420000000002,26906.00946514885,3747518986.704471,4234112264.1972995,486593277.49282837,1202913592.0919607,0
1653350399999,29094.6,28946.0425,4618.716438769627,29236.957500000004,4255.108287679187,5649973223.358357,2870992182.168991,-2778981041.1893663,1159661723.535693,0
1653436799999,29653.1,29494.8845,9854.831459542273,29790.712500000005,3498.11128123273,4364573737.871971,3682010751.0481033,-682562986.8238678,1225423073.5618765,0
1653523199999,29539.35,29198.4535,143286.75999851414,30341.21607142857,156952.8955630605,4360787752.359809,3312561370.8914967,-1048226381.4683123,1160260889.419968,0
1653609599999,29197.4,29048.03,6828.606553247906,29339.970000000005,6954.021400109099,3197585184.293518,3144338853.430248,-53246330.86327028,1115152272.1958697,0
1653695999999,28621.1,28172.21,768611.9505639437,29437.28333333334,23004.380378370573,4010289345.584476,2654375157.17623,-1355914188.408246,1091312565.5560513,0
1653782399999,29019.9,28873.706,840.8475259657969,29163.090000000004,1312.2627406001611,3339527380.7081003,2952765965.6294208,-386761415.07867956,1091355117.286646,0
1653868799999,29452.4,29305.536,31467.19026456272,29599.260000000002,6111.8297384877105,3932047252.872526,4219745947.8298345,287698694.9573083,1292893817.720346,0
1653955199999,31729.0,31572.8425,18501.433237818455,31885.132500000003,29001.276429084643,4089468409.0609093,5423035755.85823,1333567346.7973204,1508233597.7349577,0
1654041599999,31789.4,31638.810999999998,4441.4674033668525,31956.789000000004,3346.809525581392,3904007872.2961154,5308665995.13721,1404658122.8410945,1470448274.000829,0
1654127999999,29800.050000000003,29207.36,91618.2460714459,32062.781666666673,9972.162271921323,4362375812.8685055,2689140956.6691217,-1673234856.1993837,1285664435.8312104,0
1654214399999,30444.5,30284.9145,13362.313074460335,30589.2855,11725.875285018406,3821202464.438364,3381991876.5938706,-439210587.8444934,1337821136.542566,0
1654300799999,29685.4,29207.36,86642.22645362373,30893.6565,172156.99859631853,4745197979.562033,2734960008.304251,-2010237971.2577815,1290331032.446807,0
1654387199999,29857.65,29707.715,5649.530239493274,30006.285000000003,5179.347889719989,4464271296.681904,2944544616.5990767,-1519726680.082827,1301763197.1934037,0
1654473599999,29905.7,29760.3505,2946.3109706207,30051.007500000003,1523.3103578456657,4458938496.312114,3065641493.972725,-1393297002.3393888,1314919499.9139328,0
1654559999999,31365.85,31213.6475,10357.50390657575,31518.006000000005,66546.27897340237,6029744596.611448,6650330236.867661,620585640.2562132,1877044656.9808893,0
1654646399999,31114.55,30955.445,20483.908547708907,31266.555000000004,16177.055901899927,4602833713.814327,5905287901.176201,1302454187.3618736,1753931702.0449343,0
1654732799999,30192.25,29711.004999999997,3243649.020652009,31370.25833333334,45797.231238003755,5146924887.427384,3847384961.7331166,-1299539925.6942677,1522385091.5171793,0
1654819199999,30104.5,29942.8335,24601.375494215597,30243.7665,18892.55257518114,5825536097.502773,4203155538.942366,-1622380558.5604072,1600983678.4524522,0
1654905599999,29079.1,28935.0975,10265.472288750036,29223.088500000005,1935.289702905221,10001819349.600721,3582066466.9400096,-6419752882.660711,1638734562.638162,0
1654991999999,28418.35,28277.9,9153.485895130409,28562.100000000002,11185.04936873403,6265556189.743708,3421345231.8339925,-2844210957.909715,1573482382.6231036,0
1655078399999,26566.1,26493.2415,4847534.095419622,28562.100000000002,10309.01154100984,8611307687.017477,2240385065.805942,-6370922621.2115345,1315495406.564464,0
1655164799999,22474.0,21800.0925,27.874902103929987,28562.100000000002,8396.953653885017,2271767487.210141,1142900457.1281006,-1128867030.0820405,844161721.9735087,0
1655251199999,22126.75,20774.185,235507.76470444116,28562.100000000002,7189.506924452605,1164810726.042002,1036617236.7397305,-128193489.30227149,723748231.2758688,0
1655337599999,22580.2,22461.13,7187.801572581756,22680.3375,7027.506294262269,957160264.8206277,1448420292.5912013,491260027.7705736,754602182.7521782,0
1655423999999,20386.2,20089.482833333335,949992.7606443962,23099.448214285716,317821.29854101996,1693194416.8318715,965171296.1292989,-728023120.7025726,686566377.5552924,0
1655510399999,20455.9,20355.0135,15893.58778114703,20556.772500000003,10995.106272232822,2189312343.970627,1713637507.5339143,-475674836.4367125,829801044.0466067,0
1655596799999,18968.25,17518.7025,1.0035413868233232,20936.641785714284,473649.0268957861,611672386.8541158,1058788089.7741145,447115702.91999865,667216310.980649,0
1655683199999,20569.3,20464.6625,11314.797500821387,20667.021000000004,20258.602705854057,1581510067.4722776,2484207724.5847363,902697657.1124587,885325179.5272949,0
1655769599999,20569.05,20467.249499999998,2939.5204430347985,20672.950500000003,2472.2284264626487,1187924094.5631633,2351683879.7978034,1163759785.2346401,869988162.7703844,0
1655855999999,20714.3,20611.9225,4538.4468871672,20816.6655,7236.007770090119,1452667483.497957,2160722760.651412,708055277.153455,908423867.2391542,0
1655942399999,19978.7,19644.445499999998,528226.8982937494,20888.12916666667,10803.151086675993,1796250234.6871152,1647756699.6669445,-148493535.0201707,863243599.5682007,0
1656028799999,21095.8,20991.117,23829.981286812836,21200.475000000002,10992.656514199893,2051689859.7599387,3398352365.2507644,1346662505.4908257,1063630179.9968683,0
1656115199999,21231.6,21125.84,1882.8547195405888,21338.160000000003,1610.750673059046,1902385896.617925,3591046421.087329,1688660524.469404,1058887630.2923794,0
1656201599999,21485.75,21374.4905,27235.76725898767,21583.38,1891.0450135886679,2514578210.5236025,5080236003.378816,2565657792.855213,1205533526.4017708,0
1656287999999,21030.55,20926.84,5384.229485747959,21137.160000000003,4630.921028604688,3129805723.635057,3097359905.474804,-32445818.160253048,1155231462.054209,0
1656374399999,20730.25,20488.88,195508.4960166462,21768.120000000003,492096.7896076228,3034566712.724305,2614512063.7131476,-420054649.0111575,1090749331.1438563,0
1656460799999,20275.25,20172.1325,5119.548581099852,20369.943,2277.265215337853,5591510576.470082,2536993180.4922633,-3054517395.977819,1125849728.7373905,0
1656547199999,20107.2,20003.9775,6197.472080277483,20205.022500000003,4842.182761290563,3740327211.5788817,2498261344.739719,-1242065866.8391628,1119925138.3891032,0
1656633599999,19924.5,18347.5175,2646098.248579133,20205.022500000003,4574.708700833665,1256475487.5914757,2210096742.586241,953621254.994765,960419134.8228997,0
1656719999999,19271.5,18347.5175,2420853.8476671535,20978.001,220964.37934696442,1408802782.1486504,1694334918.9027312,285532136.7540808,884077251.2654967,0
1656806399999,19243.45,19144.6955,9706.94493299943,19337.104500000005,9182.900935760537,1630928889.7738209,1893119356.3061929,262190466.532372,906782068.364133,0
1656892799999,19310.85,19209.47,7557.1696032929185,19402.429500000002,2304.7151640503166,1820259285.5472894,2156439119.59042,336179834.0431304,954376261.4405404,0
1656979199999,20230.9,20125.466999999997,43238.51497684061,20327.733,35141.630591573165,2500412508.5082545,4001671416.021219,1501258907.5129642,1180714720.3489838,0
1657065599999,20174.25,20069.15,18136.91238795132,20270.850000000002,13890.63888958608,2503266328.2005353,3608704755.7271857,1105438427.5266504,1223164509.333661,0
1657151999999,20555.3,20451.3295,17380.92922184282,20656.8705,12914.802625786691,2560557032.5798826,4761509497.395626,2200952464.8157434,1278033670.4883702,0
1657238399999,21614.1,21505.333000000002,78393.3723232881,21703.980000000003,11795.166881541078,4487498052.358673,7485882464.760861,2998384412.4021883,1706395196.234833,0
1657324799999,21592.85,21482.05,29371.468392529143,21697.95,22324.53720235,4935846905.963097,4674720694.34306,-261126211.62003708,1686704025.5908408,0
1657411199999,21586.0,21266.15,383015.65213593235,22098.907142857144,898338.3796659347,4628582728.321749,4324110757.766172,-304471970.5555763,1583368723.8481896,0
1657497599999,20851.4,20624.18,2773923.25529574,22098.907142857144,878536.9712545741,5354745803.079391,3087027135.4387126,-2267718667.640678,1447463398.1963973,0
1657583999999,19956.9,19834.706499999997,1575694.238357801,22098.907142857144,838702.1873522127,6367612545.651582,2337935397.5412946,-4029677148.110287,1338812634.4875183,0
1657670399999,19323.2,19016.41,76116.1736934442,22098.907142857144,781899.5736369845,4062872750.6394076,1964513864.6804187,-2098358885.958989,1217736801.873713,0
1657756799999,20223.55,20118.999499999998,9745.265445999572,20316.577500000003,15228.32311333093,3071515608.1243496,3093587006.402438,22071398.27808857,1349562034.1465993,0
1657843199999,20580.8,20475.707,23477.978079249155,20681.493000000002,20061.18568764322,3203362653.4305177,3981081462.5516276,777718809.12111,1439075480.8608775,0
1657929599999,20826.05,20718.9845,14527.897416207306,20926.612500000003,7878.775721285593,3530030634.1580863,4603642701.464592,1073612067.3065057,1553377150.351016,0
1658015999999,21187.0,21084.5475,8374.570673178789,21289.417500000003,3439.6792547033706,3384297237.6345882,4938170662.306163,1553873424.6715746,1585595942.5384886,0
1658102399999,20796.7,20691.00964285714,365995.2756225859,21682.825357142858,159578.0867086468,3853025609.3788137,3955594799.6087737,102569190.22995996,1523234591.4176774,0
1658188799999,22430.6,22311.7805,21633.061325564508,22535.115,10348.004712990303,3409643217.51229,7248609058.956191,3838965841.443901,1640632361.2014232,0
1658275199999,23385.7,23268.970500000003,65382.80388389908,23502.829500000003,43413.96970959971,4327292939.837557,6928877748.91159,2601584809.074033,1838668233.1828048,0
1658361599999,23225.15,23103.9,16933.88112888749,23336.100000000002,13174.041603810523,4703390269.43534,4920024002.826326,216633733.39098644,1772415948.5066805,0
1658447999999,23145.8,22333.5345,11314953.219963398,23568.300000000003,181186.58719019918,4128469054.048937,4542985093.450122,414516039.40118504,1686836794.9222548,0
1658534399999,22680.9,22563.1175,2669.4712269687966,22788.4755,7597.131082015229,5519384905.267646,4066140138.956233,-1453244766.3114128,1731934029.7847545,0
1658620799999,22445.1,21882.8225,299281.72038878634,23015.2265,114809.43779697911,4341246297.123533,3675449601.493488,-665796695.6300454,1666082918.993923,0
1658707199999,22572.05,22460.6325,2305.869070444666,22686.367500000004,1714.3377659647822,4108733321.1369314,3804655224.314979,-304078096.82195234,1643616599.6889145,0
1658793599999,21303.0,21181.4675,692846.639743316,22686.367500000004,1597.5219936733174,9417651788.738682,2431617139.9330935,-6986034648.805588,1463225057.6596718,0
1658879999999,21247.5,21134.795,4063.8898610214587,21347.205,3223.811797319585,3855911570.8304763,2461967461.193878,-1393944109.636598,1416764657.3151474,0
1658966399999,22946.05,22826.3945,45908.97868835234,23052.690000000002,16677.48571069592,4237352837.428214,5587361234.602424,1350008397.1742096,1761264808.7837143,0
1659052799999,23839.0,23719.805,6039.717454235688,23955.381000000005,11678.335272030443,3838945465.050783,7985713328.613582,4146767863.5627985,1833092200.8254128,0
1659139199999,23769.95,23277.080714285716,260680.4056399086,24553.185000000005,3801875.672106104,3736271059.824371,6102576647.381632,2366305587.557261,1735912698.875405,0
1659225599999,23636.25,23511.750500000002,12436.99036153012,23747.647500000003,6039.11474668843,4398156075.362885,5123570210.552183,725414135.1892977,1789371821.5245771,0
1659311999999,23295.2,23072.9095,556576.9754427174,24186.48107142857,270451.95137920405,4763189892.289834,4178137716.802246,-585052175.4875879,1689197258.8572357,0
1659398399999,23261.85,22802.8535,1321985.4392494913,24186.48107142857,262793.3682776438,4434107732.02576,4022970731.160669,-411137000.86509085,1643084879.2289786,0
1659484799999,22978.55,22857.14,2684.5923115872324,23086.860000000004,2485.6678119299763,4699975409.235545,3660592130.3361664,-1039383278.8993788,1620384807.9736438,0
1659571199999,22814.0,22687.4925,6807.733566559755,22915.507500000003,6162.401826144012,5296609584.885916,3564451215.2534485,-1732158369.6324673,1616551016.2371716,0
1659657599999,22610.45,22489.4875,12476.790273129134,22715.512500000004,9777.919370514022,5657255350.54744,3526489043.452812,-2130766307.0946274,1622838565.0682118,0
1659743999999,23300.05,22489.4875,12179.014015308328,23599.5525,660292.7670956852,3869893075.095159,4388055074.389623,518161999.29446363,1577053311.6271496,0
1659830399999,22951.75,22828.5835,6652.908274374366,23058.0165,5320.419282894023,4457087833.402164,3789601667.079437,-667486166.3227277,1560026860.9165134,0
1659916799999,23173.05,23051.961,3319.28239089842,23282.835000000003,8620.714602771357,4376258508.156201,4464650414.59316,88391906.43695831,1619736301.0923564,0
1660003199999,23812.25,23690.4525,3450.9054988676608,23923.422000000006,33919.53633051197,4956036792.363962,6338730293.686251,1382693501.3222885,1865371127.945814,0
1660089599999,23142.6,23023.305,8996.340950265756,23254.695000000003,7501.815607445238,6134165414.067827,4684896284.855626,-1449269129.212201,1828241684.9674988,0
1660175999999,23947.050000000003,23820.3,21954.68806791388,24059.700000000004,14913.757573427167,4735135160.729902,7172744654.512105,2437609493.7822027,1907847845.0169291,0
1660262399999,23930.6,23820.3,18463.93807392324,24036.786000000004,17442.25985507517,4969779180.777402,5451600385.318209,481821204.5408068,1849266494.6586998,0
1660348799999,24393.8,24265.5625,5488.365516447171,24480.962571428572,816520.0010439092,4744705357.140344,7646126201.62025,2901420844.479906,1931791464.2218485,0
1660435199999,24434.7,24306.855,15953.738334334337,24551.145000000004,14910.613091150659,5029574112.069996,7791664131.41482,2762090019.344824,1988894332.8383234,0
1660521599999,24299.05,24169.0475,11172.226738988375,24411.952500000003,8639.128411947997,5320192460.777217,6776272608.952731,1456080148.1755142,1947350306.2454333,0
1660607999999,24089.45,23717.938214285714,522171.129681307,25208.525,1167054.8277147468,5351413035.124892,5145678431.122308,-205734604.00258446,1821716251.7614622,0
1660694399999,23849.5,23573.985,1579991.1582574723,25208.525,1127168.39257066,5900063660.2775345,4569487734.936506,-1330575925.3410282,1783314574.8751786,0
1660780799999,23335.949999999997,23216.4345,48661.06798125361,23443.635000000002,1460.4244479954184,7547623243.65611,4532522213.235657,-3015101030.420453,1882678396.1541522,0
1660867199999,23186.55,23080.098,1864601.8524707141,23303.940000000002,34437.46640916545,8969268852.56511,4776305639.546358,-4192963213.018751,1944432912.0409534,0
1660953599999,20822.45,20740.319285714286,91160.75209126114,23303.940000000002,31083.752772990578,5276042821.722096,2265660484.3179245,-3010382337.404172,1438723099.88828,0
1661039999999,21127.9,21022.161,2641.23852964999,21233.439000000002,2867.2120429459324,4238286551.972052,2409911155.9334354,-1828375396.0386167,1412546905.7286506,0
1661126399999,21509.3,21398.072,9953.292288270217,21613.027500000004,562.8633548968289,3857367054.574539,2916193846.0028596,-941173208.5716796,1462442131.5052567,0
1661212799999,21393.25,20810.882999999998,39153.891795300726,21613.027500000004,548.1903457374141,3901802934.754738,2747278605.32596,-1154524329.4287777,1426785355.875703,0
1661299199999,21517.35,21410.609,6976.734797950541,21624.082500000004,2003.4012992642029,3927829623.912867,3084463228.3029957,-843366395.6098714,1466095296.8874204,0
1661385599999,21360.45,21248.125500000002,1633.0130286588821,21459.765000000003,6747.663482167294,4321205342.417304,3123796018.59606,-1197409323.8212442,1496432535.7918363,0
1661471999999,21555.8,21441.7525,2500.3419271196144,21656.041500000003,4013.6291494644256,4121586541.562489,3480969219.0444613,-640617322.5180278,1519733548.3035755,0
1661558399999,20233.45,20094.2915,512160.9503726859,21871.524500000003,59971.67329338962,6149804474.338184,2298888516.840694,-3850915957.4974904,1407481229.7414153,0
1661644799999,20033.0,19927.3625,4754.089624322771,20124.019500000002,3317.4476701434,6821968521.767574,2419768844.297583,-4402199677.469992,1431539839.560381,0
1661731199999,19552.5,19507.9575,405833.98057212884,20190.76583333334,10725.767295651085,11841339701.070118,2094349891.5800586,-9746989809.490059,1355064602.9999638,0
1661817599999,20276.75,20176.1125,9069.92908650323,20376.877500000002,21143.785175329143,5272151240.929343,3436994816.6314254,-1835156424.2979178,1528719538.0870023,0
1661903999999,19803.3,19507.9575,389041.605103618,20579.632500000003,316603.13857446343,7259889451.624975,2789450921.766007,-4470438529.858969,1482897636.2215118,0
1661990399999,20046.0,19950.2475,800.9006588294649,20150.752500000002,722.2429300321146,5479307772.128528,2880113212.2250495,-2599194559.903478,1411018047.233242,0
1662076799999,20129.05,20021.8875,19831.02323926049,20217.587500000005,2272.6701690060963,5535209774.121156,3411456965.768811,-2123752808.3523445,1481827970.3295891,0
1662163199999,19944.5,19840.7975,13462.23361383294,20040.202500000003,12772.519469681245,6517051892.301043,3419124549.67576,-3097927342.625283,1510460990.358774,0
1662249599999,19826.55,19721.5965,34458.03867776774,19919.8035,34053.99593373192,7996826618.514574,4200404983.5116444,-3796421635.0029297,1677217721.6157184,0
1662335999999,19997.85,19886.5675,18616.178899782117,20086.432500000003,13741.135437629542,7089978558.228832,4942050974.492647,-2147927583.736185,1731219902.3751247,0
1662422399999,19787.9,19685.9755,16071.214994550359,19883.824500000002,14552.317788002896,8989308810.97755,4723861684.048311,-4265447126.9292393,1800805653.2664063,0
1662508799999,18782.0,18598.4235,10201038.299157588,20239.607500000002,169289.0003245331,7979616280.743637,3133317170.663645,-4846299110.079992,1559043910.1090043,0
1662595199999,19287.0,19190.565,9754.669907258529,19383.435,9768.10172587479,4224303972.9939327,3782567078.571348,-441736894.42258453,1532842629.9657083,0
1662681599999,19313.15,18997.695,144026.25253616364,19447.725000000002,31837.20586869225,4016591867.1810265,3691093338.740822,-325498528.4402046,1481270830.713465,0
1662767999999,21355.3,21245.24,120559.842305037,21457.252500000002,22483.297202521087,5955766939.350359,8422612932.610976,2466845993.2606173,2102966657.5604372,0
1662854399999,21641.75,21531.3025,14907.199553566155,21747.697500000002,10815.700968513745,5420730040.122103,9928148575.928442,4507418535.806339,2125478730.6074824,0
1662940799999,21825.4,21711.1985,22954.957516401748,21885.217500000002,6184854.5447895415,5566785161.707696,13168932224.143974,7602147062.436278,2204466178.311983,0
1663027199999,22387.25,22276.5575,6870.984598491745,22486.519000000004,756642.991520331,5463208680.85866,11501110651.188461,6037901970.329802,2301303496.019858,0
1663113599999,20165.25,19747.3715,9389208.41692012,22831.6725,86795.94266503892,5386902699.363816,2976078445.731656,-2410824253.63216,1649367464.0010357,0
1663199999999,20218.5,19583.7475,5746425.0924942745,22831.6725,72090.75591590266,4424479516.664418,2749563351.341241,-1674916165.3231773,1502422132.6904428,0
1663286399999,19696.9,19323.56,44645552.91917872,22831.6725,70367.98092194379,6240415730.189088,2400923983.2446566,-3839491746.9444313,1456281815.2263894,0
1663372799999,19795.9,19693.5375,14886.5273934661,19889.452500000003,8682.553592336353,4047385532.8053684,3100991579.948422,-946393952.8569465,1533837471.8923924,0
1663459199999,20108.75,20005.47,7374.163328945631,20202.510000000002,13632.576440208919,4148598238.7596393,4108793352.7326097,-39804886.027029514,1648713975.6140943,0
1663545599999,19412.9,19324.00964285714,428652.418162601,20202.510000000002,12994.29917469518,5531041348.216179,2966796442.34023,-2564244905.875949,1564220859.6038609,0
1663631999999,19533.3,19429.8625,2640.7086742452234,19625.1375,3200.2319196745025,3466159608.6170444,2996190365.5181456,-469969243.0988989,1437444350.39471,0
1663718399999,18868.4,18648.7625,458174.7174245689,19690.22916666667,9926.834712840964,4521979247.965491,2364733112.410471,-2157246135.5550203,1355644864.7718444,0
1663804799999,18453.0,18097.635000000002,1596191.0491465642,20202.510000000002,10964.282934558081,5502618401.746064,2069646725.607531,-3432971676.138533,1285253109.3912299,0
1663891199999,19398.7,19297.5275,5144.409327224809,19489.4625,33007.59908754391,4488857097.682934,3703061875.00379,-785795222.6791439,1551307693.6548848,0
1663977599999,19284.45,18521.747499999998,959144.1403783195,19491.472500000003,4141.266663355409,3942682903.514737,3347054469.185698,-595628434.3290391,1463665854.3231976,0
1664063999999,18915.65,18816.445,2075.978465937238,19005.555000000004,1901.5138507316885,4766590106.985869,2942157213.084362,-1824432893.9015074,1451884576.07258,0
1664150399999,18799.85,18706.0,3606.2035272887015,18893.698500000002,2940.8528027878597,5286758518.40139,2996289855.873392,-2290468662.527998,1475732003.6352127,0
1664236799999,19221.5,19120.2185,30649.744468042485,19309.5675,7591.132175129974,5141822559.105794,4492328210.720257,-649494348.3855371,1681672701.7525947,0
1664323199999,19074.5,18975.645,2593.683876237699,19166.355000000003,2933.0366669237437,5537912212.745742,3458601072.7201953,-2079311140.0255466,1643788564.1776395,0
1664409599999,19408.15,19310.2635,14561.106802107523,19504.3365,11802.018289838357,4769832967.037327,4172955747.377767,-596877219.6595597,1690622249.4848673,0
1664495999999,19585.3,19484.5875,9867.282025931703,19677.397500000003,18381.24020269678,5184829878.0501795,5317226221.0243845,132396342.97420502,1849297811.114225,0
1664582399999,19418.050000000003,19117.983214285716,918977.0185565841,20247.045000000002,824918.4072400335,5123933097.198912,4308299216.862282,-815633880.3366299,1700362698.3561127,0
1664668799999,19307.6,19207.48,81.08680256508082,19399.0125,619.5169496610081,5435856231.449222,4084623960.055919,-1351232271.3933024,1685718525.3915,0
1664755199999,19055.0,18958.73,5741.322006580658,19149.27,4555.28961190452,6142420161.359191,3786028191.9044046,-2356391969.4547863,1682747193.9806528,0
1664841599999,19623.0,19523.89,55226.903857211255,19715.5875,3340.0541403674715,5931940177.755223,6021065768.426196,89125590.67097282,1934054880.360555,0
1664927999999,20332.55,20231.335,137373.0874174366,20428.132500000003,26203.493559688854,8763615791.435331,12954807307.103418,4191191515.668087,2749253934.107233,0
1665014399999,20153.0,20048.255,30060.832112193006,20249.745000000003,25683.755601914814,9350797415.134192,10568647883.777178,1217850468.6429863,2767638374.6655574,0
1665100799999,19954.25,19674.059285714287,1253911.0695775943,20451.235000000004,349998.429580075,10221505024.14857,8507180401.832472,-1714324622.3160973,2613875769.1424184,0
1665187199999,19522.45,19242.295,4713598.456317051,20451.235000000004,333001.57385768194,9922861008.912174,6224756685.321465,-3698104323.5907097,2355741279.926517,0
1665273599999,19405.6,19307.975,5539.534851417995,19502.025,4290.304414252674,10723086867.562681,5892558203.871732,-4830528663.690949,2316070876.9793777,0
1665359999999,19439.25,19339.3175,628.589635795572,19527.15,4279.056042729899,10302881964.455212,6038306861.991643,-4264575102.4635687,2315303080.15811,0
1665446399999,19126.0,19028.38,18982.281375674374,19219.620000000003,15206.753067504756,10857270472.00239,5634908723.238483,-5222361748.7639065,2321666730.0206146,0
1665532799999,19057.5,18959.725,20846.3817852368,19150.275,16026.60404087847,10580619715.328232,5770090040.887158,-4810529674.441073,2354226391.333933,0
1665619199999,19151.7,19052.26,19048.50296065287,19243.74,14219.009337327643,9644845111.202892,6042724564.513584,-3602120546.689308,2321906447.2426424,0
1665705599999,19370.5,19269.17,9572.069858988869,19462.327500000003,26444.82462209543,5298702429.688224,7190264992.381467,1891562562.693243,2208129483.5052576,0
1665791999999,19175.75,18909.515714285713,313166.701456909,19984.58,2072001.0614246277,5434065958.8892,5772228170.244453,338162211.3552532,2089254761.5220985,0
1665878399999,19062.0,18965.098,11615.316073132597,19155.702000000005,10386.702908971662,5851719845.568642,5559618417.946097,-292101427.6225443,2074084795.8811636,0
1665964799999,19252.2,18965.098,11160.355841642171,19509.68085714286,324024.3889972315,5092316421.061056,5824206534.71409,731890113.6530342,2005292915.1058192,0
1666051199999,19540.3,19442.896999999997,151439.91431537122,19638.303,120024.91697534463,6471346404.879442,8376976584.023228,1905630179.1437855,2274590814.493995,0
1666137599999,19320.7,19223.8975,64714.27949244864,19417.1025,61209.7593161576,7772394264.270541,7822700891.904274,50306627.633732796,2322429085.0382576,0
1666223999999,19123.3,19030.6925,713661.5195904893,19417.1025,58062.95522594867,8576379344.05638,6826863989.82603,-1749515354.2303505,2258759929.24432,0
1666310399999,19041.75,18946.2925,12630.702617484432,19129.8735,18272.54039928527,9297206767.444338,6881991643.038322,-2415215124.4060154,2292639393.253655,0
1666396799999,19157.55,19057.235,35532.289601452714,19248.765000000003,26447.622524134964,6949625316.2722225,7415844180.289261,466218864.01703835,2244766946.7910013,0
1666483199999,19197.55,19099.124499999998,7640.741438837046,19248.765000000003,24809.44675773697,6683198332.403385,7484310238.893022,801111906.4896364,2196021045.0370965,0
1666569599999,19561.85,19462.8965,160769.67860785566,19656.795000000002,7186.4091427104695,7468047805.90788,11112779233.118315,3644731427.210435,2441459229.920866,0
1666655999999,19323.3,19099.626357142857,4108583.961803327,19656.795000000002,6987.307333526827,7724115056.767436,8246517330.113999,522402273.34656334,2224708107.806401,0
1666742399999,20072.949999999997,19967.9585,263302.8969123023,20168.6415,234669.41749178816,8347108474.567614,13626221878.584795,5279113404.017181,2606103007.1989336,0
1666828799999,20759.15,20654.5085,73006.15732799015,20859.780000000002,72567.89105920035,8219209417.702176,15011028171.844982,6791818754.142806,2749428876.3741612,0
1666915199999,20287.75,20031.7595,4575922.312907979,20928.96666666667,202824.45346558874,9154086010.78024,8783434298.61554,-370651712.16469955,2439335939.620086,0
1667001599999,20589.6,19901.064166666667,663193.8530862286,20928.96666666667,193638.23469976365,6901404238.2469635,10663889648.921247,3762485410.674284,2346398413.1733456,0
1667087999999,20801.9,20692.716500000002,64561.528287410816,20900.683500000003,55300.11311375362,7129193598.124129,12745942217.606316,5616748619.482186,2428640198.6737614,0
1667174399999,20619.8,20484.7495,727031.2380900193,20970.005833333336,157254.72659868613,7312928309.565226,9960136550.604084,2647208241.0388584,2281032307.548812,0
1667260799999,20481.5,20068.8155,3974638.0837197257,20970.005833333336,144042.99374171262,7063708831.724244,8309465933.87724,1245757102.152996,2116966050.5255055,0
1667347199999,20478.0,20369.7395,6170.047779287652,20574.4605,5952.810401961317,7042224568.626255,8227652041.6414175,1185427473.0151625,2092958300.5207694,0
1667433599999,20143.75,19989.543357142855,189751.5299362101,20954.656642857142,183070.6862569476,8205950367.867644,6320458468.979796,-1885491898.887848,1965971057.8746357,0
1667519999999,20204.6,20098.7015,644.2591285929054,20300.698500000002,524.5626523949701,7648651898.920712,6448623885.606006,-1200028013.3147068,1940911714.572275,0
1667606399999,21140.8,21031.912,127389.38105471131,21237.660000000003,31057.555716638464,7606297746.381884,16409538765.322515,8803241018.940632,2373926996.9707317,0
1667692799999,21290.2,21184.0475,18790.88897868828,21396.349500000004,34955.654479489116,8159907862.477886,13647143924.047916,5487236061.57003,2494433971.043842,0
1667779199999,20907.0,20820.536,1531489.282982996,21008.520000000004,6934.177424180153,10184336071.678995,8838425221.717348,-1345910849.961647,2357176222.232433,0
1667865599999,20585.25,20332.427499999998,2313285.1196827306,21078.200000000004,20523.076295452654,9345980274.638811,6670334502.726038,-2675645771.912773,2127221483.7268798,0
1667951999999,18535.5,16762.5955,191249.3923411861,21078.200000000004,18020.416996856777,2401750262.2328596,2896307284.089327,494557021.85646725,1331309743.0614545,0
1668038399999,15898.25,15452.0555,604449.978391543,21078.200000000004,11264.887141500452,2032022388.5790253,1477662638.0827858,-554359750.4962394,950882815.135776,0
1668124799999,17591.0,17506.03,10967.49160346944,17675.940000000002,8830.875053261121,1532213515.4394484,2754031746.6034565,1221818231.1640081,1076750020.645846,0
1668211199999,17055.15,15922.57,5520788.083468498,17681.97,16006.076429193521,1344524951.0002282,2116692559.6752353,772167608.6750071,977472423.830235,0
1668297599999,16805.45,16719.98,2067.847962515983,16888.02,3731.0290898945495,1499889646.5841825,2062327598.0089989,562437951.4248164,973965938.5088971,0
1668383999999,16325.85,16215.859999999999,228718.3746632669,16944.033333333336,12128.596891912948,1925732522.242691,1776549106.6484454,-149183415.59424567,943679473.0186505,0
1668470399999,16606.35,16524.4625,523.4716713065843,16690.537500000002,625.3568153643006,1352593812.026412,1867085679.4625657,514491867.43615365,917800158.0556434,0
1668556799999,16883.15,16803.8585,12198.99888991069,16972.7415,10803.066112220004,1519448519.5219734,2244856861.971227,725408342.4492538,954268697.9105365,0
1668643199999,16646.8,16567.346999999998,8909.058720149023,16726.215,14258.647550931753,2220504052.7220616,2822232248.3035345,601728195.5814729,1088194984.860792,0
1668729599999,16685.3,16605.0575,3377.2774916628746,16765.5105,4234.379291646994,2326460343.874536,3184071090.1271157,857610746.2525797,1132659961.737371,0
1668815999999,16694.85,16616.5,16564.46079053544,16783.500000000004,12548.633088066872,2694220210.7599974,3430514591.468895,736294380.7088976,1187814612.2570467,0
1668902399999,16690.45,16449.5,244476.0406970636,16839.16666666667,40883.786365336906,2614919645.820553,3317941731.4119735,703022085.5914207,1154728468.804886,0
1668988799999,16273.05,16128.3265,2073707.195490719,16839.16666666667,40126.10816340757,3608834503.8310637,2660379380.46596,-948455123.3651037,1126264637.3119633,0
1669075199999,15769.25,15694.135,9683.490720699352,15851.865000000002,10018.756181913239,3098939494.8200846,2470255094.4887347,-628684400.3313498,1114477080.0711172,0
1669161599999,16219.55,16139.497,7229.403045175694,16299.592500000002,99.80509218821541,2403902839.375933,3202550999.3009653,798648159.9250321,1140559461.3851104,0
1669247999999,16592.4,16506.055,6502.283442534332,16671.945000000003,12030.446836245206,2139910148.7503085,4020052605.4088492,1880142456.6585407,1171482672.0794253,0
1669334399999,16593.45,16511.5275,7548.357354429267,16675.362000000005,1377.3070051064774,2363245466.953615,3886049491.9797025,1522804025.0260873,1213742201.601899,0
1669420799999,16513.3,16433.5195,2684.4618149874423,16593.0525,4298.015581162998,2565976560.584443,3855690904.547422,1289714343.9629788,1237984236.406692,0
1669507199999,16449.1,16372.9125,9076.210946663634,16531.446000000004,500.0343916979387,2641798290.986522,3653890991.0799837,1012092700.0934615,1221126120.6399283,0
1669593599999,16424.3,16372.9125,8895.345790031899,16504.713,970.2536187674507,2677842163.1835895,3575765901.1726246,897923737.9890351,1209464714.5166812,0
1669679999999,16205.25,16124.97,1485.2639815717332,16287.030000000002,2425.8273432486753,2884898591.6405087,3195778429.6068645,310879837.9663558,1185057210.0699563,0
1669766399999,16430.1,16351.034000000001,12158.832893217697,16515.366,10298.543640882779,2719480369.327795,3741917485.5652905,1022437116.2374954,1209261190.7330527,0
1669852799999,17158.15,17067.533499999998,22278.727349726836,17232.232500000002,10347.578961021023,2766828770.5895395,6977859668.996097,4211030898.406557,1322210167.8282616,0
1669939199999,16971.5,16887.6375,631.4250590845782,17055.3525,5027.499033169516,3146190610.2827153,4631750594.731391,1485559984.4486756,1320919543.0719905,0
1670025599999,17086.25,16998.0825,11630.087072778464,17111.920833333337,16053.28150131695,3096878093.393551,5296380393.413305,2199502300.0197544,1345663044.8495774,0
1670111999999,16882.0,16827.2475,150515.93093039468,17168.917500000003,9478.388161946828,3584458558.817972,4316394824.435231,731936265.617259,1308534916.2099452,0
1670198399999,17102.45,17014.0025,45071.39659640361,17181.480000000003,4737.286349472868,3822200185.898835,5967485599.642251,2145285413.7434158,1447298525.7130706,0
1670284799999,16964.0,16881.17,1270.193935498267,17050.83,2336.005380803099,3973500047.429722,4694686194.311715,721186146.8819933,1333410565.1815848,0
1670371199999,17081.75,16996.0925,11324.032406427841,17166.9075,8430.9047842518,3495033274.976494,5003371806.258227,1508338531.2817335,1270168043.2686174,0
1670457599999,16827.5,16572.433928571427,22457.562870467264,17166.9075,8272.992082304194,3854841898.351235,3971700913.0318623,116859014.68062735,1217493744.1465948,0
1670543999999,17220.5,17129.92,27469.88002989144,17295.5475,16599.005676038923,3653947215.0166497,6424705088.4379425,2770757873.421293,1354892632.2296495,0
1670630399999,17122.5,17030.42,2049.138616146353,17201.58,2566.478622755203,3846817290.595758,5619934207.727075,1773116917.1313167,1330632409.150197,0
1670716799999,17121.5,17034.4,5353.675820213766,17205.600000000002,5098.601039349316,3885662110.277777,5626904494.038516,1741242383.7607388,1328374786.9354634,0
1670803199999,17082.45,17034.4,5238.908201511561,17163.390000000003,5199.492686272114,4012785542.2747498,5398859778.158909,1386074235.884159,1316435645.0052054,0
1670889599999,17200.5,17108.03,9123.236015988541,17279.97,10505.752424846887,3600616453.3025975,6109672359.992762,2509055906.690164,1294970882.1426818,0
1670975999999,17773.55,17688.2145,54500.31570936908,17853.322500000002,34797.14272423813,3675526024.2435923,6838441334.796357,3162915310.552765,1383256520.2824788,0
1671062399999,17806.45,17714.880500000003,41184.97147341626,17878.95,7678.234454154166,4157439940.7692647,4883611083.937588,726171143.168323,1405878927.2824364,0
1671148799999,17357.25,17266.7325,5609.078163368147,17440.2675,7240.9060263624315,5411234912.235093,3744643840.721731,-1666591071.513362,1354892573.5536442,0
1671235199999,16631.5,16520.8,314625.58696851006,17613.8025,85218.38176738893,6021722696.531863,2550624577.822402,-3471098118.709461,1173479391.8026307,0
1671321599999,16771.25,16684.16,9580.214010508202,16851.84,7116.107347753212,4807269210.429902,2712657339.2022977,-2094611871.2276044,1158917461.7121909,0
1671407999999,16732.65,16645.8525,6897.506786446796,16813.147500000003,6847.741396140514,5094944280.902027,2770306040.873841,-2324638240.0281863,1164365798.3000813,0
1671494399999,16432.75,16206.8275,433030.83690754266,16813.147500000003,6678.404160279321,5435861008.249651,2395559921.113844,-3040301087.135807,1104337432.9334168,0
1671580799999,16891.8,16805.55,18526.423886515655,16971.636000000002,1907.836894208842,3712858343.734251,3127088117.3129125,-585770226.4213386,1151248934.0577288,0
1671667199999,16825.5,16735.501999999997,1535.0944134784368,16903.698,1257.9701557538897,3765767854.1600995,2911586204.95218,-854181649.2079196,1110258914.796966,0
1671753599999,16823.8,16748.3375,13194.575364135124,16899.577500000003,17124.423782245907,4284135508.3494115,3383583274.156153,-900552234.1932583,1195124143.3184154,0
1671839999999,16781.0,16701.075,23863.49447200376,16868.925000000003,18296.81892087582,4756569240.398396,3548630326.408189,-1207938913.9902067,1236424066.1729648,0
1671926399999,16833.35,16744.755500000003,113.15280738909523,16868.925000000003,17832.257058661955,4449948782.596206,3614408405.9631352,-835540376.6330705,1214426735.5594175,0
1672012799999,16825.0,16701.075,22786.206213629677,16868.925000000003,17470.831418828253,4397608188.992798,3522566364.51195,-875041824.4808478,1191386956.8326619,0
1672099199999,16913.45,16826.445,6909.951047445098,16969.14083333334,285.19786068476844,4146239431.8481913,3797787337.2219357,-348452094.6262555,1193103843.2663362,0
1672185599999,16705.15,16614.709,30773.102375264578,16781.691000000003,30361.00403839062,5385681050.584163,3763678956.5379357,-1622002094.046227,1260543695.9153337,0
1672271999999,16542.75,16463.767499999998,7786.6650903811815,16621.695000000003,13541.352656762323,6701111976.272314,3690614183.6080747,-3010497792.6642394,1298662285.6852975,0
1672358399999,16638.55,16558.79,31692.546575608354,16676.825000000004,41399.69744345023,6365163632.798316,4371352703.277279,-1993810929.521037,1374086479.1770945,0
1672444799999,16607.15,16537.3975,6447.8856604227185,16676.825000000004,40924.18136121851,6435095728.120155,4330841906.364503,-2104253821.7556524,1379421119.6434333,0
1672531199999,16541.199999999997,16371.1925,77884.10598804118,16676.825000000004,39550.04444447529,6829928787.611545,4029479681.0674434,-2800449106.544101,1345895055.8455098,0
1672617599999,16614.95,16527.248499999998,23101.38395422295,16676.825000000004,39095.773438943994,6456007315.209473,4548837606.879384,-1907169708.3300886,1383803735.4999907,0
1672703999999,16670.5,16584.66,17521.63001029205,16751.34,13181.113092549927,6105299690.989858,4727543551.645351,-1377756139.3445063,1373188802.961931,0
1672790399999,16668.6,16586.65,7834.505281148732,16753.350000000002,5946.710298054579,6138769331.86907,4737276992.160529,-1401492339.708541,1370141550.8277557,0
1672876799999,16849.05,16763.2625,13717.720056856433,16931.737500000003,10046.601015764352,5233629516.857326,5466302321.706226,232672804.8489008,1355811152.611888,0
1672963199999,16824.9,16739.681,45920.25357847338,16907.919,37576.60143783708,5436347535.809932,5368182024.625388,-68165511.18454361,1338136288.9829202,0
1673049599999,16944.199999999997,16859.081,8246.91949951088,17024.7,38463.90111294102,5284518449.388177,6447648932.895248,1163130483.5070715,1368926731.9549766,0
1673135999999,16942.0,16859.081,8152.195549988193,17021.182500000003,29516.609918972063,5369264109.646171,6406769706.072324,1037505596.4261532,1350729205.1838734,0
1673222399999,17125.35,17033.9025,54877.18375293579,17182.242000000002,187684.9962714166,4939507102.611729,8339205159.366236,3399698056.754507,1356491912.721299,0
1673308799999,17177.2,17083.8515,25477.661812868526,17255.548500000004,24604.54174153521,4703951165.674027,6244696414.19263,1540745248.5186024,1303033788.8776596,0
1673395199999,17433.75,17343.3475,18789.060013323968,17481.15,690124.7154045481,5954818323.108535,10905566509.79368,4950748186.685145,1488679790.8490546,0
1673481599999,17939.35,17839.355,174570.62093477487,18018.645,151698.99867522673,5338978306.759124,11508402189.3409,6169423882.581777,1515722598.6011086,0
1673567999999,18840.25,18743.81,92329.28307182748,18932.190000000002,60171.97872890233,4560249555.577912,5073602128.4139,513352572.83598804,1421036052.6202116,0
1673654399999,19926.5,19824.579,63154.03863212345,19999.67666666667,7728686.224275956,4240607981.229973,10235417550.366684,5994809569.136711,1486042604.057757,0
1673740799999,20954.15,20847.7375,40079.48454161542,21057.2625,25989.711544684655,3709535642.2244005,3930487339.879089,220951697.65468836,1364129082.3164876,0
1673827199999,20880.35,20778.286500000002,1346.3734366415508,20987.113500000003,839.7339676743918,3245339373.9052334,3258502386.9669805,13163013.061747074,1192524884.8945758,0
1673913599999,21187.75,21082.3585,31923.85000572744,21284.895000000004,11874.394100248088,3874327642.3325634,4784175012.5528145,909847370.2202511,1340358944.3145995,0
1673999999999,21129.15,21025.2455,23890.62592048628,21223.590000000004,6949.497516437227,4476231294.926753,4854674262.527004,378442967.6002512,1429759191.3939354,0
1674086399999,20679.55,20570.63,3893.722188162059,20777.370000000003,4026.6794129422024,4989077822.47802,3566286204.2917714,-1422791618.1862483,1396530674.545259,0
1674172799999,21069.85,20962.9585,29200.42594892233,21173.6415,20820.65276441096,4672736910.997867,4987923579.693947,315186668.6960802,1488917504.911972,0
1674259199999,22664.05,22547.7945,4434.523419842813,22769.7825,23136.74523508514,3923544321.7760754,7305433723.701483,3381889401.9254074,1516070922.308008,0
1674345599999,22782.95,22321.1835,65458.56602925284,23381.233333333337,485.6700748924603,3482494835.8701916,2975718685.626295,-506776150.2438965,1343439838.3538334,0
1674431999999,22708.949999999997,22126.945499999998,196458.8524157182,23381.233333333337,432.8085473343637,3309365533.7907047,2666148157.673086,-643217376.1176186,1263727963.2213047,0
1674518399999,22915.1,22793.9575,4796.664684851429,23023.042500000003,3532.145431261163,3210128579.701638,3100485744.160943,-109642835.54069519,1264132085.519122,0
1674604799999,22632.0,22368.51392857143,218666.53803344205,23252.127500000002,52181.3029578443,3375985093.980801,2516172919.992251,-859812173.9885502,1228607835.036482,0
1674691199999,23058.55,22941.2175,11075.122628297455,23171.7825,7896.207778207646,3179358499.5656986,2389043112.4169164,-790315387.1487823,1205954375.9086125,0
1674777599999,23006.25,22886.8905,10538.698322631115,23116.909500000005,8072.670968174074,3322073859.593308,2427987523.6052074,-894086335.9881005,1201400121.0671275,0
1674863999999,23071.5,22952.66,7392.7161757111835,23181.33,7481.983788671694,3666317998.634347,2865891370.485569,-800426628.148778,1281574156.1982932,0
1674950399999,23024.3,22906.89,877.3497663096463,23130.979500000005,206.62170330150127,3713600795.59327,2781132828.687991,-932467966.9052787,1273103973.1466882,0
1675036799999,23741.15,23621.5985,70703.9033596725,23856.187500000004,9364.752220614151,5320707782.4593315,6168276542.562857,847568760.1035252,1695658949.7061439,0
1675123199999,22828.25,22479.338571428572,38656.96492816646,23856.187500000004,8814.287346033632,5613949529.179885,3064819884.741478,-2549129644.438407,1474757170.5009398,0
1675209599999,23132.0,23014.35,8120.2777660181755,23234.997000000003,16594.285639820875,5552499027.448541,4172685312.6293797,-1379813714.819161,1624295597.5775456,0
1675295999999,23729.75,23611.35,23655.914537867036,23848.65,16466.018479420647,5020052414.340136,6920983314.580137,1900930900.2400017,1726594104.546507,0
1675382399999,23490.55,23378.0225,2275.9536102443226,23612.977500000005,1787.4847433360799,5326888945.013191,4495398172.745405,-831490772.267786,1658842360.357122,0
1675468799999,23431.65,23170.65,1041439.4894702377,23847.932500000003,26213.54776371949,5298535680.883064,4212064556.88281,-1086471124.0002542,1605503721.6005225,0
1675555199999,23323.75,23206.8825,3758.537169184781,23439.213,5097.9391241058365,5843027764.468921,4181463415.3115363,-1661564349.1573844,1643103645.6448686,0
1675641599999,22935.0,22814.554,9435.857870957827,23043.846000000005,7587.272529415284,7078918388.426558,3695382046.828311,-3383536341.5982466,1668057831.1934214,0
1675727999999,22758.65,22649.6825,7924.541898809377,22877.3175,6172.572090382979,7878474589.182122,3580888822.741919,-4297585766.440203,1685031235.4299257,0
1675814399999,23242.6,23128.2775,52.11029863189713,23350.270500000002,1403.0497378694188,5743001041.429088,4445518597.166495,-1297482444.2625923,1675841972.9546402,0
1675900799999,22962.5,22841.1205,9264.5955556453,23070.679500000006,7328.451433543758,6770230445.414235,3992317132.542045,-2777913312.87219,1688421819.3844953,0
1675987199999,21797.7,21645.473333333335,1527922.91875787,23070.679500000006,6543.3493129071985,9853422251.733505,2464720062.110801,-7388702189.622704,1484217961.8299313,0
1676073599999,21624.2,21510.506999999998,7025.340222313467,21726.693,5483.11800039459,5651039941.613199,2446282279.1056385,-3204757662.5075607,1428253802.3114522,0
1676159999999,21855.75,21742.0435,5798.943029869185,21942.879,76128.34988404406,5041085243.711038,2826943061.976662,-2214142181.7343755,1458877086.31551,0
1676246399999,21780.800000000003,21668.0155,1406.6512879701743,21885.784500000005,1079.9660286299843,5130713161.404253,2663335645.83725,-2467377515.567003,1416932547.7452602,0
1676332799999,21773.65,21657.369000000002,6493.143216465766,21875.031000000003,4934.388280147589,5064717511.480544,2732268414.1739426,-2332449097.3066015,1417404886.951773,0
1676419199999,22192.1,22076.463,30582.638090339544,22295.020500000002,3644.9072237391174,4874271122.486527,3808574385.303332,-1065696737.1831956,1533887340.7653105,0
1676505599999,24334.15,24210.936999999998,69358.16530081938,24420.350500000004,1489930.7880211975,5562116174.831545,10745028728.28886,5182912553.457315,1969059862.0724692,0
1676591999999,23515.25,23480.959,7623426.727244508,25306.099000000002,5669.271072354534,14300523928.763361,3207039886.5546117,-11093484042.20875,1741812202.8972588,0
1676678399999,24579.6,24458.5925,19473.22372540163,24704.4075,12865.09552752813,4677301748.392015,5250988350.147595,573686601.75558,1762884073.5170813,0
1676764799999,24637.4,24514.7105,2584.978023470131,24760.084500000004,8732.850537688257,4928268991.579362,5709846935.516126,781577943.9367638,1819958492.4136894,0
1676851199999,24271.7,24145.5655,5587.1458275459545,24388.234500000006,4465.568560510742,5532229018.382271,4547019334.366389,-985209684.0158815,1771540775.29804,0
1676937599999,24851.7,24729.2325,6684.310298190142,24974.149500000003,22219.355602955056,5455549909.51142,7283553402.807351,1828003493.2959309,1952082123.9752662,0
1677023999999,24455.25,24333.2225,161.656514006322,24577.777500000004,129.61782717252606,5974502604.120582,5055505812.697061,-918996791.423521,1876049251.765071,0
1677110399999,24183.6,24059.299,17236.211082521197,24301.101000000002,13601.150506355276,6183262039.414743,4674159103.838492,-1509102935.576251,1869126495.5232143,0
1677196799999,23938.6,23529.1945,454142.31406876707,24659.295833333337,421.4732921069728,6771987317.30114,4084589147.7588005,-2687398169.5423393,1811495285.493956,0
1677283199999,23188.6,22770.441166666667,1665676.4720180908,24659.295833333337,415.4875364555122,6066307576.554516,3138509489.7554874,-2927798086.7990284,1699812732.9116695,0
1677369599999,23155.4,23030.469,13706.874713572326,23261.931000000004,13784.49919550503,6334513462.184444,3468245219.8437815,-2866268242.340663,1747935777.7050865,0
1677455999999,23551.699999999997,23430.5585,9028.52413258467,23666.041500000003,6474.913943919942,5403176101.122517,4169760990.7876344,-1233415110.3348823,1765008510.263107,0
1677542399999,23486.55,23030.469,12486.084841188083,23901.524500000003,94246.55032480751,5182383072.747038,3697198796.4891768,-1485184276.2578611,1651846018.3728025,0
1677628799999,23133.95,23013.951999999997,4166.084091068902,23245.248,3701.068455440675,6261660586.333841,3323366262.583815,-2938294323.750026,1649340503.5799315,0
1677715199999,23631.95,23511.85,17129.871630910755,23737.899,7945.647117895208,5616875985.616892,4461938975.519487,-1154937010.0974045,1778971532.4088032,0
1677801599999,23460.75,23339.814499999997,16632.669327015043,23574.3855,13472.953218108398,6239230086.325246,4388077325.824749,-1851152760.5004969,1806175534.9306617,0
1677887999999,22349.75,22234.071,6998.624352046266,22457.529000000002,6168.0348614419145,5496550836.787801,3008534025.637309,-2488016811.1504917,1595736096.3446414,0
1677974399999,22342.3,22010.612999999998,101795.58817036643,22457.529000000002,5845.860901760724,5294475293.215469,2882182478.000339,-2412292815.2151303,1532919658.5295238,0
1678060799999,22426.550000000003,22307.303,1027.2071336696076,22531.095,314.50570393170165,5040501111.561806,2954324983.879093,-2086176127.6827126,1523612581.4389856,0
1678147199999,22402.95,22285.1145,15726.130652201704,22509.0855,13529.242891657588,5428553331.124959,3290272136.8461986,-2138281194.2787604,1585037991.6168692,0
1678233599999,22191.45,22077.9555,4216.580829663793,22298.0355,291.66722656028935,6226096846.857341,3120112937.094286,-3105983909.763055,1586705903.0858395,0
1678319999999,21701.5,21593.49,9079.183347599144,21803.877000000004,332.06515781046664,7758168491.920805,2874145962.167808,-4884022529.752996,1592296930.3437746,0
1678406399999,20358.199999999997,20267.155,262.52378916327643,20470.845,314.30041324850356,5847024520.168608,1903306920.1661334,-3943717600.0024743,1293590280.133667,0
1678492799999,20148.6,20110.94,209.1992820969822,20313.06,214.69379370724138,3957969699.75974,1769821056.9789658,-2188148642.780774,1180291386.469187,0
1678579199999,20452.55,20447.175,53.88758830762168,20515.905,16.11654890423398,3270983140.711857,1805958507.061629,-1465024633.6502278,1137728876.3514261,0
1678665599999,21990.550000000003,21969.383333333335,763.8867829655929,22043.23,225.48553773475558,2472994855.8704853,2943107174.121599,470112318.2511139,1205219279.7743976,0
1678751999999,24115.85,23998.9025,93017.61497933739,24232.761000000002,5709.6080531086745,4473190733.499844,6327495574.625715,1854304841.1258717,1655952188.9350104,0
1678838399999,24683.6,24561.2765,2257.5441469056586,24808.123500000005,1584.4497377678229,3594660501.57034,2980135791.7610083,-614524709.8093319,1453565286.2438955,0
1678924799999,24288.85,23820.7355,234824.71124261493,25266.553642857143,67710.56306187557,3810176655.1114264,2469887504.1042747,-1340289151.0071516,1347493126.221422,0
1679011199999,24996.65,24925.745,496.80572169268,25114.146000000004,7114.303436850387,5028749832.293406,4577107515.732755,-451642316.5606508,1718032742.9293308,0
1679097599999,27389.4,27318.72,223.5918657331212,27519.111000000004,21809.28231021006,5739803102.92747,7414950149.466809,1675147046.539339,2070431714.1788244,0
1679183999999,26906.85,26829.18,38.24670132980602,27032.691000000003,10131.651964943974,6718019855.103037,5824290054.264811,-893729800.8382263,2082900127.9640226,0
1679270399999,27963.5,27891.84,399.24699821201716,28095.478500000005,33984.45516457421,6251088285.602437,8772597114.308592,2521508828.706155,2299303204.4928865,0
1679356799999,27707.05,27668.96,201.94805045617173,27842.118000000002,8007.58060794174,6679783716.347415,7479110236.102364,799326519.7549486,2299407519.1435084,0
1679443199999,28096.75,28030.145,97.68728353413532,28230.450000000004,316.78317210285655,5985539228.404956,9759015503.794586,3773476275.3896303,2299744199.2020764,0
1679529599999,27240.6,26559.54,497.8578487532328,28912.769,587618.686962618,6485162598.74919,4339969916.393146,-2145192682.3560448,2009350037.5869288,0
1679615999999,28292.1,28190.34,184.95015738959296,28419.390000000003,9591.464183666347,5984242835.673746,7931044329.710038,1946801494.036292,2219666162.663963,0
1679702399999,27447.050000000003,26584.86,56533.868061831614,28419.390000000003,9063.48289584547,6435869875.603516,4806927462.614778,-1628942412.988738,2020563209.4814672,0
1679788799999,27456.699999999997,27362.5,87.73909445947508,27637.500000000004,87.58910471634303,6183871276.578928,4650188877.523898,-1533682399.0550299,1948558551.1873193,0
1679875199999,27959.35,27861.99,172.477043114666,28091.358,8883.190732194245,6438334724.98962,6858986950.1193285,420652225.1297083,2183201262.8383203,0
1679961599999,27118.65,26495.04,15912.98326373498,28091.358,8705.176283429544,7198901765.221146,4594204159.249029,-2604697605.9721165,2027711859.079508,0
1680047999999,27257.45,27149.57,320.79397031166883,27379.717500000002,14823.551329686561,7744290699.548042,5688914596.960515,-2055376102.5875273,2220913915.5188303,0
1680134399999,28344.4,28218.2,237.87016079176922,28471.65,9067.905850669575,7489206841.227706,10426052174.794195,2936845333.566489,2567990791.53643,0
1680220799999,28022.4,27897.81,40.91308699272456,28178.190000000002,42.50339667516624,7460131562.549146,6404277991.7096815,-1055853570.8394642,2331443572.3547225,0
1680307199999,28457.85,28340.585,146.39445978860803,28597.174500000005,28281.95458156026,7442407828.692541,8623426273.892427,1181018445.1998863,2491111710.621794,0
1680393599999,28450.1,28292.924499999997,4524.4848294684525,28577.275500000003,4515.337398971977,7383758333.495814,8504023436.496983,1120265103.0011683,2460878378.804417,0
1680479999999,28166.35,28037.11,98.43673852035067,28318.890000000003,101.87688480344801,7889211606.598223,7126874382.942983,-762337223.65524,2387390578.329882,0
1680566399999,27794.800000000003,27666.97,516.0206087823015,27945.030000000002,539.3866251658126,7371951922.826167,5562921242.909367,-1809030679.9168005,2149760134.3801265,0
1680652799999,28162.4,28041.09,167.62334801911913,28295.976000000002,18559.191415448007,6881684548.729023,6940363677.650828,58679128.92180538,2233261469.649529,0
1680739199999,28163.35,28013.9265,1135.8545346509668,28295.473500000004,861.9899979985679,6759948769.511987,6792552021.280647,32603251.768660545,2194133694.6576347,0
1680825599999,28028.8,27882.685999999998,9697.484724564505,28162.914000000004,10728.549067146063,7180533241.010739,6582179574.797879,-598353666.2128601,2211062870.0434647,0
1680911999999,27900.7,27775.425,54.22519280815532,28023.621000000003,5058.131849649753,7984627691.191316,6728482868.301865,-1256144822.889451,2296134394.491411,0
1680998399999,27935.050000000003,27790.0515,11053.11176773372,28069.348500000004,9415.89846893769,7993757593.337839,6945154957.982733,-1048602635.3551064,2310351644.294976,0
1681084799999,28317.6,28188.35,354.8639121893787,28450.947000000004,21983.583477871765,7378382203.331635,8862116241.469774,1483734038.1381388,2385796313.7491097,0
1681171199999,29634.05,29521.65,544.3341105693158,29771.215500000002,88715.28773771827,8680391737.768919,15908813167.29758,7228421429.528662,2884371756.8062778,0
1681257599999,30190.6,30083.825,347.8341150023389,30329.895000000004,23441.894914596814,7939846879.724554,13478275533.900415,5538428654.175861,2853842227.009802,0
1681343999999,29885.05,29747.515,42.89322359416069,30020.355000000003,3183.643513548955,8533346192.259377,10331958146.043734,1798611953.784357,2809515713.6389766,0
1681430399999,30372.25,30275.86,297.4610804936166,30514.513500000005,430.3513423151106,7367591825.433099,14130918966.896713,6763327141.463614,2753691192.7532573,0
1681516799999,30459.6,30286.009000000002,19602.24141021957,30590.391000000003,14764.768067326333,6950975046.082681,7938571971.684028,987596925.601347,2496512610.635493,0
1681603199999,30293.75,30157.454999999998,156.73202445224584,30431.802000000003,6419.061002471223,7088606725.843046,7101876713.914709,13269988.071662903,2420314892.7473326,0
1681689599999,30301.85,30172.38,341.3429446661725,30447.379500000006,11341.884651793116,7151657179.93791,7170558914.301116,18901734.36320591,2406664566.540068,0
1681775999999,29423.4,29248.184999999998,11912.164201581369,30447.379500000006,10804.322750366504,9203776046.394197,4959886752.870804,-4243889293.5233936,2305570247.609876,0
1681862399999,30383.15,30261.93,1662.7892289575227,30517.629000000004,14248.3262100645,7313110436.937909,7929873107.795466,616762670.8575573,2439523633.7952123,0
1681948799999,28803.55,28551.635,4581.558187872699,30517.629000000004,12997.552221686668,10711363786.460552,4273043393.124764,-6438320393.335789,2227883036.5454173,0
1682035199999,28244.199999999997,28088.750500000002,4255.7715505015485,28371.049500000005,3845.0551295998353,10197301324.757301,3682567830.499674,-6514733494.2576275,2105094403.4640331,0
1682121599999,27258.6,27083.8,16213.706242815577,28371.049500000005,3791.7140172743857,12736226628.292202,2990428812.4213066,-9745797815.870895,2002660951.139548,0
1682207999999,27808.6,27678.91,39.93721884996474,27938.196000000004,3887.7387046733347,8801277034.449863,3962214987.904645,-4839062046.545218,2132305878.5686102,0
1682294399999,27583.65,27456.03,200.5481086787079,27710.664,4329.044133601083,9880833635.274992,3779647679.3913903,-6101185955.883602,2108710661.699148,0
1682380799999,27503.25,26943.57,9187.652795971306,28030.860000000008,12368.246153037346,9385325203.776161,3577256286.083467,-5808068917.692694,2029243790.7682366,0
1682467199999,28291.050000000003,28159.495,134.1137844207327,28418.686500000003,5790.1488965903345,7049643313.698376,4978562287.077195,-2071081026.6211805,2109497400.2801454,0
1682553599999,28409.5,28286.855,222.41291346898646,28543.909500000005,12465.953159395436,6598571617.381479,4158547772.427721,-2440023844.9537582,2019910065.6449437,0
1682639999999,29469.65,29311.704999999998,51927.62793818163,29606.295000000002,42077.4676058595,6178199044.859575,6468901753.789476,290702708.9299011,2180983601.3084307,0
1682726399999,29303.6,29153.5,3635.7699579674845,29442.580500000004,9629.01467598216,6752902685.833964,6345652515.644089,-407250170.1898756,2243061093.3608747,0
1682812799999,29222.050000000003,29100.765,258.5322533932297,29357.959500000004,7715.4756737967755,7062712295.186614,6301066718.202866,-761645576.9837484,2261768121.2326355,0
1682899199999,29234.45,29109.72,59.649677030270546,29363.085000000003,1409.5787510836185,6897907562.281278,6147194789.878028,-750712772.4032497,2215926510.8798923,0
1682985599999,28065.800000000003,27642.361666666668,15544491.174257815,29363.085000000003,1298.6047774266467,8967138119.838676,4206248060.7600207,-4760890059.078655,2104331116.361597,0
1683071999999,28663.0,28536.6,177.37864882137714,28798.375500000002,4295.8028945511915,7106368503.763475,5191170535.369151,-1915197968.3943243,2157041522.69105,0
1683158399999,29027.4,28904.75,300.6780588107065,29159.070000000003,6447.036321415192,6372098866.128006,5873997265.409262,-498101600.7187443,2136073947.5347478,0
1683244799999,28833.0,28681.87,17676.614408274392,28970.130000000005,15981.587871582129,7095199582.007691,5800925064.868784,-1294274517.1389074,2192604010.578318,0
1683331199999,29498.1,29391.305,94.55655010392074,29638.957500000004,24454.070739761904,7286849162.084653,8718651623.942295,1431802461.8576422,2454606236.6043253,0
1683417599999,28841.85,28365.25,11991.980300836216,29905.68642857143,54652.3071833751,7902039799.067134,5991599187.580691,-1910440611.4864426,2267040045.003004,0
1683503999999,28425.65,28365.25,11125.248443356986,29905.68642857143,49522.633981378276,9625015457.920403,5060437331.479708,-4564578126.440695,2174192174.645887,0
1683590399999,27665.35,27560.505,1151.2141956142661,27798.099000000002,12583.622831466906,9943851413.048065,4556098377.758261,-5387753035.289804,2166923618.2797933,0
1683676799999,27625.199999999997,27480.2085,20445.410206562774,27748.251000000004,14671.97599874679,10910156917.841564,5265764601.019416,-5644392316.822148,2307387679.924752,0
1683763199999,27591.25,27468.965,254.44678270605516,27745.035000000003,255.37697114094001,7995014284.458131,4829663586.757825,-3165350697.700306,2115883780.6707494,0
1683849599999,26964.0,26821.618000000002,29763.35422803981,27091.182000000004,27680.124121187597,12047854206.175793,4601998975.194635,-7445855230.981157,2132310337.974626,0
1683935999999,26790.0,26645.4035,37165.933365937766,26913.196500000002,31685.006663045962,6863440590.175958,4955561666.475388,-1907878923.70057,2086769470.7777774,0
1684022399999,26767.6,26646.1,363.2594775946635,26896.513500000005,3617.4393433744144,6782622817.958489,4816723527.406686,-1965899290.5518036,2035252692.3252218,0
1684108799999,26909.45,26788.385,239.03857072241627,27036.409500000005,5329.077404312934,6475784557.317071,5113599580.494694,-1362184976.8223772,2043661513.3870814,0
1684195199999,27159.85,27016.7375,3441.3063053363453,27284.142000000003,8300.06649989232,6079783449.356687,5574425077.817801,-505358371.5388851,2059507272.9539335,0
1684281599999,27027.4,26894.85,1753.1870296175703,27155.502000000004,19560.64132301733,6922017173.583137,5805461356.74662,-1116555816.8365164,2144695290.5504847,0
1684367999999,27395.9,27258.821,5711.259332788027,27525.744000000002,30370.42412448044,6598038385.235795,7375942830.64341,777904445.4076147,2220278092.1415834,0
1684454399999,26814.65,26288.38642857143,7894.986395972683,27525.744000000002,27720.550039951373,7356069620.781503,5262227369.546887,-2093842251.2346153,2058614993.3682122,0
1684540799999,26877.449999999997,26750.575,2.3130222385861123,27003.144000000004,8420.717090130369,7197707741.758228,5442579341.761665,-1755128399.996563,2054793283.4286745,0
1684627199999,27097.35,26954.0525,14447.818420350279,27224.5455,1076.8317588697864,6725812664.71909,6136993293.647779,-588819371.071311,2075382906.0070164,0
1684713599999,26741.0,26660.958333333336,6.8876754361073385,26867.971500000003,8249.92319569635,7983580429.683357,5404775068.275799,-2578805361.4075584,2072714761.474991,0
1684799999999,26845.1,26700.5265,6040.975135897703,26968.873500000005,4528.718691280061,7500413418.460235,5584565910.434584,-1915847508.025651,2053549368.1364613,0
1684886399999,27218.45,27073.8505,19643.08159721478,27345.949500000006,14237.152549359122,6583150232.031427,6659434269.204801,76284037.17337322,2065276942.490802,0
1684972799999,26319.4,26182.231,73270.22613416892,26442.555000000004,18100.128790423758,10905695420.208256,6053234213.637127,-4852461206.571129,2240049863.4283977,0
1685059199999,26466.15,26324.317,12580.981928418814,26588.883,10647.412017857003,9253456179.455526,6382670582.595067,-2870785596.8604593,2199461726.5691347,0
1685145599999,26699.2,26561.525,5555.104403944862,26828.475000000002,4090.896153432099,7907686188.6046915,6839297461.040212,-1068388727.5644798,2121253554.3552473,0
1685231999999,26845.449999999997,26707.392,47783.52962500814,26917.45833333334,12033.6730709052,7910809959.261242,8332535292.899698,421725333.63845634,2183039715.557352,0
1685318399999,28065.75,27958.505,1186.5199943935427,28190.149500000003,15618.582973789953,6943530801.882804,10975699078.254683,4032168276.3718786,2337570334.554537,0
1685404799999,27726.1,27583.39,20302.243453328912,27860.610000000004,16044.023555819187,7929950963.164984,7963904427.984828,33953464.819844246,2330846722.1269107,0
1685491199999,27688.15,27585.38,1348.986727919795,27862.620000000003,1353.5696843988912,7953101138.709768,7678688934.151303,-274412204.558465,2289800735.7745104,0
1685577599999,27203.8,26834.545,93712.2247530938,27862.620000000003,1116.743364289253,8696526258.970245,6130365229.146517,-2566161029.8237286,2211372912.2366314,0
1685663999999,26811.05,26708.785,3311.3333742154628,26939.326500000003,1987.9391557047086,9459630539.165705,5367196854.923867,-4092433684.2418375,2154198312.4939966,0
1685750399999,27238.05,27131.66,599.4009079310397,27363.939000000002,6679.777994401252,7978886833.669401,6484997691.334481,-1493889142.33492,2207396243.400431,0
1685836799999,27064.85,26923.8045,7.230473319648799,27190.174500000005,10159.856387486374,8715238114.222166,6171115070.533203,-2544123043.688963,2210430606.428471,0
1685923199999,27111.0,26923.8045,7.099478032829621,27460.723500000004,119924.19513772512,8139754871.993559,5979786939.737945,-2159967932.2556143,2112757403.183289,0
1686009599999,25720.5,25586.126500000002,28484.938013062074,25843.273500000003,26753.322249170342,10073340427.053318,4571740381.451179,-5501600045.602139,2004983632.085445,0
1686095999999,27227.2,27100.815,767.9549892241664,27352.984500000006,27842.89495627018,6092939476.831005,7156399112.348082,1063459635.5170765,2147549758.7761817,0
1686182399999,26334.550000000003,26011.335,133495.6505095419,27443.707500000008,84806.87296939634,7479365926.829471,4742847004.40975,-2736518922.4197206,1927589412.706123,0
1686268799999,26494.15,26372.475,213.88403975037974,26618.329500000003,3303.5742691338005,6712447375.662035,4917060766.985807,-1795386608.6762276,1893519363.217241,0
1686355199999,26478.05,26358.545,387.4385220782573,26599.234500000006,10427.812251770474,6983246206.796043,5144948893.721531,-1838297313.0745125,1933174939.6218865,0
1686441599999,25832.25,25745.625,464.35053952951193,26004.375000000004,501.54615083408,8292470016.376379,4159677415.194778,-4132792601.181601,1841217066.1081805,0
1686527999999,25919.6,25834.18,157.55794576939275,26093.820000000003,155.75159938043902,7562113480.901871,4117361081.9994483,-3444752398.9024224,1782836457.56922,0
1686614399999,25898.699999999997,25765.8235,528.864518326739,26024.274,11939.576905639586,7939876431.555772,4418142769.386674,-3521733662.169098,1840505422.8091621,0
1686700799999,25928.65,25822.24,718.0160533195343,26047.590000000004,3803.833566933451,7919902520.3405,4611987300.771139,-3307915219.5693607,1868016155.14924,0
1686787199999,25119.95,24988.3305,6978.358266580114,25239.469500000003,8084.288239510941,9396253474.180677,3885895944.0387383,-5510357530.141939,1785684030.9135106,0
1686873599999,25589.05,25464.04,925.9499137005171,25714.0305,8292.630948834594,6751311095.599354,4600888506.070264,-2150422589.52909,1825817168.2425253,0
1686959999999,26338.55,26204.32,15847.31222951617,26456.826000000005,6049.242108579969,5583052425.607658,6352622360.739598,769569935.1319399,1937076097.7825747,0
1687046399999,26511.1,26381.43,743.5984941226302,26637.525,15262.702592648417,5764295763.533155,6661306976.055463,897011212.5223074,2015831695.2458692,0
1687132799999,26339.75,26198.0515,1268.3638065875957,26461.348500000004,1074.0999179384498,5934516177.825617,5961868669.083574,27352491.25795746,1946834611.3048224,0
1687219199999,26836.75,26694.3575,31420.117617363085,26961.537000000004,11228.79398675726,6237989065.071971,8569897918.914635,2331908853.842664,2184565488.765849,0
1687305599999,28292.699999999997,28178.4,56.986285756237336,28427.430000000004,19156.88825442768,7351409151.280774,16954484828.721127,9603075677.440353,2722642788.6089497,0
1687391999999,29998.75,29858.954999999998,402.58271951587676,30135.628500000003,33659.638264815214,6403939402.956664,10553499140.186619,4149559737.2299547,2688736349.243604,0
1687478399999,29878.2,29725.625,2564.781017291813,30024.375000000004,2011.5300148396163,6168364293.93469,9332375307.250017,3164011013.3153267,2542359893.309192,0
1687564799999,30683.65,30552.47,1250.1519533249484,30826.767000000003,528.6909143258747,5978569451.899171,9007623014.048765,3029053562.1495943,2545499139.6117587,0
1687651199999,30533.05,30406.204999999998,513.4334387803559,30680.640000000003,5796.835304246722,6271027153.086479,8398463570.85777,2127436417.7712908,2534840967.057964,0
1687737599999,30468.199999999997,30305.71,759.9891587932673,30610.290000000005,581.4029718539289,6283713386.2473545,8012881754.49876,1729168368.2514057,2494254849.769808,0
1687823999999,30268.050000000003,30108.799499999997,2048.718181573804,30411.400500000003,1590.6894847334304,6437306789.133029,7334326549.304355,897019760.1713257,2469096488.2698035,0
1687910399999,30686.65,30560.43,1030.3822214323177,30834.103500000005,6696.245180269017,6431943204.118356,9265067336.730606,2833124132.6122503,2572024679.9263024,0
1687996799999,30074.0,29808.411428571428,332051.7269574859,30834.103500000005,6600.0693317521245,7352212309.4003105,6873702266.674407,-478510042.7259035,2458463816.2415853,0
1688083199999,30449.1,30287.700500000003,41896.42458017699,30585.868500000004,5922.470177128161,7744983970.464607,8968529956.28997,1223545985.8253632,2699085819.41078,0
1688169599999,30470.3,30330.585,1714.1908978566926,30635.415000000005,1710.7922708436847,6778079605.550177,8279017645.412151,1500938039.8619747,2490960149.3463054,0
1688255999999,30585.45,30420.732,24023.04701889638,30726.468,18011.28305021456,6809565956.504652,8740701779.047394,1931135822.5427418,2475038628.0227,0
1688342399999,30616.800000000003,30448.8905,1572.2211286608276,30754.909500000005,1190.547141830083,6674335135.5077505,8776020573.871393,2101685438.3636427,2445731294.007722,0
1688428799999,31153.15,31017.135,213.46775204025303,31304.745000000003,54428.49156810487,7762447192.838401,13808077724.746233,6045630531.907832,2782010811.457435,0
1688515199999,30761.75,30600.3295,13115.60380598628,30907.8705,10399.440608814764,8655340728.628271,10338213001.304153,1682872272.6758823,2717877975.8946977,0
1688601599999,30492.9,30352.475,66.58713470816186,30637.726500000004,584.4100206737205,9143519735.223412,8872659253.071402,-270860482.15200996,2650326790.6851397,0
1688687999999,29883.949999999997,29785.95357142857,2799.5498742808168,30060.555000000004,2481.1349083157684,12298848282.156483,6411192153.806722,-5887656128.349761,2429775690.522709,0
1688774399999,30339.8,30203.225,398.25529593378354,30479.539500000006,11880.855262254254,7920297851.315173,7710206953.687481,-210090897.62769222,2448370188.3911457,0
1688860799999,30278.0,29899.675,5321.7479390305525,30479.539500000006,11730.058005633853,7946235125.3447,7370252721.680994,-575982403.6637058,2399663986.627482,0
1688947199999,30156.85,30024.125,280.98213220861294,30325.875000000004,284.7514686045907,8153247977.15718,6868796292.063562,-1284451685.0936174,2336652332.0894985,0
1689033599999,30406.449999999997,30247.104499999998,29348.20199263473,30548.884500000004,42687.56858399738,8592631606.104391,8657667335.219694,65035729.11530304,2537364539.453422,0
1689119999999,30614.6,30494.76,1648.614977686583,30755.914500000006,36616.92730220609,8935358631.035425,10397457429.44838,1462098798.4129543,2655280584.299795,0
1689206399999,30376.6,30246.01,993.3364465320382,30520.744500000004,44172.03746012921,10198175174.571468,9456383104.264805,-741792070.3066635,2677475274.5835037,0
1689292799999,31449.6,31331.555,571.7451194838746,31594.486500000003,126486.53029407017,9413915950.143879,15443518029.946512,6029602079.802633,2935010759.295702,0
1689379199999,30299.0,30181.335,1052.2754575755682,30484.665000000005,1184.0641304229332,10421979110.737303,7600241601.445031,-2821737509.2922716,2523068765.2378006,0
1689465599999,30286.85,30181.335,1040.1890430867084,30419.943000000003,937.7103159690896,10324369734.926022,7455776436.017884,-2868593298.9081373,2481193497.9467964,0
1689551999999,30226.1,30118.65,25.59492629385728,30367.884000000002,7208.425988564759,10693067736.470898,7349414183.764465,-3343653552.7064323,2474019759.4574857,0
1689638399999,30133.55,30011.19,1188.566296311214,30270.600000000002,10975.33926638338,11829416739.773485,7860887108.338244,-3968529631.4352407,2580735390.9413548,0
1689724799999,29854.2,29696.372,15457.71673710158,29994.828,12933.20928373348,11962707234.396269,7239098171.919589,-4723609062.47668,2541864843.0556173,0
1689811199999,29904.75,29770.4,300.0324843528881,30038.244000000002,39351.4126354271,11886959924.818117,7738189943.717108,-4148769981.1010094,2576559087.433696,0
1689897599999,29800.35,29660.95,254.6095487321158,29939.955,60061.551466985475,13543610539.499079,8175557844.024546,-5368052695.474533,2687191410.1986294,0
1689983999999,29894.25,29660.95,248.92774780497237,30237.865000000005,668567.4190465973,12090191190.04092,8064297374.782461,-4025893815.258459,2567703909.369453,0
1690070399999,29789.4,29561.583333333336,741.404071902253,30237.865000000005,652484.1834689624,12732450266.26766,7559216205.318307,-5173234060.949353,2505204171.4381924,0
1690156799999,30076.449999999997,29953.48,439.88020092981844,30254.520000000004,425.29634544056364,10152228238.145506,8083856536.946932,-2068371701.198574,2404084730.5123487,0
1690243199999,29170.3,29017.981,112594.29703910167,29309.619000000002,94470.50375843975,14563525002.450663,7252937794.969267,-7310587207.481396,2523486460.807903,0
1690329599999,29221.0,29082.855,525.1154634143031,29363.286000000004,48578.21987936778,14093661683.303766,7873042741.268979,-6220618942.034787,2559948031.7733073,0
1690415999999,29338.35,29193.3,94.83047969870498,29482.680000000004,17249.2854858584,12885891174.751879,8178173341.804053,-4707717832.947825,2565014992.8618283,0
1690502399999,29212.85,29069.92,990.5169274908602,29355.748500000005,2531.0321850212276,14155341757.901257,7722965268.506945,-6432376489.394312,2540350495.2729096,0
1690588799999,29305.7,29153.301,16578.097128450972,29446.299000000003,14655.341773487145,12999632711.80747,8037342024.712114,-4962290687.095356,2518025502.108951,0
1690675199999,29344.85,29228.125,1605.062315789655,29446.299000000003,14487.010816155522,12580304704.181633,8181277669.876898,-4399027034.304735,2505352328.946539,0
1690761599999,29278.35,28985.425,1429.6069167257417,29446.299000000003,14186.281701007638,12866763900.121172,7730530705.738232,-5136233194.38294,2437388327.4762897,0
1690847999999,29229.25,29074.696,40472.666940372066,29366.904000000002,32343.72761301478,13715969320.197254,7890263470.157173,-5825705850.040081,2473937289.6446533,0
1690934399999,29704.800000000003,29552.694,26879.44780445039,29739.297000000002,157622.2278827869,10155327665.299149,11629597113.41464,1474269448.1154919,2613507467.36367,0
1691020799999,29172.55,29024.249499999998,35164.61096523249,29315.950500000003,28370.545089507203,12875158407.144665,8086994101.1044,-4788164306.040265,2536650307.470304,0
1691107199999,29184.6,29043.055,167.5647553796985,29323.488,31046.344238329486,12862130850.578163,8230258006.429998,-4631872844.148165,2532226375.5263414,0
1691193599999,29101.8,28956.9875,29595.693567480586,29240.475000000002,934.9404454835135,14440690463.083323,8643066497.145864,-5797623965.937458,2611057303.37853,0
1691279999999,29064.75,28956.9875,29255.758033522583,29201.179500000006,1791.489056639864,14588040736.287628,8321419072.063927,-6266621664.2237015,2552517513.6184583,0
1691366399999,29075.800000000003,28956.9875,28778.156066482148,29201.179500000006,1762.2428926402092,14138056873.269764,8181651840.726379,-5956405032.543385,2497877567.0871487,0
1691452799999,29203.85,29058.975,2188.1284256792815,29298.03250000001,4784.595779592813,12862856241.71697,8811267028.85177,-4051589212.8652,2503401072.1749597,0
1691539199999,29766.2,29610.204999999998,431447.38301650056,29903.875500000002,56925.72838286378,13452264953.367731,13469982168.99369,17717215.625959396,2945236409.239469,0
1691625599999,29577.4,29434.09,10508.99859659141,29713.629000000004,18514.274793065026,14320047207.953127,11573528897.315132,-2746518310.637995,2838835654.930291,0
1691711999999,29445.85,29308.7735,549556.2469762753,29590.918500000003,5114.327559648207,14970612537.936708,10718290060.321173,-4252322477.6155357,2797780187.637351,0
1691798399999,29414.7,29266.8305,43789.95457811588,29560.969500000007,36081.11875578113,15329852943.881376,10725349272.765509,-4604503671.115868,2801390334.039849,0
1691884799999,29425.35,29266.8305,42633.95737546876,29560.969500000007,35128.624679185166,14871117428.918985,10541038826.75564,-4330078602.163345,2739037042.432934,0
1691971199999,29300.65,29202.600000000002,916.7056057421488,29560.969500000007,34696.20399509608,16069460660.145489,9683679089.549849,-6385781570.59564,2663899651.331261,0
1692057599999,29423.8,29277.875,2810.786947639144,29569.713000000003,2849.530005777501,13740142641.050198,9763530604.961994,-3976612036.0882034,2539202397.958795,0
1692143999999,29191.6,29042.856,270069.00519924535,29334.744000000002,210654.13078151754,16766747016.355799,10044359650.659016,-6722387365.696783,2664582374.4063745,0
1692230399999,28721.1,28713.671499999997,2366683.20202648,28857.972000000005,30506.230395403625,37585527979.64089,8617610398.158354,-28967917581.482536,2667567919.057582,0
1692316799999,26612.1,24573.0125,88467.98520410477,28857.972000000005,25426.431962000832,3430244368.275639,4387654949.329692,957410581.0540528,1698695179.321929,0
1692403199999,26044.55,24573.0125,76979.07384035329,28857.972000000005,22124.423643014823,3343487754.229121,3254015583.244186,-89472170.98493528,1389856187.2782152,0
1692489599999,26089.4,24573.0125,69758.01360026223,28857.972000000005,20049.031098869196,3065559109.190076,3060460238.170114,-5098871.019961834,1298106670.113724,0
1692575999999,26182.45,26066.015,277.24381082715536,26306.779500000004,15708.933270171668,3355865292.92983,3527922242.9101954,172056949.98036528,1365806610.7947161,0
1692662399999,26119.2,25984.823,7579.698257908581,26243.464500000006,16353.210023153979,3838840528.243109,3929634965.409494,90794437.1663847,1437324191.2246249,0
1692748799999,26044.2,25911.79,99.26392500995561,26172.210000000003,100.30465150529616,3655881552.398419,3684066106.6174026,28184554.21898365,1376254923.91456,0
1692835199999,26426.800000000003,25651.37,1296.323105248799,26814.500714285714,9612.87670594671,3076952551.168206,3836507992.320478,759555441.1522717,1325077539.5494978,0
1692921599999,26167.3,26033.777,6444.4654528144465,26292.408000000003,6303.1843487924625,3595261863.9622064,3772384189.742051,177122325.77984476,1359595703.8091037,0
1693007999999,26049.85,25915.6705,3568.132069780453,26176.129500000003,3569.024867495409,3727480714.6260166,3633273164.538195,-94207550.08782148,1340094741.2124877,0
1693094399999,26013.75,25915.6705,3480.978448965403,26134.321500000002,9269.412274092349,3909239983.0478263,3730163956.93439,-179076026.11343622,1352801382.908714,0
1693180799999,26091.85,25965.52,954.2277181925592,26176.129500000003,3441.8569877994996,3929413859.853051,3990051023.437197,60637163.58414602,1375586274.4408212,0
1693267199999,26111.4,25828.850833333334,10921.456346683728,26262.949166666673,10924.189051381769,3833368786.8963475,3953122696.733033,119753909.83668566,1356278346.82527,0
1693353599999,27711.5,27589.36,1460.5327041662076,27838.6005,51715.885016124026,4101307820.871461,6692058424.788451,2590750603.9169903,1697457119.654346,0
1693439999999,27293.7,27146.286500000002,16315.794648675266,27419.113500000003,13044.851155956796,4801412537.52161,5807616977.658451,1006204440.1368408,1711811032.5557864,0
1693526399999,25929.0,25651.37,880.6584573102028,27691.940500000004,188476.38299178972,5484338993.781536,3635554314.4629016,-1848784679.3186345,1495229725.5990856,0
1693612799999,25797.8,25671.0,129.40061411777236,25924.578,2981.100605026597,5351958630.67927,3511544660.709115,-1840413969.9701548,1455957117.5571773,0
1693699199999,25862.35,25737.665,278.9815731294978,25986.988500000003,169.3539524476171,4979644709.49744,3459323110.047438,-1520321599.4500022,1412862203.8307405,0
1693785599999,25966.55,25841.145,91.02388661382545,26091.9105,336.0338971459546,4637083625.186444,3508011739.750969,-1129071885.4354753,1397824454.5572948,0
1693871999999,25813.0,25684.93,640.0016267859355,25940.959500000004,1365.7912404282713,5092789534.215772,3410671538.1557446,-1682117996.0600271,1394604923.8132908,0
1693958399999,25785.45,25660.055,223.8728855117831,25908.598500000004,10563.745697685226,5464848467.796201,3699524154.944071,-1765324312.85213,1452447918.592149,0
1694044799999,25749.25,25620.7525,14241.010302997158,25877.745000000003,47.395023209552875,5775852528.617442,3863021950.2485642,-1912830578.368878,1481706549.3174796,0
1694131199999,26248.65,26109.4965,8224.712627624089,26371.903500000004,6350.67965558425,4469258178.077422,4482593403.194386,13335225.116963387,1480790622.9510434,0
1694217599999,25904.4,25779.454999999998,340.0016958184021,26038.545000000002,355.50290147943946,5224290699.694033,3909929406.78937,-1314361292.9046626,1453637693.0974178,0
1694303999999,25898.35,25779.454999999998,328.52934849268075,26019.148500000003,6680.173407630015,5324500144.402844,4008620756.6179023,-1315879387.7849422,1464773534.4258988,0
1694390399999,25831.2,25697.268,1251.301061538064,25955.532000000003,971.8513641889862,5407400409.973449,3848700889.3524504,-1558699520.6209984,1432061166.8536131,0
1694476799999,25155.35,25030.22,147.4802667816771,25276.152000000006,30417.534986242754,6545202727.212248,3904237451.787201,-2640965275.425047,1487897935.5666306,0
1694563199999,25833.4,25711.795,303.6976995579156,25954.125000000004,16292.232298017288,4817007316.696521,4762494545.515162,-54512771.18135834,1561797303.3535287,0
1694649599999,26216.45,26094.87,664.6987291805561,26338.839000000004,9954.076842210485,4857217121.173896,6409233341.670632,1552016220.4967365,1700619766.58379,0
1694735999999,26518.449999999997,26377.748499999998,13662.501417788762,26642.550000000003,2220.5822400951333,4680799302.8760395,6759994420.154842,2079195117.2788029,1751087548.4609518,0
1694822399999,26595.9,26472.97,306.06373207190916,26721.844500000003,9260.020839460482,4640172534.820937,7060211840.398636,2420039305.5776987,1732118677.951316,0
1694908799999,26555.3,26384.283333333333,988.1269739106637,26810.474166666674,28746.045583662682,4531569614.233218,6613111505.596394,2081541891.3631754,1669421709.3619034,0
1694995199999,26521.3,26405.31,36.7868902850641,26670.690000000002,36.92679698552332,4475539570.93485,6306420509.188205,1830880938.253355,1626686860.2938812,0
1695081599999,26755.050000000003,26647.095,213.68652573767176,26883.649500000003,57218.9061654579,4819851388.514173,6800256002.272853,1980404613.7586803,1731815791.7347875,0
1695167999999,27201.55,27060.02,45221.980022373464,27328.965000000004,14847.2343493279,5112383478.760563,9337275874.104609,4224892395.3440456,1877748956.0320175,0
1695254399999,27115.3,26975.047,29967.062652506982,27246.153000000002,28092.852286805337,5311326034.334243,8684830175.691448,3373504141.3572054,1860769443.50034,0
1695340799999,26559.05,26439.14,289.05865896675977,26685.363,3289.019544624133,6671952519.234807,6351786127.5903,-320166391.6445074,1822060666.0685804,0
1695427199999,26573.7,26451.079999999998,269.02102808869915,26699.533500000005,3441.6820872091484,6551150119.788679,6347882251.142521,-203267868.64615822,1804165540.224327,0
1695513599999,26571.449999999997,26451.079999999998,265.45231452143673,26699.533500000005,3355.606864986371,6379456565.800982,6167379301.508452,-212077264.29253006,1754003763.0473764,0
1695599999999,26237.2,26116.76,23.28627067158685,26379.24,24.301226588326067,7002588758.85059,5279302316.850144,-1723286442.0004454,1690057273.7488468,0
1695686399999,26294.25,25978.858571428573,10933.90912585725,26466.733333333337,67.17982085300434,6077939366.567419,5241624123.906724,-836315242.6606951,1639962790.330793,0
1695772799999,26210.4,26080.94,93.60980401793529,26338.437000000005,46502.426147230595,7196944779.672009,5780923251.195847,-1416021528.476163,1734754189.016613,0
1695859199999,26359.55,26227.7025,33186.47188406805,26485.770000000004,551.7329661798594,6606931767.734935,6196191157.23897,-410740610.495965,1738915247.6580288,0
1695945599999,27016.75,26876.740999999998,119533.86642990596,27146.859000000004,126272.76424591595,6068750762.548215,9649137085.086924,3580386322.5387087,1899797372.3692632,0
1696031999999,26902.2,26760.2265,34942.923144708766,27029.173500000004,32895.47359144848,6396985548.458888,8782382352.172499,2385396803.7136106,1861359268.7549667,0
1696118399999,26958.3,26816.145500000002,31773.174377131778,27085.654500000004,30182.390012928423,6414478770.343236,9287960712.153872,2873481941.8106356,1871745160.1155179,0
1696204799999,27990.7,27860.0,1412.4034473913537,28118.895000000004,40044.42534976406,5153335178.917039,10362034552.240364,5208699373.323325,1841640565.3443236,0
1696291199999,27490.4,27371.454999999998,1235.4173106946764,27646.545000000002,1309.9527688721168,5736864404.749307,6413081000.6608515,676216595.9115448,1748770413.0487134,0
1696377599999,27419.300000000003,27297.825,951.8733384861631,27550.266000000003,20163.634485700626,6103965738.965355,6372958464.260984,268992725.2956295,1759908139.7667074,0
1696463999999,27769.25,27647.07,2142.5363699523455,27846.525000000005,10444.360696531936,6559133177.575273,8728019516.72575,2168886339.1504774,1936009457.6978796,0
1696550399999,27405.15,27261.408000000003,5153.917187851428,27534.286500000002,5942.922511854757,7763517297.438528,7227016876.243357,-536500421.19517136,1932035736.2747974,0
1696636799999,27921.65,27813.235,1273.2264100776401,28052.062500000004,17439.550331025446,6934483833.7822485,10266946576.714428,3332462742.9321795,2060246299.5072649,0
1696723199999,27949.85,27813.235,1211.3127763742714,28052.062500000004,17239.240010868645,6747832843.8675995,10280270280.09749,3532437436.229891,2014449245.3271966,0
1696809599999,27908.6,27761.694,16110.612187350547,28040.706000000006,13980.374433683912,6920380240.771855,10003189643.23963,3082809402.4677744,2014975621.678177,0
1696895999999,27585.050000000003,27243.528857142857,467609.48842919304,28040.706000000006,13467.781548801653,7606351703.919892,8026437587.775391,420085883.8554983,1951204955.114279,0
1696982399999,27385.6,27254.045,503.9999713157402,27514.890000000003,1270.1092553805213,8911866505.02858,7527730271.996772,-1384136233.031808,1974643494.2548099,0
1697068799999,26870.75,26744.605,778.9642123499855,26998.822500000002,43069.9599908882,10007923044.816046,6805074858.001009,-3202848186.815037,2025568304.5829651,0
1697155199999,26749.2,26618.24,52.317835809341034,26880.132000000005,43542.010989629714,11720967172.763767,6928379757.007027,-4792587415.756741,2080506907.3459492,0
1697241599999,26852.9,26715.551,9656.748580912543,26984.049000000003,8913.454975677307,10495213663.90856,7191179212.828568,-3304034451.0799913,2066542576.7158632,0
1697327999999,26846.85,26730.675,233.71987108682663,26970.4815,15458.280287698222,10486614285.596622,7202447682.396402,-3284166603.20022,2047940197.573124,0
1697414399999,27145.35,27034.15,757.1586928584426,27275.499000000003,3027.354666418596,8461303694.41755,8146248247.145399,-315055447.272151,2028114178.922712,0
1697500799999,28489.9,28379.39,246.9855903798632,28623.304500000006,28016.17982609048,5710247137.952701,4305310006.507118,-1404937131.4455824,1734945115.1496916,0
1697587199999,28389.5,28239.9905,15710.995422527403,28523.809500000003,16998.041056783328,5592173657.341362,4137031867.345263,-1455141789.996099,1648206650.044096,0
1697673599999,28316.85,28192.329999999998,1008.6666906225695,28450.645500000002,25614.413084574688,5916973585.276663,4260115667.122528,-1656857918.1541348,1653197915.2101302,0
1697759999999,28703.4,28591.325,119.8162393763437,28840.384500000004,96236.31536928749,6544490982.335297,6727813129.801506,183322147.4662094,1914657227.6949425,0
1697846399999,29657.0,29527.62,1080.0433025196508,29800.963500000005,4461.259176845611,5095267418.284486,7248381238.242274,2153113819.9577885,1855558716.3189614,0
1697932799999,29903.95,29777.365,834.2736605935412,30041.058,24868.100556177393,6387812281.56807,9826396340.547764,3438584058.9796934,2103694001.9729052,0
1698019199999,29990.65,29828.8065,34407.606528876466,30128.593500000003,29225.02972944712,6452713763.672356,10556126986.77261,4103413223.100254,2115984438.3505678,0
1698105599999,33095.600000000006,32960.37,659.227014557948,33239.37,20035.307260201527,4920224488.476127,2591387214.6784406,-2328837273.797686,1735173232.3351846,0
1698191999999,33930.9,32849.950000000004,2112.1364503772797,35817.18,8.966730566352265,3962069478.6176963,2356540990.754905,-1605528487.862791,1592050229.6988382,0
1698278399999,34503.95,34351.38,179.51722287808863,34660.1385,2273.4975999076155,4543149067.863712,3479860977.4103994,-1063288090.4533129,1748424786.0390728,0
1698364799999,34159.55,33995.269499999995,12358.629022100613,34324.770000000004,345.8431706072565,5163624252.505705,3398876379.030408,-1764747873.475297,1807401231.3370514,0
1698451199999,33898.55,33741.445,10534.336263744768,34080.555,8206.287232037315,5544074332.491292,3325976218.602426,-2218098113.888866,1831392322.5018492,0
1698537599999,34092.0,33916.167,4251.3399856661745,34257.033,3165.9602591227117,5287657901.973278,3561541282.725355,-1726116619.247923,1825498951.5564373,0
1698623999999,34532.2,34374.265,135.35859127296254,34701.243,20732.189390163934,5526202029.150662,4754979523.28822,-771222505.862442,1953376171.5964656,0
1698710399999,34492.7,34332.475,232.2646459277662,34674.108,2133.9582574484725,5534358750.724014,4635731446.70404,-898627304.0199747,1930649591.179185,0
1698796799999,34659.25,34503.615,129.42054402197908,34789.11333333334,7146.264014182834,5758559235.499463,5393257864.197047,-365301371.30241585,2006391832.9160597,0
1698883199999,35439.9,35292.65,822.7246020283735,35614.58700000001,2474.1522969569764,5256517393.718317,7392771736.477459,2136254342.759142,2041943290.1777647,0
1698969599999,34950.8,34228.549999999996,90218.01028788,36000.6895,597644.3473480773,5377983192.73274,4772654847.627747,-605328345.1049938,1902004127.0512085,0
1699055999999,34717.05,34028.795,1878.0869746010494,36000.6895,586944.629459237,5510593897.472765,4283415875.896465,-1227178021.5763001,1868983295.2059503,0
1699142399999,35072.35,34899.625,3934.149341847613,35245.048500000004,14032.879497920698,5666328978.704464,5409196272.300293,-257132706.404171,1971494666.481467,0
1699228799999,35030.65,34879.725,198.79470542715526,35200.6275,11660.112231375957,6035350597.26363,5594477398.903783,-440873198.35984707,2031132419.6255434,0
1699315199999,35063.2,34897.5355,5859.725539592982,35232.687000000005,862.1014115008617,6107201255.755786,5737555959.56314,-369645296.192646,2042388144.8599434,0
1699401599999,35415.5,35254.84,615.3393215506366,35583.5325,16615.032012997,6194032822.715761,7223013507.019603,1028980684.3038416,2142287474.8957062,0
1699487999999,35631.35,35463.4915,18186.98040649294,35804.8335,10657.966639528806,6719704396.642676,8343710846.505365,1624006449.862689,2279320317.955734,0
1699574399999,36714.25,36542.8675,13714.181228520634,36888.525,510.8355984664833,5519210057.452979,3627666702.664783,-1891543354.788196,2007307393.3700876,0
1699660799999,37329.2,37143.748,11185.240679774603,37517.052,8030.991009880579,5125997156.148519,4505339954.656698,-620657201.4918203,1988741977.748529,0
1699747199999,37161.55,36976.2895,1223.2385034058195,37347.910500000005,846.3289421006592,5147157564.068025,4143499731.342049,-1003657832.7259755,1944981747.0998223,0
1699833599999,37087.5,36933.405,1746.1828485203675,37270.927500000005,5942.838369904641,5198096046.837326,4011443072.868874,-1186652973.968452,1908833032.9690266,0
1699919999999,36478.1,36302.774,9643.668554214544,36667.626000000004,5198.460514126669,5840496136.848875,3296159598.305301,-2544336538.543574,1871608194.8405125,0
1700006399999,35559.75,35390.159999999996,454.3847895435873,35738.302500000005,8101.634056632353,6059434119.1591015,2660524664.5172095,-3398909454.641892,1801336126.6893847,0
1700092799999,37889.75,37704.4305,37253.0964164738,38038.06378571429,35804.20886319385,6922098489.732258,7491319067.831774,569220578.0995159,2232359860.5876966,0
1700179199999,36177.25,35382.6975,9693.100672226888,38038.06378571429,32911.87900214888,6376644969.192353,3748530088.567531,-2628114880.624822,2015804335.4385083,0
1700265599999,36627.95,36455.009,2085.732166543909,36817.170000000006,197.84253628521395,5713587727.018967,4143839650.918464,-1569748076.1005025,1975247285.52118,0
1700351999999,36587.45,36411.03,535.0791520978032,36763.804500000006,7842.712463076575,5922973370.365353,4259523383.4098682,-1663449986.9554844,1991746631.8331108,0
1700438399999,37381.4,37213.0,1699.8631902587429,37562.779500000004,16528.122311879986,6067962749.759041,6270611448.751817,202648698.99277592,2157435618.768729,0
1700524799999,37465.9,37309.515,715.734845939176,37649.81250000001,14752.637873943384,6618269671.3523245,7061856149.841602,443586478.48927784,2281658862.1814785,0
1700611199999,35736.5,35718.63592857143,412729.82161600416,37684.48500000001,546.6747622839484,15042184755.18075,3827195562.133627,-11214989193.047123,2075931628.2231076,0
1700697599999,37420.25,37243.845,663.9517988586538,37600.467000000004,23065.554377975954,6621345227.11331,7030813366.89766,409468139.7843504,2265622758.4624333,0
1700783999999,37299.0,37116.485,335.4117113939449,37480.77150000001,4373.634268910931,7004511334.018313,6848717012.148577,-155794321.86973667,2299376325.7313533,0
1700870399999,37718.95,37544.335,1606.3181904734056,37913.62500000001,3392.3437941094426,6433183794.327621,7611732561.73185,1178548767.4042282,2279421426.0757704,0
1700956799999,37785.2,37602.045,1704.3255357986318,37913.62500000001,3353.3794023343225,6302255469.212418,7789195466.198756,1486939996.9863386,2255496523.1915812,0
1701043199999,37452.7,37116.485,306.96440701166574,37913.62500000001,3314.4347780779926,6618881337.3100195,6570296873.548459,-48584463.76156044,2209619743.346761,0
1701129599999,37250.95,37069.72,7915.635420179331,37442.280000000006,6121.34166621277,6984331304.069506,6187945560.8526,-796385743.2169056,2219587955.309131,0
1701215999999,37820.75,37656.77,818.4370478730131,38001.160500000005,15563.286064963311,7449877007.31126,8872609302.547186,1422732295.2359257,2460883596.5425525,0
1701302399999,37856.899999999994,37647.9145,11005.669115998759,38026.285500000005,8338.291816657525,7545948779.282934,8960251833.968378,1414303054.6854439,2475915542.995662,0
1701388799999,37728.55,37545.33,210.16596815751817,37922.670000000006,212.83340812459056,7580236457.333823,8205609824.64641,625373367.3125868,2413479841.842201,0
1701475199999,38682.4,38517.445,995.0595490771955,38853.3,43119.651937172435,8386807233.066311,13396389495.915571,5009582262.84926,2781724438.2177296,0
1701561599999,39454.0,39304.49,1244.1589909816482,39652.275,15070.965416399935,7436537593.6621,11046209083.532892,3609671489.8707924,2665453240.3352594,0
1701647999999,39994.15,39835.82,340.6199737440953,40236.18000000001,325.7170897511705,6609423075.615038,9960237058.13558,3350813982.520542,2537623836.5889287,0
1701734399999,42000.15,41796.8655,37535.14692202587,42203.065500000004,37400.719371241394,7760108670.622758,7830018730.440825,69910059.81806755,2789357210.814398,0
1701820799999,44097.65,43882.883,10432.30750194228,44302.1085,18692.036912461586,6853424883.001829,14475843723.39916,7622418840.397331,2888641373.5678773,0
1701907199999,43778.9,43566.274,10089.749074806978,43993.674000000006,13547.369772206674,7763155413.812174,11607926497.870493,3844771084.058319,2998457193.2657175,0
1701993599999,43302.1,42753.120285714285,462969.2988155429,44139.59000000001,43657.9722846133,8082436614.842295,8730659738.72273,648223123.880436,2898834707.968667,0
1702079999999,44209.6,43994.92,1578.0659532434233,44430.54750000001,2151.5058248528053,7642931148.494423,9727806761.01621,2084875612.5217876,2934755047.1627965,0
1702166399999,43737.15,43552.76,23090.12064941036,44430.54750000001,2070.777409048862,7885997063.7222595,7395123292.50457,-490873771.2176895,2789284988.1116376,0
1702252799999,43816.9,43616.82,341.1794297622291,44029.05,12708.359303454781,8178937200.185838,7859487046.675412,-319450153.51042557,2833870256.604386,0
1702339199999,41265.5,40116.5895,5786075.121317293,44029.05,10750.164239776228,8458478280.507836,3662122421.4646482,-4796355859.043188,2436516837.3970904,0
1702425599999,41509.5,41318.37,502.04272638130556,41722.575000000004,12935.860686092701,8326192520.016298,4182190483.034075,-4144002036.9822235,2505032194.8446283,0
1702511999999,42885.95,42684.505,2613.542991358393,43089.37500000001,19962.50479946865,7666465119.795912,6329569953.180291,-1336895166.6156206,2708941486.9007697,0
1702598399999,43041.2,40968.545,473353.9393775272,43518.12500000001,295190.9868915938,6969000128.26468,6426739282.2527685,-542260846.0119114,2621932686.786977,0
1702684799999,41970.5,40968.545,418852.37383725564,43518.12500000001,282578.75613567914,8109967961.922865,4652973327.88755,-3456994634.0353146,2502711827.28246,0
1702771199999,42285.350000000006,42075.963,650.8376602611365,42490.395000000004,1174.4710337142594,7460331417.764363,4937669654.047388,-2522661763.716975,2460366352.910856,0
1702857599999,41387.55,40968.545,361822.91269139695,42490.395000000004,1026.3478124041346,9389766264.898544,3995025504.303361,-5394740760.595183,2396534612.7994685,0
1702943999999,42677.649999999994,42477.545,1236.6554120098688,42885.0585,7557.080211928434,7192642605.998915,5757275442.988421,-1435367163.0104933,2492962092.1152215,0
1703030399999,42298.0,42086.8085,4212.200898382211,42509.490000000005,10283.238751593899,8130544667.071035,5530496112.336203,-2600048554.734833,2564093306.7037196,0
1703116799999,43709.45,43496.425,849.8207378842288,43927.444500000005,26108.07193776694,8257304144.322199,8856405230.406708,599101086.0845089,2853815660.7835965,0
1703203199999,43899.2,43696.42,1040.480587200646,44115.781500000005,5639.5454266732495,8119795642.617231,9679395648.347315,1559600005.7300835,2862565985.0025616,0
1703289599999,44004.6,43257.26,15088.084603581163,44493.54000000001,2526.1187717260004,7611669569.450427,9622043425.067038,2010373855.6166105,2736024594.532995,0
1703375999999,43730.45,43506.574,6730.441725342692,43943.826,4642.985016627106,8068849946.899511,8471889004.399427,403039057.4999161,2726646634.8201795,0
1703462399999,43015.350000000006,42378.939999999995,106179.81579541099,44089.576666666675,15019.356668927168,8727519013.755684,6346675262.274382,-2380843751.4813023,2597324957.1817727,0
1703548799999,43611.850000000006,43431.75,65.75032362781018,43829.85900000001,13015.847142822297,8459115061.830362,8189222713.555724,-269892348.2746382,2724727130.522368,0
1703635199999,42545.25,42325.8075,945.7927762454425,42751.192500000005,558.4640250952215,9119769756.928173,5844740837.046318,-3275028919.881855,2636143140.8030214,0
1703721599999,43453.9,43299.415,605.0850867332318,43671.270000000004,12868.386457904373,8179322482.965469,7792920676.324969,-386401806.64050007,2702300378.6282253,0
1703807999999,42603.55,41993.905,64378.75882129196,43975.23166666668,40593.13573569903,9491331425.835562,5886295371.04157,-3605036054.793992,2616072136.1358056,0
1703894399999,42095.2,41904.425,81.80900997170173,42325.575000000004,85.26087544368276,10071927704.476915,5162524392.54578,-4909403311.931135,2557477372.4504905,0
1703980799999,42175.7,41983.03,491.4772203314311,42404.97000000001,488.3926989980795,9642298343.271587,5169372738.353544,-4472925604.918043,2513409749.878078,0
1704067199999,42305.85,42113.176,15882.039170253101,42536.424000000006,7727.2131951512165,9374748723.726994,5360985835.940933,-4013762887.7860603,2503548464.8688045,0
1704153599999,44232.85,44056.61,1469.7585956595267,44266.07850000001,90977.26453294285,8767653417.510637,11857875121.17051,3090221703.659872,2840471485.3184695,0
1704239999999,44984.4,44784.95,1175.663448440923,45181.6845,7124.443574983273,9326004237.515005,9762141603.753077,436137366.23807144,2970722806.7016172,0
1704326399999,42861.45,42680.525,142.24035952720163,43109.475000000006,164.6176250030464,7360487181.955158,4676117554.198453,-2684369627.7567053,2442531194.910155,0
1704412799999,44151.850000000006,43993.925,1693.4054771580115,44364.51900000001,27128.86682734284,7381727630.8414755,7307478987.6524,-74248643.18907547,2675163648.70628,0
1704499199999,44155.850000000006,42225.325,310061.6063521112,44511.66500000001,85667.78686159402,6689061982.757062,6930351607.02059,241289624.26352787,2533066249.6660123,0
1704585599999,43971.95,43751.6425,4976.117162971231,44176.4835,5174.874825134276,6991241457.4640255,6687681478.803654,-303559978.6603718,2527223176.6888223,0
1704671999999,43935.7,43743.185,69.58691344115397,44136.484500000006,15467.703645502686,7801105457.993846,7307621749.175088,-493483708.818758,2665213046.349935,0
1704758399999,46972.75,46784.9,1396.8141354474287,47204.850000000006,7685.272410459247,8767750650.968027,12287270876.902523,3519520225.934496,3114496611.489129,0
1704844799999,46124.45,45935.17,490.02097109604154,46396.83,520.650694955067,7842931069.113918,6260858861.493135,-1582072207.6207829,2839283860.414115,0
1704931199999,46661.4,46481.425,1643.69177588903,46948.575000000004,1580.0919409802866,7068407032.402726,6984607440.732356,-83799591.6703701,2756682761.4422116,0
1705017599999,46342.75,46115.9615,2290.2896787143673,46567.47900000001,15609.267967048023,8310536655.755126,6140047053.504137,-2170489602.250989,2889249513.088769,0
1705103999999,42781.55,42560.329,12026.054814331686,42988.071,14823.319084215953,8628519697.112349,3836817578.338119,-4791702118.774229,2629363885.6363482,0
1705190399999,42848.7,42640.725,9209.603529125827,43060.531500000005,712.5821362635118,8791668941.56231,4146881059.8356,-4644787881.726709,2674292605.822549,0
1705276799999,41732.95,41355.075,1037639.4064087108,43203.35250000001,2370.1504331985216,11759269100.012966,3472456870.6799912,-8286812229.332975,2623965825.5296817,0
1705363199999,42513.5,42308.395,3922.115333250022,42720.6405,15670.738729794497,9709875586.980171,4398240547.769938,-5311635039.210233,2710885986.3969693,0
1705449599999,43135.0,42917.335,10373.216662738865,43348.66500000001,7499.515470754977,8601370237.008287,4969770957.57561,-3631599279.4326773,2705281205.7559595,0
1705535999999,42781.1,42569.483,7919.382253290965,42997.31700000001,6182.674870534134,9188760413.419973,4651155826.858073,-4537604586.5619,2672481470.5302396,0
1705622399999,41323.95,41118.176,2461.417081579347,41531.424000000006,2748.028280526725,12067842244.389336,3685722948.993957,-8382119295.395378,2590064813.8686533,0
1705708799999,41662.6,41456.675,14379.710654295792,41871.315,10880.664854719911,10879717069.006985,4511847727.036263,-6367869341.970721,2672357530.1207585,0
1705795199999,41691.850000000006,41483.341,1346.4046252839278,41886.39000000001,117.70553965328143,10471835477.586891,4370224469.930013,-6101611007.656878,2591251933.6005077,0
1705881599999,41582.8,41483.341,1328.032574280353,41774.83500000001,1022.2540667930155,10794353638.755344,4338154221.465079,-6456199417.290265,2579237033.953351,0
1705967999999,39563.15,39378.2195,3547.623005922176,39727.65,77.77670072436707,13281591118.064844,3279994477.0671206,-10001596640.997723,2362179322.7849636,0
1706054399999,39901.55,39709.455,1688.6859795105067,40089.450000000004,1133.1113743541077,7983244989.931879,3293860707.5194097,-4689384282.41247,2224053785.3204465,0
1706140799999,40085.35,39893.4305,3742.80348052692,40278.4905,7114.746196551202,8053745527.979889,3793532058.7958007,-4260213469.184088,2305058995.7955775,0
1706227199999,39953.65,39754.23,19143.458371954166,40153.06650000001,7744.9419960936575,9019282178.04455,4328260593.143024,-4691021584.9015255,2433353842.2298856,0
1706313599999,41814.2,41625.825,2044.9513149029644,42014.527500000004,21207.52606973225,8702394768.439566,7758826527.448583,-943568240.990983,2880940654.298254,0
1706399999999,42110.35,41933.28,223.08090361436118,42287.94500000001,138089.54861594757,8062582731.513355,9163519689.88872,1100936958.3753643,2847211785.769694,0
1706486399999,42028.899999999994,41826.417,2056.95232124154,42246.783,2070.446309443466,7952383473.564517,6759904109.272294,-1192479364.292223,2739690508.89536,0
1706572799999,43296.6,43110.365,1944.250001271061,43348.66500000001,5705.834115044263,7355704150.1153,12149663526.36481,4793959376.249511,2864472776.2576003,0
1706659199999,42930.65,42727.588500000005,16303.793203436933,43133.59500000001,663.1188758728324,8005080328.654179,7342782958.100223,-662297370.553956,2821458347.250832,0
1706745599999,42556.6,42331.28,523.6602592469945,42756.72000000001,540.6517988631518,8169325630.909477,6423733144.762055,-1745592486.1474218,2726632436.0313225,0
1706831999999,43079.35,42857.237,28088.718189919462,43279.923,5243.353796819785,8013032691.539493,7947202897.15889,-65829794.38060284,2829884179.68726,0
1706918399999,43186.5,42984.0,1904.9113140836942,43397.91,4461.933717549596,7861263396.042967,8252393264.259586,391129868.2166195,2807558337.730405,0
1707004799999,43004.7,42840.0,6112.753088874513,43207.36200000001,9336.950227582924,8277899828.626212,7833929794.14878,-443970034.47743225,2808783518.3461556,0
1707091199999,42573.15,42357.448500000006,9485.445829908162,42783.15150000001,7448.573244749073,9205332622.301872,7002430191.966563,-2202902430.335309,2806841944.213317,0
1707177599999,42692.75,42479.4355,32163.86682602459,42889.380000000005,593.5198764785687,9596457654.903145,7746442407.629601,-1850015247.2735443,2905761264.331328,0
1707263999999,43095.45,42891.5645,17278.185976458237,43294.495500000005,11158.471522399772,9950991852.979818,9874542305.60988,-76449547.3699379,3120904446.185996,0
1707350399999,44339.85,44137.205,327.5400631995733,44383.505833333336,5505759.409632384,9217885248.801325,22697106372.243073,13479221123.441748,3291673872.9970026,0
1707436799999,45277.55,45094.395,1870.6508774980791,45486.802500000005,38166.038376050834,11174969105.397614,18598109212.148136,7423140106.750523,3799298081.9193883,0
1707523199999,47135.15,46918.23,989.8377325217363,47351.6805,11378.525577513201,9314390013.051779,11090718952.297247,1776328939.2454681,3643222609.282343,0
1707609599999,47746.3,47541.1,910.2570599838695,47971.263000000006,39841.93368785117,9566191669.044155,14302828388.556715,4736636719.51256,3756340194.934312,0
1707695999999,48321.15,48100.29,1802.0606461663701,48544.91700000001,58823.67490347656,10819650704.68357,17792109990.71308,6972459286.0295105,4013662535.9004154,0
1707782399999,49953.9,49717.165,2893.516586810872,50193.31800000001,86749.6450624855,11811637277.66442,20335898979.569855,8524261701.905436,4259970050.524526,0
1707868799999,49703.4,49511.2,2675.8879431807286,49958.952000000005,33496.7812896758,11896301170.305481,17486415044.89506,5590113874.589581,4182552743.5413957,0
1707955199999,51822.5,51640.5,2417.819058599998,52052.56800000001,32753.127726659055,11746242695.82127,24290449935.56593,12544207239.74466,4344094217.059304,0
1708041599999,51901.35,51644.679,20130.91179030896,52163.721000000005,14881.86820748849,11397906029.983627,14970747852.827507,3572841822.8438797,4142687604.1872125,0
1708127999999,52150.2,51929.05,593.0365530026824,52409.34300000001,12457.139171605702,10980993140.727154,16885654491.353785,5904661350.626631,4085553847.342929,0
1708214399999,51686.25,51395.929,3196.244477905022,51912.471000000005,3295.8265110964826,11416677292.12279,13311032325.26209,1894355033.1393013,4015836265.657514,0
1708300799999,52175.4,51966.86,1889.6030027180889,52435.77450000001,50810.69191064897,11425941493.443508,17381250777.66767,5955309284.224163,4092650058.669346,0
1708387199999,51814.350000000006,51569.855,746.6199419861683,52043.22150000001,630.6146619970854,12405040073.013638,14558406789.267208,2153366716.2535706,4080141298.9291124,0
1708473599999,52292.25,52035.913,9066.139016577323,52548.535500000005,25624.44415465448,11618010660.433275,12799671366.461826,1181660706.028551,4011933820.2448916,0
1708559999999,51876.5,51596.4215,238.25755060157113,52114.978500000005,244.80682354119656,11559845568.979338,10828906482.750513,-730939086.2288246,3857556337.7535887,0
1708646399999,51294.85,51048.176499999994,140.4971422537247,51561.2235,110.76937589676847,12578427844.352766,9041198755.898521,-3537229088.4542446,3734389728.7358284,0
1708732799999,50763.8,50535.129499999995,1682.5593008281844,51025.75950000001,36244.83715139436,15311585871.460295,8489962848.518029,-6821623022.9422655,3760176270.5068307,0
1708819199999,51594.95,51344.0895,5000.924663621754,51831.87,7126.261423150969,13220963980.657684,11266927743.323254,-1954036237.3344307,3916230342.119925,0
1708905599999,51749.25,51488.7625,11310.999698908969,52003.78333333334,21591.815447377892,12755971323.888803,11569499377.173925,-1186471946.714878,3881559617.8833117,0
1708991999999,54513.3,54307.1,3596.8727880803563,54762.450000000004,11458.068275469284,11103511745.803307,18124222495.695396,7020710749.89209,4013891838.7737045,0
1709078399999,57076.2,56849.325,3575.146834429198,57332.53650000001,46518.72887333384,11211466941.518063,13112486680.766909,1901019739.248846,4097755204.956035,0
1709164799999,62486.0,62327.795,5150.595413571934,62796.520500000006,2458.608279890045,8339784151.668817,5331110085.046519,-3008674066.6222973,3714028907.795029,0
1709251199999,61193.7,61006.435,47.77251267297565,61619.56500000001,51.26109687279724,8473910695.453476,3750956703.331023,-4722953992.122453,3420000510.820699,0
1709337599999,62424.1,62118.447,46090.33381410572,62703.658500000005,7326.648846911387,9179923948.324265,5724367295.592813,-3455556652.731452,3666898622.423445,0
1709423999999,62047.9,61855.17,1766.2383857183765,62366.179500000006,1531.3816617493917,9466754111.164076,5194262721.617029,-4272491389.5470467,3599157475.6236815,0
1709510399999,63178.8,63013.35,1741.5360380664708,63353.86400000001,48434.729937814314,11013748767.254282,8836473763.154858,-2177275004.0994244,4045162859.711556,0
1709596799999,68333.1,68109.74,2833.086476713536,68613.99566666667,469734.8775296175,15057646334.42227,14828072388.855515,-229573945.5667553,4967859636.439645,0
1709683199999,63748.75,63431.3495,18524.587698977113,64027.04250000001,15742.497866363754,10366131632.413374,4139770889.237119,-6226360743.176254,4162549573.1584177,0
1709769599999,66123.3,65902.83,3548.291694957023,66449.09250000001,3492.321229140929,10565047787.127419,5632926959.459981,-4932120827.667438,4341144457.945088,0
1709855999999,66864.35,66535.65,15135.448256176292,67174.0995,13080.969851726684,10346742310.076864,6672289229.913139,-3674453080.163725,4340802262.78195,0
1709942399999,68172.6,67968.45,1662.7992399038174,68472.5595,7579.413247039701,10767636905.314098,7224859647.970066,-3542777257.3440323,4498076862.198774,0
1710028799999,68367.25,68199.29,364.245198278007,68699.66583333335,25176.301456591176,10423435062.83121,7405199949.682919,-3018235113.1482906,4432074447.464957,0
1710115199999,69000.70000000001,68778.38,1205.5592721995088,69292.4385,20126.846346684997,12536006255.841805,10057037184.878105,-2478969070.9636993,4870640111.094257,0
1710201599999,72153.1,71916.61,2417.6942999229955,72477.18300000002,27250.86520812957,15095984337.549313,14006252463.688381,-1089731873.8609314,5578262736.574675,0
1710287999999,71507.6,71154.44,3691.095149263107,71869.56000000001,1831.5846860983077,13276903680.061764,10040101072.396395,-3236802607.665369,5327379831.700872,0
1710374399999,73130.3,72828.03,279.8174397728294,73493.23800000001,29271.252090897466,14202483850.667551,16696881989.578312,2494398138.910761,5656356572.470155,0
1710460799999,71463.75,71114.64,1062.2033073223884,71812.77750000001,13909.726602504737,14531006227.939339,10493516622.203651,-4037489605.7356873,5487980451.762862,0
1710547199999,69538.0,69176.181,48525.69760418971,69871.41900000001,40352.512834652654,13954096580.807095,8335663895.886174,-5618432684.92092,5180148633.994916,0
1710633599999,65327.85,64997.8775,15360.585446746969,65651.12250000001,18347.96103026325,18643187572.378124,5322344297.804546,-13320843274.573578,4559252044.790701,0
1710719999999,68440.04999999999,68126.655,6289.995057023251,68774.361,21261.35746534282,13942502956.75902,9139781691.847172,-4802721264.911848,5044567153.382254,0
1710806399999,67651.95,67289.76049999999,10175.622952083226,67966.0395,10573.10802969615,14817857805.01098,8190426999.135686,-6627430805.875295,5012735407.337271,0
1710892799999,61955.25,61518.8465,1221281.1788056833,68191.46583333334,34053.11883031587,16073433459.672073,4369308700.150949,-11704124759.521126,4248733502.6743517,0
1710979199999,67864.79999999999,67578.41,7616.032381549545,68189.7525,22235.76461167985,11825151866.218513,9703564151.07585,-2121587715.142664,4745674494.110329,0
1711065599999,65525.5,65182.45,30185.06365878883,65837.55,33751.0062188661,13305956522.38854,7833311457.225651,-5472645065.1628895,4685750481.598457,0
1711151999999,63820.9,61470.21666666667,8069485.97542653,67054.16428571429,1325164.2899363087,12975901587.315165,5896694818.951049,-7079206768.364116,4253688689.154436,0
1711238399999,63999.65,63700.198500000006,12888.391699540805,64305.82950000001,13055.499471194687,13531740539.77018,6885588122.998361,-6646152416.771819,4417715384.56654,0
1711324799999,67254.5,66961.51,3294.4220626525453,67561.326,2089.5396050840704,13398623930.758247,13071559084.190805,-327064846.56744194,5020735051.403053,0
1711411199999,69911.95,69570.8975,71768.78845494601,70239.55050000001,30917.194912140472,13732662671.238808,15871203951.810955,2138541280.5721474,5437015693.654331,0
1711497599999,70045.05,69719.65,1277.3689823063803,70394.32050000002,7839.550401026482,14747209807.119219,14651768475.11091,-95441332.00830841,5544188832.2720995,0
1711583999999,69527.3,69200.857,52999.09738126203,69869.61000000002,881.3245225508432,17917337784.04831,13958184192.367506,-3959153591.6808033,5892615953.165376,0
1711670399999,70848.75,70504.50600000001,9737.504621836952,71149.8795,13783.185820765673,16284305021.216185,19001169472.341553,2716864451.125368,6050282563.70179,0
1711756799999,69901.4,69549.704,1442.655370729276,70219.35,902.7029080604508,17617340169.856556,14877368491.23895,-2739971678.617605,5878102241.056385,0
1711843199999,69640.4,69549.704,1362.5540898590812,70041.46500000001,207.84849525300575,17720229203.2482,13716668147.680115,-4003561055.5680847,5677402992.840671,0
1711929599999,71370.5,71106.68,1667.316621786825,71516.93571428572,41576.419697495876,16988558943.70858,22987357130.420135,5998798186.7115555,6087205948.110767,0
1712015999999,69703.4,69384.335,912.8064090264829,70081.66500000001,988.9623957696798,18399072473.088894,14455338278.049704,-3943734195.0391903,5882264152.464408,0
1712102399999,65490.5,64583.515,32351121.450094227,70081.66500000001,758.7817546995276,21188063987.475216,7678878898.607804,-13509185088.867413,4948927147.225637,0
1712188799999,65971.7,65646.12,1562.6483702676437,66301.35750000001,6237.386864550962,17718183485.45505,8864052647.292957,-8854130838.162094,5073966789.528848,0
1712275199999,68494.4,68178.395,2026.084740727629,68822.802,18960.069923150088,14584073773.211481,12889009292.042746,-1695064481.1687355,5369782555.144945,0
1712361599999,67829.0,65437.555,357474.71300089563,68822.802,17873.33038407762,14213359862.663084,10898877855.453985,-3314482007.209099,5020534920.800027,0
1712447999999,68907.65,68629.13,2542.829175643311,69239.07300000002,3810.002451009566,13817414300.840538,13809486586.555609,-7927714.2849292755,5207716516.900102,0
1712534399999,69362.7,69068.92,3421.40967508548,69701.77500000001,5738.339858150117,15162414113.617088,15871101225.452435,708687111.8353462,5567796978.6117325,0
1712620799999,71669.2,71320.00799999999,43877.600539870735,72012.27,40727.59720866218,15817283317.636059,21295419545.305534,5478136227.669476,6050159361.200561,0
1712707199999,69177.0,67939.39,31743.844880586345,72012.27,36884.240233836616,17761786056.87059,12797492645.707876,-4964293411.162714,5686618798.826955,0
1712793599999,70655.4,70328.29149999999,12772.674928876351,71008.27500000001,1874.8784295057524,15595912049.300535,16601640204.280703,1005728154.9801674,5789809429.540662,0
1712879999999,70033.75,69705.4215,21010.48320391075,70360.15050000002,3471.030247611639,17046115753.898333,15155946545.096342,-1890169208.8019905,5806333998.98391,0
1712966399999,67130.75,66789.47450000001,7114.247758108827,67460.72550000002,8107.353709485596,17425066800.068142,10152315157.407532,-7272751642.66061,5295242113.348413,0
1713052799999,63942.35,59704.207500000004,3353057.052620129,68131.97650000002,113379.90295551057,10492944376.984142,6649210424.691174,-3843733952.2929688,4131956505.361424,0
1713139199999,65640.15,65422.245,2533.678504537038,65943.9795,15655.157717218239,9167736701.026155,7586344515.625801,-1581392185.4003544,3980386123.4737864,0
1713225599999,63423.45,63116.034,9651.435169619112,63750.366,10772.6097766599,10801083930.400152,6361795115.520609,-4439288814.879543,3881188701.429964,0
1713311999999,63782.55,61213.03799999999,1051199.780683323,64384.698000000004,156213.3256944234,9808758554.788662,6337946971.226403,-3470811583.5622587,3751626337.268897,0
1713398399999,61262.75,60973.998,7906.268134792737,61560.77250000001,2346.3933976824333,13564810578.141554,5478283638.272527,-8086526939.869027,3740857208.390628,0
1713484799999,63465.75,63205.385,2915.3984611938654,63762.225000000006,29310.405110039166,11924303642.768791,8588652865.316829,-3335650777.4519625,4152886435.745146,0
1713571199999,63800.850000000006,59532.558333333334,9295263.13941186,65653.36200000001,1124229.4942937188,10102104507.38166,8180993981.584384,-1921110525.7972765,3943056546.0427046,0
1713657599999,64914.25,64646.145,672.552141940835,65221.686,23949.12770276673,10399905671.014566,11399571896.95794,999666225.9433727,4203684862.7723875,0
1713743999999,64925.25,64613.2105,12876.730712319568,65235.45450000001,7928.439937868585,10811156748.27646,11087263153.612408,276106405.33594704,4266366743.983971,0
1713830399999,66797.8,66514.755,2835.360534041465,67104.1515,13754.136641829595,10645816168.859404,16582697668.733564,5936881499.874161,4559345338.6716,0
1713916799999,66408.35,66086.80549999999,3981.0616187988444,66729.789,9580.142219639974,11193337756.603123,14428092405.852024,3234754649.2489014,4550687052.189387,0
1714003199999,64273.05,63965.565,741.5919415337955,64608.435000000005,823.556116719543,13270758844.792202,9753349959.857601,-3517408884.934601,4399489664.000575,0
1714089599999,64481.9,64142.277,25184.43987057478,64786.923,23190.072432658533,12651966896.026411,10383839627.429014,-2268127268.597397,4397250891.212176,0
1714175999999,63749.4,63455.727,2804.9768926757984,64093.473000000005,2913.334882849629,14115614360.245884,9277057753.6389,-4838556606.606983,4279125039.19371,0
1714262399999,63421.0,63103.895,721.1519369850618,63738.10500000001,733.7828281243236,13036630558.762243,8731226453.710028,-4305404105.052216,4150796341.345544,0
1714348799999,63098.4,62809.375,6248.6208918324355,63408.26400000001,28061.626540867266,14735081934.015951,9291618128.432587,-5443463805.5833645,4282848501.198963,0
1714435199999,63854.2,63560.5005,6681.588908169228,64161.61200000001,14545.026212064484,12429006318.75574,10622289362.063208,-1806716956.6925316,4303876301.6658325,0
1714521599999,60653.55,60347.943999999996,25208.46651513403,60944.20500000001,1060.7210563894325,15804446498.629646,7898876715.22161,-7905569783.408036,4170603055.4318447,0
1714607999999,58303.05,58040.34,4788.823901994247,58567.380000000005,367.26863374304247,12710189164.76965,6308312208.676274,-6401876956.093375,3683519345.2139487,0
1714694399999,59047.05,58762.113,854.0482348226194,59325.55200000001,5494.919181086205,10956403244.479437,6814525129.197923,-4141878115.281514,3675536123.898514,0
1714780799999,62858.3,62599.43,3406.93258461389,63157.91850000001,17094.372738536393,11010299559.797743,13119456100.350626,2109156540.5528831,4415003268.903648,0
1714867199999,63880.149999999994,63610.35,154.74803316711385,64179.30000000001,24198.932797283283,11041867519.768902,15647942476.710066,4606074956.941164,4674961917.121124,0
1714953599999,64003.9,63725.77,283.0422646272132,64330.05000000001,3357.297378027408,10603961783.788052,15822716062.184166,5218754278.396114,4574782427.965843,0
1715039999999,63153.15,62536.34428571429,13026.872326492305,65640.73500000002,70225.9865654013,11542678478.937716,11957867292.820887,415188813.8831711,4377247653.964445,0
1715126399999,62322.55,62018.947,1992.7679376689186,62626.07250000001,1043.4171254232622,13352930582.70843,10618653073.10837,-2734277509.6000595,4314726585.790784,0
1715212799999,61170.5,60861.37871428571,84074.53167804614,61469.82000000001,3458.979227372575,14944798920.488691,9024470644.13118,-5920328276.3575115,4119075044.8934183,0
1715299199999,63057.75,62765.595,1251.72598714062,63350.677500000005,11348.16905884377,10714409654.147219,12167509879.084578,1453100224.9373589,4293749830.2269745,0
1715385599999,60789.05,60149.028999999995,194578.03695684797,63560.795833333344,36011.45866172154,15387830903.972258,8831276120.188057,-6556554783.784201,4110075505.583416,0
1715471999999,60809.7,60506.149,51909.36075736598,61102.99500000001,500.6612140311535,16426245305.653484,9917770563.080801,-6508474742.572683,4326166851.715828,0
1715558399999,61458.4,61164.5405,2120.543665646706,61756.948500000006,7154.123809046591,13792326305.611609,10886989427.9808,-2905336877.630808,4332243757.259795,0
1715644799999,62923.8,62620.8225,38039.83105492313,63223.94700000001,9800.24837005594,13042138986.213036,15513849604.071058,2471710617.8580227,4754676515.974284,0
1715731199999,61548.25,60732.7575,3845277.31791108,63223.94700000001,9199.228237823834,15201913307.968458,11119696427.35357,-4082216880.614887,4371710580.7849,0
1715817599999,66203.85,65933.675,5648.294774513705,66506.277,97654.46821311396,14317247795.814531,33010144205.483295,18692896409.668762,5465483800.2161045,0
1715903999999,65233.85,63945.725,597913.6015018625,66788.81300000001,2861718.2232028283,15230859842.643959,17661784347.185684,2430924504.541725,5214784705.64226,0
1715990399999,66993.65,66746.59,4122.925656347917,67307.865,16976.55824642231,13698678004.95489,25452480331.107937,11753802326.153048,5489157917.974879,0
1716076799999,66897.5,66608.285,1599.6486457361652,67219.3245,10157.071400087149,13846736765.978357,24309238760.133293,10462501994.154936,5426251192.881149,0
1716163199999,66255.79999999999,65940.83899999999,8213.517905965127,66603.561,8481.013007648664,14966735537.333218,19779502288.925297,4812766751.592079,5353186770.6615505,0
1716249599999,71474.15,71166.38,2675.978011681995,71707.01292857142,175732.4246996433,10956409557.670748,29713566356.71992,18757156799.04917,5234678038.005311,0
1716335999999,70168.3,69817.956,83231.10094739507,70519.64400000001,67211.60415298978,14184571468.402655,20895687255.549946,6711115787.147291,5586454334.148223,0
1716422399999,69196.1,68836.18950000001,1554.921862908855,69522.88500000001,719.2442022004561,15212527555.339275,16678093295.92574,1465565740.586464,5345188554.364441,0
1716508799999,67994.45,66068.90550000001,265325.954765518,70214.65500000001,10195.832643655775,13062949234.108814,12853117240.768766,-209831993.34004784,4844902313.974525,0
1716595199999,68582.05,68246.055,1729.7225990236573,68905.61400000002,9859.495752328654,13099575438.20216,14706261896.043398,1606686457.841238,5005555611.038539,0
1716681599999,69310.29999999999,68990.315,1135.6478071456702,69660.97200000001,27054.071610009614,12979845121.69843,17163560357.424551,4183715235.726122,5147677311.864125,0
1716767999999,68519.70000000001,68017.425,5413.11102433845,69660.97200000001,25973.988760835844,13787592784.86706,14542812717.826334,755219932.9592743,4974206468.943601,0
1716854399999,69434.0,69114.292,18924.28509995903,69757.3515,22349.965255845975,13762055033.189825,18062732758.384876,4300677725.195051,5243686039.264461,0
1716940799999,68422.55,67030.444,2133570.7865773705,69757.3515,21662.291354877067,15028715514.58327,14880310996.636438,-148404517.94683075,5109165661.173442,0
1717027199999,67661.9,67348.2665,44310.622482549246,67986.039,1804.2283949467067,19233168710.544315,14838400143.558992,-4394768566.985323,5417874589.494382,0
1717113599999,68368.9,68029.941,6206.809777303186,68694.76500000001,2036.9543062473065,16371321293.450249,16037928665.233538,-333392628.21671104,5329739372.54309,0
1717199999999,67557.3,67240.01049999999,16478.094143281156,67843.53000000001,724.7531354789286,18051891831.94413,14185563703.983543,-3866328127.9605865,5224492846.63191,0
1717286399999,67780.95000000001,67453.836,35366.611989020916,68068.55000000002,2427.0752406525485,17903776591.814213,15188987389.386976,-2714789202.4272366,5321959532.746273,0
1717372799999,67772.15,67466.87049999999,7762.933166413065,68105.7345,6076.976800408707,18076180689.514484,15308938947.623203,-2767241741.891281,5332736334.380984,0
1717459199999,68835.5,68507.143,46273.60721629095,69149.02500000001,6318.30938945121,16909780758.123363,18786119572.441837,1876338814.3184738,5622368298.664639,0
1717545599999,70569.65,70227.1,66373.25367000996,70896.31800000001,29895.118772108326,17248335833.890537,28982188734.86471,11733852900.974174,6226488493.047585,0
1717631999999,71136.95000000001,70789.275,1504.190912342614,71470.57500000001,26199.49800457467,17944692053.20722,34708738624.784004,16764046571.576786,6531060201.445482,0
1717718399999,70817.5,70481.621,19047.314276629135,71189.979,14677.441703977242,18703829249.5373,30378707911.267384,11674878661.730083,6469661724.040541,0
1717804799999,69366.5,69003.34950000001,2581.655461784195,69696.85050000002,2763.236665346461,21465489472.038273,20083814199.725918,-1381675272.312355,6282253434.19731,0
1717891199999,69318.0,69003.34950000001,2238.870175941967,69672.63,7177.670478755893,21586304290.265175,19730965461.195095,-1855338829.0700798,6193132383.126114,0
1717977599999,69654.70000000001,69339.56,6213.170006162626,69903.71666666667,23170.837681193738,20452611524.149986,21083329935.760174,630718411.6101875,6162731153.499507,0
1718063999999,69532.05,69210.9065,95887.34634630827,69863.58,77140.84370018271,22979331684.965202,22316183158.40487,-663148526.5603333,6401448125.264267,0
1718150399999,67310.2,65984.99235714285,619542.6801976322,69863.58,74541.52751450882,22244160787.62477,14902531803.07099,-7341628984.5537815,5759137682.039136,0
1718236799999,68263.15,67932.3315,100051.21026997615,68582.1045,51513.84749360952,20249231804.34408,18478654466.57053,-1770577337.773552,5971854138.709205,0
1718323199999,66761.35,65984.99235714285,596718.5162345303,68582.1045,48371.4164924287,26395633419.641895,14183641253.722975,-12211992165.91892,5632413490.042104,0
1718409599999,66030.45,65712.68549999999,8373.615443428003,66351.30600000001,32504.62758913301,24343090293.765675,13215256630.322252,-11127833663.443422,5413354333.262481,0
1718495999999,66206.35,65882.6315,45872.531674659316,66514.92000000001,3544.934887688756,23310044689.088707,13730144981.674952,-9579899707.413755,5403365044.404132,0
1718582399999,66656.8,66348.68950000001,13356.514717386735,66971.391,40529.02960654999,21669495621.44661,15478433225.276834,-6191062396.169775,5509618379.904098,0
1718668799999,66478.1,66151.6795,12002.467163868136,66787.07400000001,2903.5742678726306,22090644728.542522,14807348991.657396,-7283295736.885126,5424622326.295239,0
1718755199999,65150.0,63965.899999999994,3478377.3696610834,66787.07400000001,2780.653065536874,22694168428.02246,11908926049.035465,-10785242378.986996,5002172507.683433,0
1718841599999,64948.1,64645.2495,24454.98698412856,65264.901000000005,9311.197568463804,24199628506.159065,11855722948.343615,-12343905557.81545,4941154150.337128,0
1718927999999,64853.95,64529.6305,52483.63644622541,65165.20500000001,3112.165435295364,25243029288.73051,11963996465.193193,-13279032823.537317,4923509309.167886,0
1719014399999,64126.0,63831.638,24003.979255773487,64444.62000000001,45274.7765715665,23031987660.196877,11739378477.9995,-11292609182.197376,4860669388.013893,0
1719100799999,64240.0,63918.8,55449.318226099786,64561.200000000004,41845.76176627063,22403154632.390385,12270938020.279776,-10132216612.11061,4884029850.165661,0
1719187199999,63187.4,63070.96949999999,628085.0129802197,63519.81900000001,1668.192454683147,41295795144.9865,10557780420.472567,-30738014724.51394,4730311183.738068,0
1719273599999,60266.8,58171.539,2251.524503557107,63519.81900000001,1560.2008186566657,13085439757.252865,7685529329.236284,-5399910428.016581,3982914125.124153,0
1719359999999,61785.8,61484.831000000006,13095.698840797222,62073.22200000001,182.30204551648285,11144224182.408733,9368847060.28534,-1775377122.123394,4087194608.843681,0
1719446399999,60849.3,60337.23185714286,430879.6614487869,62690.86600000001,2190.4250010738624,12557774676.768154,8274454178.283707,-4283320498.4844475,3958689987.254626,0
1719532799999,61670.75,61393.7885,4325.904532118791,61959.255000000005,291.67390530442583,11814141891.295574,9706051005.1756,-2108090886.1199741,4079985486.5730605,0
1719619199999,60417.95,60128.745500000005,30794.978617473505,60731.94900000001,38464.11096260997,15575507550.80503,9555791308.762249,-6019716242.042782,4203079156.5510864,0
1719705599999,60961.15,60677.488,64154.82009277822,61206.51000000001,303.31361994479,15355798288.514465,11657703559.77527,-3698094728.739195,4439764283.585505,0
1719791999999,62757.75,62455.951,6070.758748517325,63033.57000000001,23857.745538235446,14929798833.749372,19718923097.257328,4789124263.507956,4998769059.180807,0
1719878399999,62871.85,62545.7995,28660.88527627453,63165.255000000005,516.4937631435297,14600954768.419626,15987378229.905407,1386423461.4857807,4896287633.237558,0
1719964799999,62108.1,61828.253000000004,79803.19802134337,62361.255000000005,3186.054002819888,17079143491.644398,14401252129.35917,-2677891362.285227,4931428214.431355,0
1720051199999,60196.4,59906.96,16932.229400371878,60485.72400000001,1090.3845913381722,21069481355.642086,11333567851.786942,-9735913503.855145,4838661018.318527,0
1720137599999,57040.25,56704.32783333334,5117878.503771531,60485.72400000001,997.5816097675745,23517674610.622715,7961380669.3605585,-15556293941.262157,4135157011.7083735,0
1720223999999,56612.45,53343.325000000004,665137.1785395107,60485.72400000001,905.1304845501579,6910438543.801635,7076192171.067235,165753627.2656002,3421662949.4619346,0
1720310399999,58224.55,57946.81,1082.2155231361537,58529.19000000001,988.2741743608955,5546117468.131737,7698710946.589688,2152593478.4579515,3278240000.183618,0
1720396799999,55846.0,55617.29,184864.9071799627,58529.19000000001,932.898726297764,7263683338.514466,6250062930.694808,-1013620407.8196583,3184397185.744172,0
1720483199999,56704.75,56413.0175,17618.664549885467,56979.982500000006,12704.129694560772,6657977331.1619,6815147950.741916,157170619.58001614,3179860730.459605,0
1720569599999,58037.0,57757.76,2684.6163589574635,58313.316000000006,39526.94381109943,7106152075.236129,8763127390.516838,1656975315.2807093,3401892772.201632,0
1720655999999,57717.100000000006,57436.375,162.4717623080783,57995.535,408.26784605318716,8556036129.520961,9173342603.120853,617306473.5998926,3620276853.8118653,0
1720742399999,57322.75,57059.5685,7657.0459465147,57602.07750000001,14940.434990186617,9822773697.134218,9144998060.837666,-677775636.2965527,3697065233.5964165,0
1720828799999,57886.0,57612.49,12705.116899329825,58150.20450000001,28049.886191712714,9472122791.427256,10895472872.105783,1423350080.6785278,3875353951.3899283,0
1720915199999,59193.5,58950.765,2858.666341613129,59469.87000000001,31423.60924963874,9148112334.570057,14473693562.715113,5325581228.145056,4075326347.4757366,0
1721001599999,60777.9,60511.92,905.2565646093482,61059.57900000001,23398.250516781904,9078369802.72173,16758683964.950264,7680314162.228535,4290978397.3624115,0
1721087999999,64723.05,64445.155,1330.995458511713,64919.16200000001,2577420.042749115,11276709109.0065,26282334906.540016,15005625797.533516,4999777828.177895,0
1721174399999,65037.05,64721.864499999996,14106.87602785806,65372.33550000001,13891.757428989642,9755978500.895164,25387388508.270496,15631410007.375332,4857549891.120374,0
1721260799999,64074.55,63772.933000000005,7737.730870822117,64413.867000000006,8127.335072915417,10696690686.74832,16425516314.162275,5728825627.413956,4644574619.494762,0
1721347199999,63973.9,63131.999,114687.5344300102,65604.173,371721.2494037712,10486656036.587418,15682945674.348177,5196289637.760759,4519932694.348954,0
1721433599999,66650.0,66382.42,2824.763121559016,66961.0395,82278.84129043628,12882819839.106758,26596022818.30131,13713202979.194553,5366405237.944658,0
1721519999999,67119.5,66840.12,545.1913205016754,67438.716,36632.47814906859,13415370874.758734,31017414469.89102,17602043595.132286,5597565591.630839,0
1721606399999,68160.1,67876.91,1690.9093259123176,68492.0225,9286039.85336245,11640285666.457314,41828181844.38897,30187896177.931656,5456163960.668689,0
1721692799999,67511.15,66563.33099999999,46148.10189524147,68492.0225,9119669.505677687,12165943689.997494,27935193720.07248,15769250030.074986,5311774947.387226,0
1721779199999,65931.55,65148.189999999995,263457.53960332926,68492.0225,8954698.07997625,14734020346.82688,17992130388.20292,3258110041.3760395,5105579794.983208,0
1721865599999,65371.0,65053.1,659.420922703238,65706.90000000001,678.7987235090048,15467695208.761585,15715716261.47306,248021052.71147537,4886990270.20192,0
1721951999999,65786.45,65471.0,1661.919024844822,66096.43800000001,23111.198919139417,13072519563.443857,18076521458.70758,5004001895.263723,5107590349.1989155,0
1722038399999,67896.35,67581.395,2006.110682705436,68220.606,9763.793633689662,12461695285.9653,34338000347.2546,21876305061.2893,5501576711.374031,0
1722124799999,67899.0,67565.87299999999,27186.753357796697,68213.16900000001,18002.376981550577,14263715003.762598,22945367772.796402,8681652769.033804,5658329399.18691,0
1722211199999,68240.0,67917.705,226.88996170337143,68439.41500000002,58535.749566552084,14504964037.02214,25363167950.700336,10858203913.678196,5736549396.641019,0
1722297599999,66756.85,66453.3635,30747.66196841325,67091.4885,13479.64236658235,19376679929.071606,17953413433.204594,-1423266495.867012,5760979783.324288,0
1722383999999,66177.0,65853.08,436.339274787893,66514.92000000001,449.0948088278359,18412728258.576424,15967891409.86315,-2444836848.713274,5538944193.880768,0
1722470399999,64614.95,64449.7445,2922608.872400567,67091.4885,12485.90208548323,24737945608.603394,12621961632.42901,-12115983976.174383,5228745427.018008,0
1722556799999,65335.55,65014.394499999995,1991.8442065025017,65655.5445,51883.24300536682,14757813428.375912,15026806624.611765,268993196.2358532,5359088517.100567,0
1722643199999,61471.35,61209.197,751565.47166096,65655.5445,48598.52838510414,22517675986.136364,9434917196.218084,-13082758789.91828,4764585097.538166,0
1722729599999,60687.8,59549.0,556773.2762823573,65655.5445,46058.87511554319,14439623715.90011,8386612820.959397,-6053010894.940713,4363478223.493322,0
1722815999999,58138.75,57065.68,106146.61135628959,65655.5445,45065.838088109726,13100865423.98867,6721198549.420418,-6379666874.568253,4023235477.8284945,0
1722902399999,54006.35,48908.419,10254334.005532775,65655.5445,35322.55571464706,4352168405.547729,4427075011.321015,74906605.77328682,2735580422.8007393,0
1722988799999,56002.7,55754.825,2320.8819378287,56271.156,34002.676700999655,4677360997.671871,5715437418.969137,1038076421.297266,2802874981.481052,0
1723075199999,55124.75,54864.3,9669.039679801797,55385.04750000001,13150.803487893494,5725618729.471484,5803243463.349984,77624733.87849998,2897981854.9244595,0
1723161599999,61683.649999999994,61391.5,2771.3160497684416,61968.09900000001,52624.95894002138,7843704651.763977,11633723327.767712,3790018676.0037346,3753884514.462021,0
1723247999999,60828.45,58923.5,481367.2985549885,61968.09900000001,49218.351152639625,7060318454.824659,9530762121.857141,2470443667.032482,3456551706.781036,0
1723334399999,60906.6,60614.9025,1271.5251414649372,61224.0975,1266.0985828807868,6882311491.046658,9501703947.233196,2619392456.1865387,3405698132.9602966,0
1723420799999,58715.55,58434.061499999996,912.8275349492035,59021.338500000005,1024.9792849505873,9414953151.618519,7274339126.892374,-2140614024.7261448,3228469175.623407,0
1723507199999,59336.1,59068.175,1144.0519003921463,59612.6805,24175.576487001377,6222481973.47546,8263106349.265539,2040624375.790079,3261166489.6166635,0
1723593599999,60575.350000000006,60306.95,654.9662588124919,60853.25250000001,49926.2724632235,6618244014.936383,10735860220.823015,4117616205.886632,3495062807.5795145,0
1723679999999,58666.649999999994,58391.774,6001.699395511576,58940.938500000004,20743.643602610395,9971652021.628536,10369891867.707577,398239846.0790405,3811763070.498241,0
1723766399999,57521.95,57259.265,461.86563550054916,57798.55500000001,43162.26664887373,10924773902.335009,10390353129.158531,-534420773.17647743,3974238965.4965854,0
1723852799999,58873.55,58560.6255,2709.9173962654017,59144.25000000001,21484.2184553939,9012881864.979414,12725336614.02033,3712454749.0409164,4074290252.5925627,0
1723939199999,59487.05,59213.445,211.9392576603843,59732.75000000001,314457.6789433502,8807132729.665981,15338545643.950338,6531412914.284357,4152637353.48807,0
1724025599999,58415.7,58359.583333333336,82818.00661944694,58698.43200000001,7128.228334002884,10897932650.70327,11741385612.399864,843452961.6965942,4124977349.727494,0
1724111999999,59418.45,59165.685,241.71496752330222,59700.91950000001,7759.966593886405,8778543665.468746,13719950216.472519,4941406551.003773,4040122346.3824954,0
1724198399999,58993.45,58712.8605,756.0906065239258,59272.89000000001,12707.165473295501,10259028905.428148,12300598103.109325,2041569197.6811771,4173786881.994743,0
1724284799999,61139.649999999994,60862.159999999996,1014.9278466888959,61425.600000000006,53205.82365173669,9647207737.782236,19503771231.543987,9856563493.761751,4532077127.160078,0
1724371199999,60367.65,60103.97,861.3077348184031,60657.07650000001,8868.534264422125,11029587250.114004,16510478867.51799,5480891617.403986,4588750253.884909,0
1724457599999,64034.95,63760.595,352.606214907936,64325.02500000001,47332.587731230524,11652809301.49569,21555785106.313774,9902975804.818085,5163754328.413258,0
1724543999999,64145.600000000006,63875.02,466.6868288990586,64437.082500000004,4821.868825642127,12288532058.88944,22952400886.598476,10663868827.709036,5296862805.845932,0
1724630399999,64206.1,63942.68,4.670490029093446,64501.804500000006,13403.514182506564,12870800086.177256,23213346658.33504,10342546572.157785,5404431601.900422,0
1724716799999,62826.05,62749.205714285716,218.63844221546333,63126.060000000005,3346.129551336992,17442265384.037167,16551005721.977373,-891259662.0597935,5121220255.116916,0
1724803199999,59394.9,57687.729999999996,152779.04291657277,63335.43333333335,10358.961190400314,11359514363.948149,10237086153.500406,-1122428210.4477425,4443156408.766903,0
1724889599999,59026.649999999994,57687.729999999996,147776.1331678335,63335.43333333335,9834.189841043724,11338606383.707155,9206119900.120852,-2132486483.5863037,4136340926.9764457,0
1724975999999,59336.649999999994,59067.18,653.5035757389228,59619.816000000006,25467.90988149089,11752772119.871254,10652097711.519348,-1100674408.3519058,4343255169.843628,0
1725062399999,59104.45,58805.3955,10013.406701489372,59396.40450000001,9620.793951722593,11932564286.781954,10371714737.655325,-1560849549.1266289,4284639793.852645,0
1725148799999,58959.2,58647.190500000004,9265.030013507409,59236.609500000006,8384.178649781627,12256146547.479406,10227241028.19927,-2028905519.280136,4239951530.873285,0
1725235199999,57279.45,57058.38471428572,111553.70069464488,57577.25400000001,5602.4064070301965,17671914624.593994,8626216876.8957,-9045697747.698294,4130851818.53533,0
1725321599999,59130.85,58851.1655,7592.892194413174,59407.660500000005,26431.69383853484,11692329964.032417,11522705302.154263,-169624661.87815475,4344457539.0296545,0
1725407999999,57460.45,57076.758499999996,859100.2293793921,59826.02850000001,120009.11632796649,17520276827.195477,9136923840.453306,-8383352986.74217,4192259531.014907,0
1725494399999,57959.4,57686.12,237.86615335178075,58227.48900000001,27610.126270481636,10699800991.793753,10221710972.288174,-478090019.505579,4135990120.147686,0
1725580799999,56153.75,55899.1,9877.828803601818,56426.4285,22.197428882462848,17128471856.643967,8568069801.667344,-8560402054.976623,4063751810.105581,0
1725667199999,53943.5,52468.28,118616.59792339515,57469.13435714285,1019.3271539658499,10494003113.39304,6932918481.610877,-3561084631.7821627,3688006044.497866,0
1725753599999,54144.25,53891.0905,3717.5777176322945,54410.19750000001,30581.069283365574,10848608596.920502,7932414656.045576,-2916193940.8749256,3831819732.098944,0
1725839999999,54864.85,54612.565,232.72114451003281,55113.798,22501.2193135447,10060424736.694519,9406993246.053415,-653431490.6411037,3953239855.339775,0
1725926399999,57024.85,56772.71,1194.2114804999387,57295.05000000001,55653.711391590994,9748680370.288279,13029011335.805386,3280330965.517107,4403185216.076246,0
1726012799999,57632.45,57363.74,1486.0072252507787,57908.40150000001,10379.472540957702,9094604229.8043,14983764857.543074,5889160627.738773,4392732131.509417,0
1726099199999,57326.600000000006,57023.848,7223.039689270208,57596.952000000005,5707.67026593721,9224689722.428785,13723319705.15155,4498629982.722765,4349994599.653138,0
1726185599999,58116.350000000006,57844.325,228.9266613576541,58387.48500000001,8080.228277523342,8890548914.694143,15820197935.188478,6929649020.494335,4420370605.768404,0
1726271999999,60481.100000000006,60240.284999999996,1825.1787846434966,60711.365000000005,1513554.4801603348,10525098490.490269,22476479484.625877,11951380994.135609,5024784302.838372,0
1726358399999,59980.4,59692.836,1865.5281531287753,60267.840000000004,5547.57782752957,11065441681.996038,18426454426.053574,7361012744.057535,4936335697.79888,0
1726444799999,59115.6,58853.255,69.44131904174104,59425.65000000001,11302.651744419703,12636055062.495028,15317206083.539759,2681151021.044731,4843866724.983826,0
1726531199999,58198.75,57293.124,306190.92846159916,59425.65000000001,9903.676162401389,11492558417.845068,12535263456.118263,1042705038.2731953,4511930895.482951,0
1726617599999,60299.7,60027.355,927.0104776592349,60576.47550000001,22931.84539208715,11305892141.477169,19651672919.823326,8345780778.346157,5037393657.494035,0
1726703999999,61755.75,61475.08,639.6278910635465,61772.14450000001,3451776.894729709,9333357320.951601,45832186494.535614,36498829173.584015,4916908299.814617,0
1726790399999,62947.25,62666.095,2488.1701363981733,63237.41400000001,41231.48806656859,12193019039.281162,25445961326.553818,13252942287.272655,5513855296.796733,0
1726876799999,63191.899999999994,62913.85,780.2398029583217,63489.66900000001,3063.26942741564,11643536941.789438,25063012338.374893,13419475396.585455,5417948040.197578,0
1726963199999,63335.25,63003.996999999996,2022.368164265148,63637.20300000001,1594.4666412113104,11156877201.890839,25622088069.803104,14465210867.912266,5279321133.502834,0
1727049599999,63571.7,63271.1545,4449.442452977454,63867.64950000001,3329.9559035644374,10907409048.338581,28066203512.798737,17158794464.460155,5249682898.112852,0
1727135999999,63325.55,63028.473999999995,2365.166931561825,63618.51000000001,33953.081408459875,11898258598.856308,21642136981.305946,9743878382.449638,5240290194.541773,0
1727222399999,64263.35,63964.57,2961.8377286319455,64564.315500000004,42462.719669203376,12154798635.887554,30874643249.08057,18719844613.193016,5526860193.544795,0
1727308799999,63138.05,62844.2995,20772.985902553108,63445.75050000001,17048.31596936465,14914177380.615677,21395736837.45011,6481559456.8344345,5494190374.983051,0
1727395199999,65155.95,64869.025,1042.4267088759518,65464.89600000001,41683.7937314568,14137727898.513996,33805621537.99295,19667893639.478954,5859253163.6225,0
1727481599999,65764.45000000001,65466.025,2104.4576682874476,66075.23250000001,13278.523322951254,12981737202.372692,29341619309.5395,16359882107.16681,5633133245.438868,0
1727567999999,65840.1,65246.708333333336,6259.200828359684,66343.29166666669,6070.204676982232,12510414440.556622,29437734951.500137,16927320510.943516,5483736460.963191,0
1727654399999,65587.95,65291.9,534.5289643731217,65895.94050000001,194.26258908410972,12695392685.656652,26329048780.36882,13633656094.712168,5391390335.056609,0
1727740799999,63319.8,62834.225,236379.94621571302,65895.94050000001,188.0040810363003,16406695840.998154,15819627565.950611,-587068275.0475426,5178470149.667501,0
1727827199999,60785.0,60146.854999999996,274706.42065130844,65895.94050000001,173.27550726602036,17478397088.252537,11075894860.741076,-6402502227.511461,4757118436.945117,0
1727913599999,60636.35,60349.735,552.9369207617102,60956.26500000001,556.8358856050371,15704862014.462416,10476815464.97046,-5228046549.491955,4544298834.532904,0
1727999999999,60740.6,60423.564,33432.239766156104,61030.836,28836.059429521665,15506061969.213688,10947207613.266424,-4558854355.947264,4548938121.365449,0
1728086399999,62078.850000000006,61791.49,4431.574944589771,62364.672000000006,28484.77772054149,13827651600.01578,14523261334.206247,695609734.1904678,4877176033.061023,0
1728172799999,62050.55,61763.63,1.3900142405104,62364.672000000006,27995.41249314796,13949472578.122093,14545509204.70062,596036626.5785275,4850269044.995887,0
1728259199999,62807.95,62511.3725,3628.721427940547,62985.21600000001,387793.0847821004,13586024369.118835,17749455009.499496,4163430640.380661,5037475194.291562,0
1728345599999,62200.1,61910.1935,21042.464163180935,62502.156,12197.111582569109,15246326171.607285,14794320232.316555,-452005939.2907295,4968920094.358539,0
1728431999999,62128.85,61821.0415,59693.14404536719,62436.630000000005,2385.9247987614176,15819469857.49378,15009443370.624825,-810026486.8689556,4977451642.340064,0
1728518399999,60607.05,60343.6655,20287.093008486863,60950.13450000001,21984.515637170505,21799673329.50264,12316132478.82659,-9483540850.67605,4869743298.679861,0
1728604799999,60294.399999999994,59994.121999999996,39049.07156835833,60597.07800000001,32948.0357252481,15038581704.481785,12196049799.012226,-2842531905.4695587,4714297359.389439,0
1728691199999,62521.5,62226.603500000005,12468.38544340618,62812.098000000005,42831.75568422767,13789780153.31478,18606747802.31445,4816967648.99967,5210788873.397284,0
1728777599999,63193.9,62900.915,4263.973588878592,63491.880000000005,42332.15083961186,14882559281.85732,23925632098.571598,9043072816.714277,5624826545.612906,0
1728863999999,62848.9,62524.506499999996,3861.5816439544133,63152.893500000006,3231.883960781873,15052860831.1222,21039730347.053394,5986869515.931194,5436959890.543154,0
1728950399999,66076.55,65767.4105,57320.49271074102,66395.2245,43092.23366329203,14377647906.841097,32344180349.253674,17966532442.412575,5889703771.36897,0
1729036799999,67068.7,66722.113,29869.42356600605,67392.687,21576.619596041804,13005851827.641726,31773256344.143185,18767404516.501457,5680637759.64981,0
1729123199999,67598.55,67283.691,40560.214163064426,67929.96,49825.494853144824,14694891668.562357,31507541594.05446,16812649925.492102,5960210826.528946,0
1729209599999,67412.25,67053.44799999999,63889.628960885624,67727.352,49020.63761651821,15692130165.042862,29073512053.28134,13381381888.23848,5941396743.881919,0
1729295999999,68417.4,68095.014,41476.26950843862,68749.839,66171.2782115129,16824111831.155588,36976302078.7008,20152190247.54521,6355066689.662771,0
1729382399999,68369.75,68027.6525,48371.9827630896,68698.88550000002,3405.553768393372,17827185738.5287,36340497434.33195,18513311695.803246,6467099261.774542,0
1729468799999,69042.05,68711.715,2719.717245181411,69365.20050000002,10081.345078823993,16954890608.109568,35207289357.38523,18252398749.275665,6418547304.465926,0
1729555199999,67368.45000000001,67014.245,3413.4184383100524,67687.755,3703.8459362846756,21424608043.81891,21097977470.505775,-326630573.31313324,6193286247.798745,0
1729641599999,67407.95,67089.069,9763.830958396273,67743.432,401.9458031251281,19745178801.89008,21129913743.967854,1384734942.077774,6122378364.535819,0
1729727999999,66653.15,66325.8045,3567.138124726515,66992.39550000001,2813.6478846619707,18397487698.164886,18018448895.341606,-379038802.82328033,5857579563.633083,0
1729814399999,68182.4,67861.587,3089.328065014601,68512.05600000001,65064.554204121916,17781592755.051617,26219525766.892956,8437933011.841339,6278419113.287786,0
1729900799999,66664.8,65133.483,394283.9865888773,68938.55928571429,114193.00415243533,19877483056.101814,18229001457.262592,-1648481598.839222,5859278758.863583,0
1729987199999,67070.45000000001,66736.441,27710.50436285803,67356.10500000001,33.797709713268475,18087181861.358173,18950446817.825005,863264956.4668312,5664564889.572324,0
1730073599999,67996.85,67688.059,23772.859180326603,68312.865,1215.6057515285772,17201928317.55814,23940239538.431717,6738311220.873577,5876957722.201221,0
1730159999999,69950.8,69622.04049999999,49659.65036010255,70289.70000000001,131497.59589513275,20107987313.143345,42325788961.43991,22217801648.296566,6828672246.74994,0
1730246399999,72752.15,72393.7125,135908.5672265596,73103.19750000001,65888.4194230133,21393160133.553623,38499091949.28968,17105931815.736057,7359846541.245578,0
1730332799999,72358.0,71042.50178571428,5386268.059713748,73103.19750000001,64116.03843664996,21409057885.928467,32468178158.654026,11059120272.72556,7145492330.515553,0
1730419199999,70313.1,69622.04049999999,43156.54614389461,73103.19750000001,61763.44404925223,26690706660.756702,20031278647.336796,-6659428013.419907,6803478080.088228,0
1730505599999,69495.5,68322.56235714284,1529036.518221939,73103.19750000001,56662.01230142859,24750770221.54758,16400979953.324879,-8349790268.222702,6228538134.549533,0
1730591999999,69365.3,69035.9855,10526.250880943995,69713.43300000002,21291.49896504151,25718946118.37095,16394888052.27723,-9324058066.09372,6193416392.793359,0
1730678399999,68755.75,68433.0155,5860.385114194084,69120.78450000001,6035.053102507926,21365387438.39132,14721864792.11248,-6643522646.278839,5894549652.221876,0
1730764799999,67836.5,67495.1285,409.1129740016052,68173.47150000001,325.2819673557282,25173394614.242958,13030119535.14515,-12143275079.097809,5789976909.227074,0
1730851199999,69367.5,69038.075,878.9680719624891,69692.42850000001,51729.44555005105,20140921938.734257,16699343367.823528,-3441578570.9107285,5983039419.637883,0
1730937599999,75599.04999999999,75318.515,9580.798471869184,75957.79950000001,122377.48389075675,20949407773.328243,32800397986.535507,11850990213.207264,7146653543.608478,0
1731023999999,75867.1,75495.426,87976.09734992842,76235.28000000001,10512.762056985295,22421823987.29375,27995869577.229534,5574045589.935783,7478248263.938261,0
1731110399999,76507.9,76119.092,2502.211537900382,76864.611,21699.81895104641,21375525891.364597,34311309397.729965,12935783506.365368,7555105248.635412,0
1731196799999,76694.85,76377.19499999999,395.1600228775527,77119.55166666668,70823.45551542418,20290613024.59658,36677133332.05185,16386520307.455269,7326742445.021883,0
1731283199999,80419.25,80061.68,1388.8193975494316,80781.297,37831.917533648855,17849998673.33947,28658168111.580875,10808169438.241405,7173999359.384987,0
1731369599999,88747.15,88407.74,5452.013862226372,89143.60050000002,24925.43082271484,16857671311.40261,31869301430.229584,15011630118.826973,7226220765.547284,0
1731455999999,87970.0,87528.16,38808.300173201846,88388.54400000001,9161.357943763507,17366305630.228996,24223096654.585564,6856791024.356567,7280039049.141359,0
1731542399999,90412.25,90108.19499999999,4295.716314271962,90835.71900000001,32483.923955110833,17278254978.838318,12991850865.293333,-4286404113.544985,7154568289.125198,0
1731628799999,87375.0,86945.7865,753.017712894918,87819.6135,638.2402390732141,20570772304.63065,8509084414.20645,-12061687890.424198,6740898284.531165,0
1731715199999,91099.9,90675.345,2134.8838255443434,91505.25000000001,2128.448481282898,19831719619.466908,17074807276.81543,-2756912342.651478,7575675861.599659,0
1731801599999,90634.35,90122.523,17274.64552636653,91028.277,17580.268921006493,20343523579.23164,15710576576.658636,-4632947002.573004,7425099167.858834,0
1731887999999,89899.95,88440.40842857142,779661.9876949677,91884.57666666668,268690.78245482745,20537734633.461666,13665185840.350069,-6872548793.111597,7222522248.370021,0
1731974399999,90521.2,90082.325,45907.91544923906,90925.2645,40564.77138062141,22213716908.707947,17023687192.397034,-5190029716.310913,7729350039.737492,0
1732060799999,92338.65,91999.69,1107.061333434468,92797.5795,23016.855154429442,20833112884.027252,22364438821.440983,1531325937.4137306,7939324311.039004,0
1732147199999,94307.15,93925.015,2567.38061989568,94759.44000000002,74760.92983434914,24704652969.863316,33258675320.895573,8554022351.032257,9060201148.379093,0
1732233599999,98374.85,97997.55,3063.952861739894,98830.1925,33055.31011792474,24611090879.57227,37532391335.4421,12921300455.869831,9588547177.176533,0
1732319999999,98934.2,98592.56,708.3529531739,99416.00700000001,25280.380088442293,23894522870.861717,42222793739.23586,18328270868.374146,9517978653.316128,0
1732406399999,97732.85,97012.65,42084.63294060692,99416.00700000001,24582.04677286547,25376535378.561977,26667543045.637283,1291007667.075306,9139916550.795761,0
1732492799999,97994.04999999999,97610.495,1294.9569336841676,98398.54500000001,2426.850121459083,24052367615.07867,28352804917.50553,4300437302.426861,9044007734.723118,0
1732579199999,93044.55,92568.9295,11109.445689673643,93499.27050000001,12948.952024094571,37340545158.52174,13748412492.484583,-23592132666.037163,8657090223.901262,0
1732665599999,92007.7,91565.47200000001,52189.21642708144,92453.97000000002,312.782638939741,31332981216.526913,13333386437.244558,-17999594779.282356,8526387101.894565,0
1732751999999,95906.95,95512.04,134.6046522173171,96384.72600000001,25915.557280756577,22852435593.950443,20460549919.44368,-2391885674.5067635,8657902221.853151,0
1732838399999,95698.6,94552.12,1981.4248608636194,96704.41000000002,86438.29265857705,22272668532.466522,18984782910.660053,-3287885621.806469,8321468273.789578,0
1732924799999,97521.5,97147.81999999999,5332.149848387979,97953.2295,30658.981046823403,22817849792.407536,27006040995.446503,4188191203.038967,8820443234.024887,0
1733011199999,96479.55,96063.7995,88106.63559067265,97953.2295,27115.506529283597,23769691013.473396,21103419910.861458,-2666271102.6119385,8420090687.8120165,0
1733097599999,97265.25,96883.15,1453.9719430918567,97683.387,13513.645962634107,22366110908.17773,24631011062.56432,2264900154.386589,8444802342.270907,0
1733183999999,95888.55,95354.034,16448.015836441522,96312.36600000001,17240.41128032897,24331670682.342754,19459821083.57268,-4871849598.770073,8264214201.568188,0
1733270399999,95916.45000000001,95546.865,3524.0499980786626,96392.86650000002,14698.274988991143,23550468237.603516,19657641089.70997,-3892827147.893547,8201612979.240363,0
1733356799999,98670.8,98330.875,674.1598711539452,99121.34100000001,8419.749452076217,24381024926.677666,38796448687.353325,14415423760.67566,8998111846.449146,0
1733443199999,96989.7,96670.22,1121.0981207181599,97416.45900000002,104000.24012387994,24502700497.760998,14669780191.283417,-9832920306.477581,8687018124.932844,0
1733529599999,99796.2,99455.225,412.19182922411517,100288.84950000001,10755.253506635128,19762275417.566147,16248224337.285833,-3514051080.2803135,8186610048.554483,0
1733615999999,99906.1,99526.865,580.5893064802676,100527.13500000001,579.186350432015,18842144374.046993,15747979467.412363,-3094164906.63463,7854106741.360053,0
1733702399999,101193.4,100837.28,2094.661052230993,101650.6245,548.3011576740812,20028810513.098236,20358627269.462605,329816756.36436844,8206492428.574968,0
1733788799999,97339.05,93858.66833333333,170907.6435322249,101650.6245,524.5272169750648,21545601571.12149,12406855476.77903,-9138746094.34246,7727937799.180613,0
1733875199999,96601.95,96070.03600000001,34354.78060955122,97035.56400000001,26808.942464216187,22698849225.08542,11901279586.412237,-10797569638.673182,7567943645.972971,0
1733961599999,101129.85,100728.825,3187.4458733335355,101620.87650000001,117285.296065398,24200342981.570396,24624623178.47597,424280196.9055748,8843560426.706781,0
1734047999999,99996.55,99510.547,10570.007382763493,100510.65300000002,10970.925149713355,26082130932.518158,20031036360.42729,-6051094572.090866,8672435400.653835,0
1734134399999,101419.25,100908.721,33503.37795679577,101878.7595,21697.916129486384,24143285479.703835,25639531807.30084,1496246327.597004,8819462723.731428,0
1734220799999,101418.04999999999,100909.11899999999,18746.037389671445,101887.90500000001,8640.219619763133,24444169161.088085,25637990835.185867,1193821674.0977821,8806536244.143454,0
1734307199999,104510.45,103993.02200000001,44428.20120186747,104982.702,145487.74503127337,27016074018.216442,42493008838.29411,15476934820.077671,9911904063.622229,0
1734393599999,106086.2,105563.72899999999,113551.94718679394,106608.59100000001,28876.934023594767,26645270025.80204,32906744274.31698,6261474248.514938,9891565514.04565,0
1734479999999,106102.75,105554.17700000001,17411.352139547813,106615.02300000002,13225.457041214224,26486531058.955242,26416874079.587006,-69656979.36823654,9667206575.470701,0
1734566399999,100172.05,99894.957,251886.13083665943,106615.02300000002,11818.835076723839,49187012077.31826,13483118440.019417,-35703893637.29884,8763524341.26335,0
1734652799999,97416.9,95510.123,1493210.7140841417,106615.02300000002,11543.536372360244,30887641721.699436,10881610100.332785,-20006031621.366653,8078068298.906846,0
1734739199999,97779.6,92207.924,4940117.128951868,106615.02300000002,11216.424935093386,21154986096.745247,10609325277.653603,-10545660819.091644,7507093312.020847,0
1734825599999,97255.75,96799.769,3579.815712770224,97772.63100000001,3643.004818724217,21231020448.439743,10029851820.883722,-11201168627.55602,7244372727.599734,0
1734911999999,95149.1,93881.18299999999,392660.59573088365,97772.63100000001,3466.6146525555173,24878205221.156376,8626067577.074533,-16252137644.081842,6975720894.54791,0
1734998399999,94849.05,94411.968,6250.801684503983,95335.40550000002,42037.90779200171,27072931251.21632,9870341429.168144,-17202589822.048176,7226103206.83231,0
1735084799999,98627.75,98162.62049999999,22781.55359616122,99115.11000000002,1700.1275915032636,24247878685.721462,15954717830.782082,-8293160854.939381,8113073152.196519,0
1735171199999,99397.6,98882.8015,15185.453906709065,99876.59850000001,11235.158882095127,22333622394.36019,17475987126.370052,-4857635267.990139,7924470480.346123,0
1735257599999,95747.1,95224.485,196.29387412851855,96181.51500000001,221.12267836602874,28712437227.717613,11579768218.390005,-17132669009.327608,7453521904.027185,0
1735343999999,94254.95,93779.745,26844.82233504508,94660.95000000001,1332.7653116456577,33327286797.117905,11230575961.327784,-22096710835.790123,7452897443.751647,0
1735430399999,95257.45000000001,94829.7685,12084.279388308094,95602.85,20218.602254796497,29918207669.967823,13920701517.997704,-15997506151.97012,7799490023.230093,0
1735516799999,93699.5,92837.235,397424.71829994704,95602.85,18651.527520973752,37992443553.27838,11843391975.472912,-26149051577.80547,7541583698.377346,0
1735603199999,92749.3,92333.015,18865.708222435424,93119.28000000001,440.75557815081953,35457857617.19016,11558435484.86651,-23899422132.323654,7404946818.649016,0
1735689599999,93539.45,93081.1555,20615.84576470867,93899.16000000002,140.64072034405274,30215053236.463634,12312880739.29395,-17902172497.169685,7395822751.832158,0
1735775999999,94572.75,94107.99549999999,38009.05929807484,94903.15500000001,2832.600215181368,26562178769.72459,13977201343.237219,-12584977426.487371,7416853747.434003,0
1735862399999,96964.0,96524.95,13295.94841409292,97445.3025,24542.656127138136,23203718674.48067,18900507795.067013,-4303210879.413658,7760049033.543676,0
1735948799999,98149.35,97649.3,35823.38643448932,98630.70000000001,26103.699076919496,21796361394.728733,20796588429.62067,-999772965.1080627,7815978059.849387,0
1736035199999,98199.0,97745.815,768.5076505559682,98668.08600000001,12047.934911258391,21457121949.570988,20768471050.78987,-688650898.7811165,7668858305.747814,0
1736121599999,98350.25,97868.2,1193.0591397057174,98831.90100000001,45240.53194296432,22335625749.33061,22401909679.718575,66283930.387966156,7842961867.222604,0
1736207999999,102204.6,101766.61,183.15314001201287,102556.30000000002,4755061.57255646,24981361168.859917,39578788254.07973,14597427085.21981,9122327479.749155,0
1736294399999,96932.15,96041.51428571428,49625.82306347444,102765.509,7133179.657744732,35779257948.951866,16359744150.52804,-19419513798.42383,8338164480.181551,0
1736380799999,95036.15,94547.08899999999,19629.842525699823,95497.311,16067.521795182936,29496977551.627487,14323680659.748993,-15173296891.878494,7949330085.082576,0
1736467199999,92531.29999999999,91164.71333333333,90896.7184155559,95497.311,15097.821351082566,31818351340.146515,11552417154.656889,-20265934185.489624,7303726941.748243,0
1736553599999,94706.4,94262.31999999999,3327.407559657117,95148.87750000002,39779.548570758096,25069018659.69553,14528868343.434124,-10540150316.261406,7553681270.547225,0
1736639999999,94584.7,94127.0,817.6885198665024,95042.247,8274.93649799925,25185138310.751663,14398393364.657314,-10786744946.094349,7475045712.393933,0
1736726399999,94511.0,94077.25,9274.066845076291,95022.75000000001,9295.538824126483,25284205408.252647,14375413270.217615,-10908792138.035032,7426617775.227575,0
1736812799999,94521.6,94035.659,1191.2997580507758,94980.74100000001,1168.9150426338701,18380989573.45264,13802674639.633394,-4578314933.819246,6849808229.698375,0
1736899199999,96531.15,96079.19,1283.7196606238492,96997.47450000001,33977.465283100064,17467793943.894318,17377333996.5975,-90459947.29681778,7067725061.802331,0
1736985599999,100487.9,100034.315,959.4956465106891,100858.0705,6057998.83015587,18909498547.346672,30106024146.733738,11196525599.387066,7921555264.252815,0
1737071999999,99972.70000000001,97018.205,106293.70671737308,100858.0705,5929606.826782554,18499312070.5049,25563226555.72992,7063914485.225018,7732161949.103097,0
1737158399999,104074.45000000001,103641.19,4615.054496432389,104562.71250000001,114671.71919380689,21392430949.970222,31743535936.378338,10351104986.408115,8741652634.173656,0
1737244799999,104522.15,103997.4,19399.03936615967,105023.50500000002,412.3372425816324,20058668182.138134,33392600460.81001,13333932278.671875,8509001138.157309,0
1737331199999,101311.1,99474.70999999999,740573.9605671945,106494.93035714286,4801355.860957538,22563487600.12833,19855023823.270912,-2708463776.857418,7799430664.232351,0
1737417599999,102253.15,101758.5505,4536.608529939915,102686.88,1735.50240674485,21172947650.6874,17113696337.1344,-4059251313.5530014,7637322333.157764,0
1737503999999,106141.65,105619.25,2123.3597641200463,106645.07250000001,76824.20082503259,22717964673.65419,29155676497.715073,6437711824.060883,8756351520.073246,0
1737590399999,103676.7,103199.41,22182.284293486187,104236.59000000001,23941.381711834685,27224604199.44396,21745665183.21269,-5478939016.23127,8433708766.033479,0
1737676799999,103894.9,103428.26,1233.2221809335801,104467.74,1222.6935753340729,21851113964.461815,21311395920.8598,-539718043.6020164,8056123989.285103,0
1737763199999,104830.05,104344.25700000001,10901.00515915002,105332.14050000002,37554.89264553433,21641829565.42334,24441818761.294807,2799989195.8714676,8239075382.941315,0
1737849599999,104718.2,103994.695,36476.67614565643,105332.14050000002,36730.73039911482,21311658681.533527,23579547683.069416,2267889001.5358887,8045728298.257853,0
1737935999999,102576.05,102396.6972857143,491645.7332009079,105681.50083333335,120625.92371477291,26237662221.626934,18494312992.4471,-7743349229.179832,7732077046.839037,0
1738022399999,102049.95,101583.53,694.4274509067862,102531.40650000001,38122.48024062044,22024824133.409645,19303498893.62336,-2721325239.7862854,7832489756.366904,0
1738108799999,101283.3,99687.49857142857,29404.052867330083,104426.08778571429,1583278.770990142,22327909897.88697,17047779134.12592,-5280130763.761051,7412010420.58585,0
1738195199999,103723.75,103245.18,3073.309250909379,104216.691,56923.88823482561,21568484267.306545,23747030191.760593,2178545924.454048,7952536324.158802,0
1738281599999,104703.3,104218.5885,47679.74952216343,105200.28450000001,49531.71752749907,22009729898.09243,27508843636.845432,5499113738.753002,8248889522.677985,0
1738367999999,102395.35,101318.13428571429,120710.96608408069,106247.05350000001,669098.3638515582,26207749575.099575,20679732355.140972,-5528017219.958603,7965078120.454742,0
1738454399999,100608.3,100132.26,266726.33294058894,101079.3825,50724.14728690589,35304026627.7787,18922522594.07146,-16381504033.707241,8042244115.840908,0
1738540799999,97668.25,96079.19,697.051673767041,101414.63750000003,156454.69468835075,26986043490.466755,14651111494.678263,-12334931995.788492,7319738639.18926,0
1738627199999,101326.5,100788.326,42800.962045520406,101801.27400000002,44072.27573325847,14014006439.069014,19808535654.671555,5794529215.602541,7027913774.103283,0
1738713599999,97734.9,95048.28733333334,12337457.091997312,101801.27400000002,39399.03486681513,15022232076.346413,13740595774.958723,-1281636301.3876896,6361156339.551311,0
1738799999999,96593.4,96158.79,93.56474515984736,97035.96600000001,10462.665399851458,16143902718.894766,12689894723.38828,-3454007995.506485,6195486969.81411,0
1738886399999,96535.5,96017.5,18284.08166990198,96982.50000000001,15138.114089275938,16326467043.560663,12740715349.08793,-3585751694.4727325,6148775073.272331,0
1738972799999,96472.65,96054.315,601.3828563806239,96922.80300000001,24705.998995164453,18272704947.030476,14459922310.700207,-3812782636.330269,6486316736.705214,0
1739059199999,96430.7,95984.665,659.5520997848573,96888.83400000002,13245.751996615176,18413223824.694233,14591896977.878273,-3821326846.81596,6458462913.093899,0
1739145599999,96446.8,96006.555,554.0816569728432,96971.445,553.6572915265615,17066054964.166473,14221234791.945309,-2844820172.2211647,6288967055.470404,0
1739231999999,97400.95,96968.72,4920.13795211379,97866.096,59863.98172020206,17218352676.332115,16585618154.65102,-632734521.6810951,6484619606.734241,0
1739318399999,95756.3,95269.857,14040.546737802679,96210.057,61552.85765001028,20809905733.557877,15529805902.215399,-5280099831.342478,6619450740.845015,0
1739404799999,97856.95000000001,97400.55,672.7381095170454,98305.38150000002,22940.26964266971,20042895796.70969,22508818748.717575,2465922952.007885,7174591310.608534,0
1739491199999,96590.85,94463.84999999999,56232.31398815446,98305.38150000002,22412.949051819007,21291541274.276886,18366389479.716576,-2925151794.5603104,6908399389.56313,0
1739577599999,97475.05,94463.84999999999,53208.477027836605,98839.888,724254.1974382846,18963381789.71611,19601202375.616997,637820585.9008865,6746006264.463772,0
1739663999999,97564.3,97112.0,2026.822257080305,98021.56950000001,26442.364723014336,19901648778.83603,20954880241.36229,1053231462.5262604,6909471445.415595,0
1739750399999,96090.25,95667.26,866.1773664656909,96594.0675,406.7735207692149,22991874673.641697,17237015862.14169,-5754858811.500008,6694230121.617238,0
1739836799999,95763.6,95319.01,1228.54971586901,96213.67500000002,10632.717036626254,23977612803.89741,16976190946.881527,-7001421857.015884,6666999198.088379,0
1739923199999,95621.0,95183.9885,2306.6631418654592,96096.89400000001,20535.764387220217,24679346843.362717,19403468464.014236,-5275878379.34848,7087699778.396083,0
1740009599999,96628.85,96169.735,1820.091124140505,97053.08200000001,257413.02624586583,23118024317.99729,23029250010.4492,-88774307.54809189,7181970215.057509,0
1740095999999,98276.2,97808.0025,24165.888521074263,98737.93350000001,40863.995931392776,24336062210.762863,33822044557.43345,9485982346.670586,7888705708.9552555,0
1740182399999,96160.7,95717.408,73856.10834230411,96619.092,35915.41454791707,31342638125.81857,23826834033.357292,-7515804092.461277,7962795801.402062,0
1740268799999,96547.25,95717.408,58454.30714002205,97580.47600000001,427432.4500138189,26264184721.23805,22140678115.966854,-4123506605.2711945,7112286828.065494,0
1740355199999,96265.35,95804.56999999999,2997.5395774838307,96699.492,27244.802565234935,26730297208.807343,20912675544.059746,-5817621664.747597,6888627403.180623,0
1740441599999,91530.25,91317.09999999999,184718.91253827777,91972.07250000001,228927.3654441238,43065312435.47248,18394041226.512653,-24671271208.959827,7135829369.983192,0
1740527999999,88652.20000000001,88233.018,6666.285059358982,89057.07,2405.483354965036,21147506891.759308,14037037639.13656,-7110469252.622747,6191192324.802196,0
1740614399999,84208.55,82170.9385,1321123.0987404012,89352.45000000001,6355.065260975536,16289236654.456867,10148340140.45357,-6140896514.003298,5275077297.4004135,0
1740700799999,84677.05,84244.7595,14356.279366104707,85079.28000000001,118.94332360850282,14853415804.67441,10192978981.158865,-4660436823.515545,5109845850.368726,0
1740787199999,84311.3,78093.05,1541898.3195184416,85091.44050000001,10222.283984762133,8170628803.882221,9407922127.904293,1237293324.0220718,4473217297.314241,0
1740873599999,86027.2,85626.6155,7975.083841791849,86437.7385,19353.068176946017,7696805597.686591,10824589545.993456,3127783948.3068647,4514586405.011899,0
1740959999999,94271.4,93866.31,10530.765241706224,94693.91400000002,104299.45333283112,9319559730.659542,21905866548.313583,12586306817.654041,5286311664.802552,0
1741046399999,86179.0,85796.66100000001,12795.40415998658,86658.93900000001,15978.187669607078,8201647705.063224,10520157453.782175,2318509748.718951,4579404141.215364,0
1741132799999,87256.05,80910.41900000001,3436726.1989869447,89245.77300000002,1534183.3112242948,6869304103.321368,10405605855.726252,3536301752.4048834,4278301170.849679,0
1741219199999,90588.4,90157.8455,30064.233362168612,91018.93050000002,57913.40545654509,9295253153.97624,16048904616.690037,6753651462.713797,4957521729.875286,0
1741305599999,89910.3,89484.0315,3660.978631112185,90349.09800000001,14457.143990874323,9670291965.445984,14608927331.995052,4938635366.549068,4934516218.8511715,0
1741391999999,86763.75,84387.7885,1144350.7008141626,92018.66200000001,662212.1253104954,9118752677.299696,11222960694.823849,2104208017.5241528,4662171368.367778,0
1741478399999,86199.1,85779.94499999999,1239.7657587094034,86618.13600000001,24321.548056735603,10041711679.709309,11286194925.75837,1244483246.0490608,4675549920.536964,0
1741564799999,80695.65,80330.6285,9379.880944071725,81137.97150000001,11287.479220537818,13060915674.023844,8259616762.60971,-4801298911.414134,4360255630.542993,0
1741651199999,78568.4,78176.155,1028.1734553828671,78956.016,18686.61175031969,14556605006.968191,7728684260.298301,-6827920746.66989,4177670386.8653736,0
1741737599999,82908.5,82506.395,1701.0864614679608,83303.64600000001,1126.100270086529,8711663919.508232,10535492742.86472,1823828823.3564873,4383560197.397964,0
1741823999999,83664.95,83273.6395,709.4446081436149,84110.56050000002,688.4448760286082,7747129415.882591,10800704350.059965,3053574934.177374,4255627910.201758,0
1741910399999,81091.7,80716.29049999999,7239.729288375584,81490.827,11691.238762970892,10079086897.493158,9324690769.30851,-754396128.1846485,4284668611.242803,0
1741996799999,83968.15,83570.05,1991.4842898994511,84359.49900000001,43015.66159379147,11424470451.457705,14847511090.366283,3423040638.908579,5034086226.270264,0
1742083199999,84326.2,83886.858,11250.264333781444,84639.29833333335,140007.11138903996,10869715978.109673,15466646578.042868,4596930599.933195,4932242301.146943,0
1742169599999,82558.8,82115.8575,6182.962338378151,82941.14250000002,7984.4246725304065,12725844805.352282,12234545799.194134,-491299006.1581478,4781223725.131543,0
1742255999999,83978.5,83590.94499999999,1532.4770417581592,84382.7145,48356.13320442691,11673264722.909533,15398160904.515097,3724896181.605564,4947652680.749026,0
1742342399999,82689.85,82293.7635,2375.066302384874,83089.0785,1063.0315138322633,13366696642.700825,12909982420.42693,-456714222.27389526,4831180109.66464,0
1742428799999,86828.6,86439.63,1255.7128061237495,87226.26150000001,48552.21486714303,14896717485.209564,25198512318.744686,10301794833.535122,5953245166.367577,0
1742515199999,84188.3,83802.38249999999,7400.504184583013,84644.61750000001,8168.545285551896,18065490021.760403,15510560915.238867,-2554929106.521536,5569304112.524275,0
1742601599999,84059.8,83644.675,550.754126037463,84485.32500000001,553.5765646037615,18106119313.626637,14846846651.257578,-3259272662.3690586,5399208471.404552,0
1742687999999,83823.45,83644.675,517.1633813198155,84224.9295,9752.441819352747,19323286925.07614,14565425966.205292,-4757860958.87085,5366007030.575628,0
1742774399999,86062.7,85664.525,1437.4620940444358,86208.76821428571,358930.29919075,15827671402.428278,22186479781.724503,6358808379.296225,5908839850.546959,0
1742860799999,87485.15,87094.34,7989.643756163516,87897.1995,22698.49530335194,17243747877.969925,28091036678.327713,10847288800.357788,6646606748.859864,0
1742947199999,87395.3,86925.58799999999,19899.819448385166,87799.212,19528.713778995396,17235957269.711834,27012253887.39414,9776296617.682304,6522091597.144586,0
1743033599999,86887.4,85468.74571428572,317154.6159913843,88672.83600000001,292611.8161068409,17217158593.159695,23218709367.378643,6001550774.218948,6184132999.776799,0
1743119999999,87204.75,86755.24399999999,7015.996223383617,87627.156,7717.556411562892,16410158089.895632,24387230919.50455,7977072829.608919,6113060720.005414,0
1743206399999,84381.9,84006.9545,926.8653327533449,84802.70400000001,9769.146926079628,23706426935.209797,16762750154.700264,-6943676780.509533,5978474458.313005,0
1743292799999,82619.85,82190.8805,42980.11176490425,83016.9195,45208.875376038464,23773909540.796543,15107933161.845053,-8665976378.95149,5840424930.945129,0
1743379199999,82363.9,81963.125,2234.298884526958,82786.87500000001,2258.0711896013377,25020625427.879253,14235593103.269611,-10785032324.609642,5626490602.212297,0
1743465599999,82533.75,82137.25,521.2305125604154,82962.75000000001,517.5278710221306,18917644595.25686,13965442057.992846,-4952202537.264013,5401517393.097103,0
1743551999999,85146.55,84736.78700000001,6900.956615588889,85546.50450000001,58998.559516713074,16291614150.428013,20895727585.501743,4604113435.07373,6023463804.596141,0
1743638399999,82492.55,82181.909,785724.3114237487,82926.0675,31058.299602372867,26146136679.2889,15009555297.871927,-11136581381.416971,5853562717.642202,0
1743724799999,83190.75,82765.5925,39926.60834417134,83597.40750000002,32312.113396367797,18880689033.803047,15943127517.34525,-2937561516.457798,5710153686.969414,0
1743811199999,83875.55,83469.555,1791.3538592088485,84280.60650000001,25022.110342742966,17519288515.479336,17395591348.199467,-123697167.27986908,5762381840.321957,0
1743897599999,83510.05,83119.0165,17356.729839787506,83914.18350000001,39626.706360598124,19332983990.855423,17745840584.615005,-1587143406.2404175,5901433588.568951,0
1743983999999,78383.05,77072.153,3097927.726126402,83914.18350000001,36450.397850849076,19589829004.592533,11164658478.08813,-8425170526.504402,5172829919.043416,0
1744070399999,79145.05,78748.37950000001,32597.419605057392,79539.82050000002,28412.38812001815,9760133719.57505,12137021860.350977,2376888140.7759266,4899182785.131497,0
1744156799999,76292.4,75950.34,4689.516966599649,76713.66,5265.546751579399,12697903551.025711,9662282826.025532,-3035620725.0001793,4640092387.472772,0
1744243199999,82596.95,82221.626,12116.131085710647,83000.94,72986.38169199861,13829489861.426289,19739051707.73026,5909561846.30397,5847948637.380739,0
1744329599999,79561.6,79207.97,9370.681135560315,80004.03000000001,10542.506710895508,14728902188.796198,13893461962.05593,-835440226.7402687,5442921063.248222,0
1744415999999,83393.4,83004.89,23286.99583485048,83795.19150000002,94472.74018689602,14031611881.89312,23893038017.435368,9861426135.542248,6228251769.351697,0
1744502399999,85255.54999999999,84855.59,1227.1124213012245,85663.98900000002,54089.157408343024,16297438963.077414,35022970754.02969,18725531790.95228,7091101220.32309,0
1744588799999,83726.9,83298.216,8788.25520780999,84135.384,9433.284938561626,18282140859.671124,24725396547.922905,6443255688.251781,6784546654.554181,0
1744675199999,84564.95,84157.0005,4504.316150564753,85002.79950000001,4360.773034929332,15760841621.836536,27394977908.52976,11634136286.693222,6550960697.859621,0
1744761599999,83624.85,83311.2015,68332.34319827335,84021.7185,1274.8193610552769,18554203769.92845,22602104679.20952,4047900909.281067,6590411412.377418,0
1744847999999,84012.05,83621.79,1007.9644065647472,84405.93000000001,4301.302902343056,17102972855.337532,23291205125.970947,6188232270.633415,6456729552.447423,0
1744934399999,84927.0,84525.15049999999,3593.480533952351,85339.57500000001,31547.03384165766,16141912659.987017,27703548808.453503,11561636148.466486,6608591914.394007,0
1745020799999,84442.5,84241.98416666666,12033.956398076489,84841.69800000002,4456.554911023724,16999727937.352926,25152594851.682446,8152866914.329519,6505647438.426876,0
1745107199999,85070.05,84666.54,263.5573292493063,85472.1345,45987.00588957285,17137101864.744253,29440819196.89604,12303717332.151789,6795268328.879034,0
1745193599999,85169.25,84767.035,324.3669528260483,85472.1345,44489.539880749464,16534003388.829056,29398079264.25788,12864075875.428825,6643038078.207659,0
1745279999999,87488.05,87087.375,1102.4429015857716,87903.33000000002,88706.60704716078,19154274101.191383,42280033646.87358,23125759545.682198,7671181085.51159,0
1745366399999,93433.04999999999,93049.415,5013.6390709631505,93867.00000000001,65861.8173989293,19298175309.59926,40483332210.15824,21185156900.558983,8201731703.284883,0
1745452799999,93659.4,91312.67071428572,218191.33470951545,94730.9985,3955.712230307638,17777009710.151917,36105369155.52448,18328359445.372566,7820033939.130418,0
1745539199999,93952.8,93566.815,871.9164000992282,94401.25800000002,23044.723216372575,17822029755.156857,39343221949.32292,21521192194.166065,7880193080.119042,0
1745625599999,94599.04999999999,94227.495,1508.7269393151114,95064.75900000002,55767.22365126557,19723125428.462708,43733144336.06543,24010018907.602722,8384508273.316972,0
1745711999999,94580.15,94105.4085,18652.050584331475,95051.19150000002,16197.503253193963,19600284685.82092,42473212340.54164,22872927654.720722,8221328667.915983,0
1745798399999,93704.0,93280.485,21784.275268249658,95366.45250000001,52827.51449368732,21038286670.12979,33575093512.742134,12536806842.612343,8021284479.938519,0
1745884799999,94969.35,94564.8,1334.271099906889,95444.5485,6190.361250385124,18148260672.2105,47326187552.507965,29177926880.297466,7891155394.310587,0
1745971199999,94200.05,93799.645,160.14884148580285,94666.98000000001,3530.141780775647,19163233637.48561,36047309548.48226,16884075910.99665,7753885910.965249,0
1746057599999,94121.55,93647.41,5081.833423720664,94582.76100000001,1836.3698287898612,18996350501.50545,34711303812.717705,15714953311.212254,7602219284.8942,0
1746143999999,96437.1,96070.235,9284.763444544331,96905.41650000002,240347.26198010324,20389232837.911156,45946215832.40985,25556982994.498695,8309673340.148171,0
1746230399999,96835.25,96349.3325,88851.42076848746,97315.35600000001,19090.12118127094,21131692212.176304,48584398811.619675,27452706599.44337,8513116205.014631,0
1746316799999,95809.4,95748.39166666666,26570.838072306167,97315.35600000001,18134.590527182107,22546151622.490433,35953479505.75904,13407327883.268608,7911644717.199285,0
1746403199999,94231.1,93647.41,4246.303179939298,97315.35600000001,17223.66914579322,24864734603.17851,27050836662.65819,2186102059.479683,7516611303.313153,0
1746489599999,94697.7,94225.2065,12519.913192724685,95167.57050000002,10.74317299570951,22493072381.254074,28426727924.030716,5933655542.776642,7414029503.918506,0
1746575999999,96798.95,96361.77,1821.5781632119915,96926.17521428571,375.1835454723668,19576001281.965065,43993608325.73397,24417607043.768906,7702711764.391629,0
1746662399999,96988.25,96499.08,52029.94757047554,97468.92000000001,51666.79615576377,19699885733.08108,46113087267.07775,26413201533.99667,7728162630.766361,0
1746748799999,103237.05,102802.405,8172.035646096281,103744.24050000001,48581.01384356986,17041314367.177435,38670654758.6816,21629340391.504166,7285776517.08889,0
1746835199999,102944.04999999999,101769.215,116065.02806734624,104358.11733333333,2188004.358585661,16442560723.301731,32890151675.144745,16447590951.843014,6898852739.958824,0
1746921599999,104788.3,104349.63,1484.4778134878206,105102.44250000002,391360.4867552301,17104049212.308996,45400456790.85377,28296407578.54477,7217730449.626343,0
1747007999999,104076.35,103659.1,2681.730809723055,104593.0635,14108.007492793839,18313504109.33788,33277146901.50775,14963642792.169872,7214807225.918143,0
1747094399999,102743.0,102232.27,76310.52219030375,103253.70000000001,31895.1273827805,20405853185.68727,22798290779.33267,2392437593.645397,7286972103.995467,0
1747180799999,104085.05,103670.045,5124.031770838777,104590.95300000002,277.31996223161696,19869917251.0635,29432696792.054134,9562779540.990635,7528858397.56522,0
1747267199999,103454.15,102927.775,10515.049782180578,103962.225,11232.531822539444,20387358913.036964,25581790084.720192,5194431171.683228,7289914226.00915,0
1747353599999,103719.2,103191.45,6761.970047888648,104228.55000000002,6085.249485634776,19282240785.467113,26304701636.078,7022460850.610886,7160711372.166199,0
1747439999999,103411.85,102895.139,17050.06216956504,103928.55750000001,74339.28490358079,20911280225.244804,26100684207.49142,5189403982.246616,7286888504.745908,0
1747526399999,103087.1,102565.794,67735.46943744659,103596.60600000001,63694.844279363315,21924966017.80834,25067705759.871155,3142739742.0628166,7219897841.387805,0
1747612799999,106431.55,105976.455,1934.31091657865,106630.22400000002,1027644.1118937704,21383636464.10312,46729539702.276955,25345903238.173836,7858465081.410494,0
1747699199999,105536.25,105109.81,1722.5948595394414,106059.25800000002,20166.38300094485,22467446947.79118,33169403009.858047,10701956062.066868,7954817802.374331,0
1747785599999,106804.15,106274.159,78260.7130918018,107294.33000000003,363421.38205078756,24116759756.46678,48634231416.30075,24517471659.83397,8609413343.8218,0
1747871999999,109609.3,109191.3,1992.2301946794728,110156.74350000001,57203.310231546806,25908761241.668774,52526762733.4527,26618001491.783924,9256103230.441908,0
1747958399999,111654.6,111233.04,5970.564125400075,111961.12200000003,144944.66024275037,25196450491.256847,77088430151.26373,51891979660.00688,9458883506.524572,0
1748044799999,107274.1,106761.36,797723.2186213243,111961.12200000003,131399.4451890317,35012671666.13632,26702877958.621376,-8309793707.514946,8701693788.088938,0
1748131199999,107720.0,107185.38,25151.253947302786,108237.39450000001,51955.24965376491,33748147657.257988,30127620125.777622,-3620527531.4803658,9078134930.15314,0
1748217599999,108969.2,108431.319,36730.74728717148,109314.38350000001,735186.8189974142,29608082740.574337,37917508209.53228,8309425468.957943,9385372230.07224,0
1748303999999,109389.35,108958.47,272.930237746956,109929.21150000002,31224.256555836004,31430855163.042645,42381456013.206276,10950600850.163631,9892660896.24387,0
1748390399999,108892.4,108456.99,1641.0850419535404,109408.32,4187.888088372553,31769264993.2339,37665664842.820404,5896399849.586506,9577181640.411686,0
1748476799999,107731.0,107306.77,3134.723085064601,108385.23000000001,3248.438922258939,35558148830.23299,31616428306.619183,-3941720523.613804,9418051187.803144,0
1748563199999,105549.2,105206.07699999999,921430.3259887473,106077.75000000001,88110.97757260749,50906362192.44015,25872519415.883884,-25033842776.556263,9295683512.312048,0
1748649599999,103967.8,103147.96142857143,43874.972516078444,106429.58333333336,265953.24352283566,47738016872.1964,21439462810.29306,-26298554061.903343,8714359947.54499,0
1748735999999,104558.05,104151.625,701.6452328819513,105067.4235,56460.03773673953,38797022669.304535,22663466187.544155,-16133556481.76038,8560592024.076993,0
1748822399999,105600.2,105185.43,742.1691310029776,106111.21650000001,2706.4833957321403,33018810302.36304,25522801033.186657,-7496009269.176384,8579833096.6668415,0
1748908799999,105820.79999999999,105298.064,11671.567225117533,106111.21650000001,2655.160869516899,31622957609.674618,26041205182.305714,-5581752427.368904,8469784818.358581,0
1748995199999,105334.8,104933.69499999999,3285.5470195872667,105856.75050000002,4271.166344787322,33594773111.096657,24375806668.05185,-9218966443.044807,8374295715.322226,0
1749081599999,104642.65,104106.85,13531.842287907351,105153.15000000001,12658.483004940703,36969585535.29634,22321903059.159348,-14647682476.136993,8164176674.610825,0
1749167999999,101458.20000000001,100324.13,1661319.3952911256,106199.45000000001,145310.2454591974,39770133977.86863,16778044182.548485,-22992089795.320145,7576719009.904777,0
1749254399999,104237.4,103859.095,963.0263540608304,104748.63750000001,113031.24367988973,29727977000.288834,25510890808.04023,-4217086192.248604,8415910624.232922,0
1749340799999,105505.2,105086.925,4787.416218995166,106027.3995,12993.404183297449,26078018298.561455,29385994315.889732,3307976017.3282776,8373758812.526174,0
1749427199999,105678.25,105257.06999999999,545.7990566688518,106208.40000000001,31756.84226356985,25581631210.676323,29993112553.222538,4411481342.546215,8273618913.33742,0
1749513599999,110223.95,109768.4,3540.616224410837,110662.61266666668,389239.8598793728,24956501211.16165,57981929273.915634,33025428062.753983,9172760711.626635,0
1749599999999,110236.4,109751.485,1870.9128520910378,110662.61266666668,368381.92209617014,24578921552.09221,57294819589.081276,32715898036.989067,9038797763.595007,0
1749686399999,108605.55,108053.41799999999,5085.640538442395,109139.38200000001,5345.6724120585495,27714992199.820953,36371463559.70209,8656471359.881134,8613984658.925613,0
1749772799999,105610.25,105355.59999999999,477898.5360393149,109139.38200000001,4927.7501818982,43487145584.638504,24096241005.002224,-19390904579.63628,8110310171.361527,0
1749859199999,106025.20000000001,105613.28,777.3318521687427,106674.72000000002,744.5197309759067,23523820176.44176,24044920689.980553,521100513.53879166,7654599490.482308,0
1749945599999,105361.65,104944.64,4452.448594459901,105999.36000000002,4504.936669585139,24217869319.85744,21908048238.567936,-2309821081.289505,7405882515.560853,0
1750031999999,105543.9,105020.061,34682.427546146995,106062.27300000002,17311.35941287941,24353077034.32807,22715070073.02104,-1638006961.3070297,7446056273.452597,0
1750118399999,106757.35,106293.86,2016.6719611507829,107283.04650000001,4212.981581189008,22703834262.968304,26395633227.41909,3691798964.4507866,7556095203.5959,0
1750204799999,104514.6,104050.135,813.3004025024857,105035.26350000002,42398.184879758126,28205039133.2759,21340064370.59584,-6864974762.680061,7459265837.114769,0
1750291199999,104840.75,104323.0635,2552.2785496846996,105356.96400000002,5472.817263491907,26743729838.78647,21743367846.51544,-5000361992.271027,7367953997.535822,0
1750377599999,104605.65,104176.5,4058.169232477862,105123.10050000002,13317.196464550392,28037639633.26285,21916350490.86188,-6121289142.40097,7414604319.80811,0
1750463999999,103248.1,102232.07142857143,132046.7531342588,106976.21364285714,1482887.2713784578,33095601203.848907,19005957598.38313,-14089643605.465778,7244952707.57723,0
1750550399999,102081.85,101573.48049999999,26786.60016648913,102594.31950000001,25245.227239143303,37499861490.00869,17248977332.498672,-20250884157.510017,7022072272.638531,0
1750636799999,100904.5,100400.1765,81802.54521841336,101408.82150000002,1591.3693659301382,23290546970.366028,16954925711.45985,-6335621258.9061775,6693290851.892542,0
1750723199999,105289.5,104898.87,3765.9575417233887,105814.54050000002,7123.8986294557535,15554649092.134624,23311663072.2124,7757013980.077774,6518112619.824144,0
1750809599999,106044.5,105618.255,309.0337459117032,106565.0745,81385.60737142732,16346415257.190233,27563607856.303284,11217192599.11305,6717699241.675084,0
1750895999999,107279.0,106743.6,62989.60807424774,107800.32,74343.93129523288,18365472177.902245,33645994087.66666,15280521909.764416,7286195693.0732765,0
1750982399999,106914.5,106386.0,199185.37033073243,107439.82650000001,40414.61865345554,19891307274.75812,32075052398.51821,12183745123.76009,7408004409.845674,0
1751068799999,107006.54999999999,106577.435,169.92340142103137,107534.59800000001,4907.403086006821,19080815152.04572,31634273746.75111,12553458594.70539,7198241992.758825,0
1751155199999,107241.0,106821.21,1073.0583746432947,107534.59800000001,4737.512023040665,18445352847.00486,32365136162.47965,13919783315.474789,7065369061.389184,0
1751241599999,108312.3,107866.955,4382.752739209761,108501.94800000002,339867.71379710914,20589522004.6473,43649778029.77194,23060256025.12464,7563048650.166791,0
1751327999999,107084.65,106782.865,50477.164773522345,107721.93000000001,1366.0437116068115,22835643613.709984,31672949517.74311,8837305904.033127,7297952797.342609,0
1751414399999,105641.75,105156.82916666666,21778.732593274835,106173.82800000002,20044.973866645305,25621663923.138058,25637678639.618305,16014716.480247498,7022875984.42475,0
1751500799999,108801.5,108258.985,95243.38866063546,109341.78900000002,76662.92195416754,26360546473.861015,47565340846.08109,21204794372.220078,8281248418.10054,0
1751587199999,109547.0,109100.755,11094.311412167255,110087.70000000001,269868.9769117672,31076407824.627144,59378164890.40991,28301757065.78277,9260057282.136063,0
1751673599999,107944.65,107170.955,1078679.4511551491,110087.70000000001,262996.9232406622,36316307631.98207,40231399751.751976,3915092119.769905,8720331272.62715,0
1751759999999,108150.6,107607.061,21953.65463837206,108688.53900000002,21813.555695521685,34415483929.61103,41129827088.01407,6714343158.403038,8613019046.868433,0
1751846399999,109153.15,108614.6975,16684.28845098016,109706.30250000002,14095.436090270376,29261322530.705685,49287428704.33995,20026106173.634266,8509424550.405429,0
1751932799999,108206.9,107246.56833333334,62907.93570434979,109706.30250000002,13900.228311563611,33046071294.913303,40127032894.97833,7080961600.065029,8331796779.322625,0
1752019199999,108880.15,108436.095,1435.319768945088,109417.46550000002,16660.045836449794,29412144920.135742,44880353257.525505,15468208337.389763,8226556862.135996,0
1752105599999,111204.79999999999,110767.38,347.1472287381308,111755.89950000001,402288.0361098625,29397834520.38484,70182166195.96394,40784331675.5791,8984738286.661615,0
1752191999999,115991.55,115487.66,6474.588804833255,116559.096,106235.35591019553,27113018837.079895,40933214210.77996,13820195373.700066,8765887540.777105,0
1752278399999,117508.9,117024.935,3394.940308924717,118087.50000000001,134908.99655231432,28118770987.147076,48073254432.802704,19954483445.65563,9151597806.046816,0
1752364799999,117394.0,116901.555,693.5079781707202,117956.7495,89889.53459247928,29763461646.60169,47438507365.739334,17675045719.137646,9304336276.352798,0
1752451199999,119050.1,118569.175,4237.989894763003,119512.66700000002,12675.547943237672,29306664382.986176,65774386727.702995,36467722344.71682,9552928225.948036,0
1752537599999,119840.85,119344.28,6242.420595745186,120415.58250000002,223710.7080117544,33631731724.536808,34275381857.775936,643650133.2391281,9815676516.88924,0
1752623999999,117752.79999999999,115746.365,1116583.880575449,120415.58250000002,209479.2801988062,36712009840.383286,25957209817.575146,-10754800022.80814,9357372433.833836,0
1752710399999,118643.6,118158.24,2726.5443024662713,119183.65350000001,22050.067219336834,36876360276.52403,31182562907.981567,-5693797368.542465,9810201937.713572,0
1752796799999,119216.85,118618.925,16109.700916842858,119772.48300000002,23934.656337039352,34122237244.707703,32303042485.569313,-1819194759.1383896,9557350539.675907,0
1752883199999,117958.85,117340.4495,46525.67684419623,118519.75050000002,36657.86663707385,38097398188.52903,27730794010.66031,-10366604177.868721,9360860800.471722,0
1752969599999,117856.05,117280.65,7459.466333506999,118459.35000000002,7484.501007512823,37604484612.70798,26786698780.59476,-10817785832.113216,9118000893.303625,0
1753055999999,117298.04999999999,116793.1,456.2277888654592,117802.08000000002,53016.26117184627,41635256422.33035,26300366904.163116,-15334889518.167236,9222563361.834541,0
1753142399999,117402.45,116922.45,9461.589208866604,117916.85100000001,55928.629203983524,42179783709.66343,27581558055.79525,-14598225653.86818,9356855773.845856,0
1753228799999,120043.8,119443.78,40328.422287283356,120593.66850000001,94961.91839228771,34144267176.953552,40034212487.47233,5889945310.518776,9625566437.861101,0
1753315199999,118766.1,118274.655,932.0500685444583,119463.34500000002,907.4434949003277,36223069751.703064,31245171113.65381,-4977898638.049255,9112569028.61364,0
1753401599999,118346.65,117773.47350000001,67812.86684597464,118885.77150000002,119496.68401443401,39257718434.93468,31478044243.16747,-7779674191.767208,9308851358.557308,0
1753487999999,117622.75,117116.475,2041.542248381949,118171.41750000001,75112.3009404261,39764868216.44034,30396376496.803673,-9368491719.636665,9363459288.280462,0
1753574399999,117903.4,117309.306,729380.4994526758,118488.29400000002,549324.926833146,45423701302.589645,36945693231.25272,-8478008071.336922,10169955642.868773,0
1753660799999,119450.95,118925.385,2922.5745773509134,119859.57500000003,2432.5919360263997,40117172228.254005,46978522847.329254,6861350619.075249,10295043888.998135,0
1753747199999,118084.0,117546.315,5848.880564945994,118631.607,19159.63598294304,46929848814.49322,38391872962.385216,-8537975852.108002,10332400760.021435,0
1753833599999,117932.05,117388.11,602.0341088849602,118567.89000000001,580.5778027887117,45319605869.37147,35819753577.4698,-9499852291.901665,9862073578.420004,0
1753919999999,117788.20000000001,117205.826,27076.638813655867,118359.85500000001,41417.38366830815,44895974566.24784,35290581380.83021,-9605393185.417633,9795138535.465654,0
1754006399999,115701.95000000001,115352.34214285715,165199.4922255125,116258.50050000002,169955.37182773164,71092685013.14732,29443337893.960754,-41649347119.18657,9783438177.840765,0
1754092799999,113249.45,112641.28666666667,3766623.9411955243,116258.50050000002,162525.05833399773,79349286398.51987,22771566914.060497,-56577719484.459366,8991155824.026459,0
1754179199999,112513.4,112005.62,309741.8478482396,113064.61050000002,19807.526110511688,64046370308.38738,25390753338.097282,-38655616970.2901,9138952558.679745,0
1754265599999,114151.65,113666.81,4262.9022641837255,114717.83550000002,18061.710490029942,43561978193.013435,29880508553.427288,-13681469639.586147,9104686131.630743,0
1754351999999,115004.05,114427.0895,26108.936952221855,115577.11050000002,22769.241900476485,37996371441.17466,30985670984.79534,-7010700456.379318,8868725256.309978,0
1754438399999,114077.70000000001,113582.235,3677.476007637329,114646.17900000002,46903.79425304228,41491452832.56789,26853765877.90528,-14637686954.662605,8559403218.665832,0
1754524799999,114943.5,114368.285,227579.35794217605,115515.70500000002,46210.060665526194,38639528337.25453,31270486814.47858,-7369041522.775951,8686824038.750877,0
1754611199999,117424.35,116957.275,5786.137263874119,117581.31000000001,26844492.157440342,32309414938.863026,63301627302.448235,30992212363.58521,8893981820.984373,0
1754697599999,116626.65,116139.385,6487.347426174403,117208.22550000002,207053.10349807935,36627411272.892876,40500915124.34263,3873503851.449753,9054560646.680355,0
1754783999999,116436.1,116139.385,6407.90922055361,117004.21050000002,127099.84351700485,38564369595.91698,36512055918.92098,-2052313676.9959946,9107544961.898727,0
1754870399999,119288.9,118777.13,7485.836560848124,119439.72950000002,1561654.3582432037,37327787828.2333,87021997384.32112,49694209556.08782,10038680291.1789,0
1754956799999,118669.5,118066.501,80124.97194726474,119235.1095,167322.3480148178,40695787563.54263,39818527870.51171,-877259693.0309219,9768998239.917488,0
1755043199999,120099.25,119571.14,13888.937116818202,120421.52850000001,1718972.8889348062,35423968823.46821,49768337214.70259,14344368391.234383,9686056100.672258,0
1755129599999,123354.85,122818.81999999999,8501.722271660108,123816.98116666668,19429669.148017526,40571866084.11551,94931354808.37206,54359488724.256546,11027497411.445827,0
1755215999999,118255.1,117658.84950000001,9784.247471459188,118841.35050000002,8480.637537469172,51163786264.77477,31933681563.33437,-19230104701.440403,10207785712.250113,0
1755302399999,117282.95000000001,116856.78,2515.6593437771066,118031.22000000002,2522.499111690505,58200835916.72134,27530947344.109562,-30669888572.611774,9573990932.123028,0
1755388799999,117328.7,116856.78,2461.756658697978,117914.33850000001,45410.14123509296,58643982202.1921,28970855884.590633,-29673126317.601467,9755087413.88421,0
1755475199999,117354.70000000001,116856.78,2405.371477635067,117933.63450000001,10914.27279208252,57338393819.0738,28624791329.479607,-28713602489.594193,9604562138.143736,0
1755561599999,116184.65,115711.535,3381.294443619281,116874.46500000001,3443.3797381334416,47580862505.505585,25038632011.126045,-22542230494.37954,9043580192.2698,0
1755647999999,112825.9,112637.69499999999,219278.8210611143,116874.46500000001,3330.8133777823,90119654126.16245,19368910041.08803,-70750744085.07442,8647908288.929178,0
1755734399999,114225.25,113753.375,2297.1236607228866,114788.48700000001,34446.50508046566,53562716509.56606,21345473595.34246,-32217242914.223602,8585861592.985512,0
1755820799999,112469.7,111948.79666666668,8512249.343598764,113024.51100000001,80990.15780736406,95527852214.01328,20643931739.647644,-74883920474.36563,8677164418.282078,0
1755907199999,116907.85,116393.11,788.3419226564769,117481.98750000002,60241.22268344187,37234345058.77407,34664349675.309204,-2569995383.4648666,9355085851.86558,0
1755993599999,115395.4,114888.67,5181.016779033633,115953.98550000002,52834.89931248369,43378983875.77369,28306195596.004524,-15072788279.769165,9206644553.295069,0
1756079999999,113460.55,112976.28,6339.813498951451,114010.41600000001,1505.7238649601866,43207429310.33836,25984667583.680447,-17222761726.657917,9233747150.01698,0
1756166399999,110071.85,109180.375,260348.88542729148,114010.41600000001,1425.4050560475378,59599594772.604774,19551143936.613205,-40048450835.99157,8507089539.270378,0
1756252799999,111717.20000000001,111278.81,7733.186165147869,112268.4495,8994.116750016834,40524529430.56613,22741425050.223778,-17783104380.342354,8644119926.026978,0
1756339199999,111199.04999999999,110749.47,954.5228954742834,111862.53000000001,927.9121169573402,42739164597.44297,21316237770.54066,-21422926826.90231,8403878847.59111,0
1756425599999,112515.7,112060.88,1661.510010943407,113069.83650000002,19618.769966109634,35413955834.630646,23553321476.080173,-11860634358.550472,8380374229.652879,0
1756511999999,108345.5,107794.0215,20725.879641438187,108877.3785,23353.540214427925,57067652929.3557,17934786799.86653,-39132866129.48917,7908204634.164943,0
1756598399999,108769.4,108304.755,201.73400914859482,109238.49750000001,77175.6803795446,48928119898.3931,22377781503.180202,-26550338395.212894,8684311588.99551,0
1756684799999,108204.2,107941.925,655.4731022436716,108740.69850000001,3596.2619345912603,56043380970.346596,20914091698.749622,-35129289271.59697,8490144149.157383,0
1756771199999,109189.85,108636.5875,6794.028882681182,109728.4125,6591.485192785888,42843300766.311615,22376831447.431072,-20466469318.880543,8368124882.470252,0
1756857599999,111202.85,110706.685,714.3839579836479,111741.42750000002,44003.92183497932,34099426966.16132,28690944768.9343,-5408482197.22702,8755508868.14884,0
1756943999999,111660.8,111219.11,452.80654956322536,112213.27500000001,11758.405406609689,35407071081.249084,33029211015.65911,-2377860065.5899734,9244698714.722513,0
1757030399999,110682.45,109143.23285714285,16362.666025041231,112213.27500000001,11286.616475061724,38158786837.86719,27763530238.186268,-10395256599.68092,8915367604.861221,0
1757116799999,110625.25,110142.52,2214.7876201698728,111180.53700000001,10512.774843516667,37711102834.846535,25914529880.291298,-11796572954.555237,8712240942.610188,0
1757203199999,110137.3,109773.53333333334,6979.397394227628,111549.29500000001,32553.506010129426,39983768373.92384,24373055143.584724,-15610713230.339119,8561889056.690175,0
1757289599999,111082.85,110609.175,1038.653234678713,111631.38000000002,73658.92074473393,36116572235.23886,27808167695.020226,-8308404540.218636,8744413309.373953,0
1757375999999,112017.85,111545.47,1932.2217665116145,112571.35650000001,39717.496904535576,36087710208.15999,34429061026.888245,-1658649181.2717438,9335859099.669773,0
1757462399999,111500.0,110942.40049999999,19816.50054185934,112057.39950000001,15285.464603231234,37851964397.1029,31587904606.96801,-6264059790.134888,9203076536.90578,0
1757548799999,113898.35,113438.955,212.16899674082188,114286.86785714286,387178.0074196932,35774625563.3486,49362511128.43119,13587885565.082588,10119773627.308151,0
1757635199999,115439.0,114975.235,2820.2661704616166,115464.63716666667,3314134.1678322214,32457076430.831757,165145680727.23892,132688604296.40717,10165537425.921799,0
1757721599999,115975.2,114590.05833333333,7978.471693815896,116679.47500000002,1260880.963753831,30505330594.73221,52764016321.37514,22258685726.64293,9859156678.890112,0
1757807999999,115875.6,115414.03,6279.762122232547,116467.94250000002,31966.2412875835,30449575308.09293,50429846697.082214,19980271388.989285,9688072035.17642,0
1757894399999,115220.4,115027.38333333333,18740.80237316295,115802.532,2846.098909405255,31172306217.664455,42056331816.300545,10884025598.63609,9371179705.703728,0
1757980799999,115315.15,114724.09700000001,57099.87584334479,115877.10300000002,45303.2265782628,30499725423.11441,40268727139.72351,9769001716.6091,9158237141.920351,0
1758067199999,116748.2,116265.75,8386.888332333569,116954.796,27882.21046773081,30622539684.437164,64309027997.27594,33686488312.838776,9560337485.808844,0
1758153599999,116403.25,115818.199,67738.83888089527,116982.20100000002,60004.134015968244,30705744603.457535,49237322280.113914,18531577676.65638,9315820795.12158,0
1758239999999,117021.8,116555.295,8695.627058547545,117602.18550000002,571860.8388759681,35351603108.17278,60174198687.70157,24822595579.528786,9914435029.40559,0
1758326399999,115572.0,114995.0355,282177.8920122901,116150.7645,268450.2805867686,41565776652.878685,44859078524.43636,3293301871.557678,9895976171.432621,0
1758412799999,115626.9,115202.095,11370.00533355918,116150.7645,264315.2200038939,40728375979.30707,44740525184.96911,4012149205.6620407,9754559375.683897,0
1758499199999,115178.65,115045.084,24804.87619822029,115202.095,10974.473076113336,43873855509.917274,41335434655.24818,-2538420854.669098,9623548308.34503,0
1758585599999,112607.29999999999,111728.665,422304.3119113271,115747.96050000002,3749.3526444674812,42738032470.73896,29092233052.147663,-13645799418.591297,8838650290.212309,0
1758671999999,111944.3,111508.64499999999,140475.64171102882,112506.73500000002,62244.49962716763,47483118381.289024,27204033656.745632,-20279084724.543392,8639163596.457836,0
1758758399999,113254.75,112689.2225,187712.67135170693,113819.86800000002,44991.80383433409,39450255528.8903,33437133197.847168,-6013122331.043129,8956830856.817944,0
1758844799999,108937.05,108567.14,1566902.0612700942,113819.86800000002,43228.631977227145,64409756202.41265,21582520161.43198,-42827236040.98067,8078955551.623492,0
1758931199999,109590.3,109169.41,9306.562311696849,110131.92000000001,10582.736608698635,50334955853.9223,23033623019.10102,-27301332834.82128,8103039242.289518,0
1759017599999,109583.70000000001,108803.68333333333,26797.048908024095,110131.92000000001,10275.15273824056,49459751822.55611,22578536971.87519,-26881214850.680916,7948865756.327184,0
1759103999999,112127.3,111664.87,2462.5038670562585,112680.19800000002,175995.75797679916,34833832836.87024,30070804187.723164,-4763028649.147076,8292070781.063663,0
1759190399999,114254.25,113685.81450000001,244099.32171594093,114515.28000000001,874624.7489411634,32796801371.352634,45835335061.13799,13038533689.785358,8990115983.110277,0
1759276799999,114006.25,113523.53,11782.08410135113,114583.86900000002,231444.13039473072,35790783421.97615,42604065751.64655,6813282329.670403,9281745086.126558,0
1759363199999,118557.95,117967.6975,70219.54382286672,118650.96250000001,329318.28115785355,31328361448.54343,106916594389.02579,75588232940.48236,9943051121.404173,0
1759449599999,120482.65,119881.58,251998.2805142164,121007.95650000001,1244866.0592970778,34669557393.97991,89252001927.14421,54582444533.1643,10682779507.494888,0
1759535999999,122185.85,121718.35,4442.245992600272,122791.10100000001,31191.12378305322,33850860746.13873,63638828332.054596,29787967585.915867,10693295536.341661,0
1759622399999,122355.9,121860.635,3542.0475665002714,122791.10100000001,30204.75283137262,33649839992.646744,66150679349.200584,32500839356.55384,10644703478.123474,0
1759708799999,123441.15,122946.18,4116.016791818196,124043.83350000001,139943.09078719982,34616200533.9719,48861974216.1214,14245773682.149498,10644706790.287746,0
1759795199999,124625.55,124116.3,1581.6781669423026,125229.13050000001,25478.588844168095,33893898820.09619,56747127368.107574,22853228548.011383,10828363583.281847,0
1759881599999,121292.95,120692.90299999999,10111.621477184846,121905.89700000001,8389.14381678228,41815886512.69217,33064020075.943863,-8751866436.748306,10144869979.26459,0
1759967999999,123241.4,122737.23,1095.9895055577385,123853.68750000001,18222.057020954064,33796498814.252823,41163220566.81287,7366721752.560043,9996744579.736996,0
1760054399999,121603.8,121153.19,974.4311105419401,122187.19650000002,113444.11254816066,39663865363.90384,35511999441.52936,-4151865922.374481,10238251311.831633,0
1760140799999,112754.3,101924.72,194328.78452305065,122592.46083333336,247873.10652846636,12928977505.246927,15370345925.29304,2441368420.046112,6296164202.605346,0
1760227199999,110606.95,110026.2045,8419.220691751378,111131.99550000002,8848.537238889334,12385955138.365107,11898004517.800978,-487950620.5641289,5317721440.974459,0
1760313599999,114909.95,114518.53,6328.051041430496,115468.872,87823.8411164838,12261199377.50214,17442357254.99219,5181157877.490051,5741654092.24534,0
1760399999999,115115.9,114541.1165,98854.52999243067,115687.45950000001,17090.543232571927,15228055921.206602,20787671511.37662,5559615590.170019,6389142394.38659,0
1760486399999,112982.9,112418.88100000001,19200.14255701591,113546.91000000002,6419.172220809871,15692307224.410698,18149215113.899162,2456907889.4884644,6364040515.739436,0
1760572799999,110709.8,110160.7285,4565.632700926358,111267.87150000002,4881.216432378127,19685680681.048058,15327167877.032566,-4358512804.0154915,6159575460.120025,0
1760659199999,108138.95000000001,106839.2995,506475.006038983,112375.01450000002,72092.30293259233,18020894253.384037,13048133532.567875,-4972760720.816162,5898405907.293556,0
1760745599999,106377.25,105832.777,16636.133774030048,106896.42300000002,16894.145263220085,16712360577.13289,12250657178.073673,-4461703399.059217,5728317544.656961,0
1760831999999,107120.45,106681.91,917.0283687270809,107653.08750000001,67002.62220796122,17104099620.370546,14563630724.890398,-2540468895.4801483,6032703179.598844,0
1760918399999,108592.9,108153.515,2965.116206225763,109140.28650000002,11708.716360808949,15434422478.634056,16274672294.373491,840249815.7394352,6035504586.89868,0
1761004799999,110488.9,110024.115,2242.011477230481,111022.2495,76365.28942714479,16960012017.363579,21191708139.796566,4231696122.432987,6707025663.100733,0
1761091199999,108248.35,107701.785,19527.233644678425,108781.30050000001,25344.559320004977,21030113012.4126,17078533574.040571,-3951579438.3720303,6755636445.107788,0
1761177599999,107531.25,106037.5065,691733.9314890787,109145.02500000002,61521.729635954565,19591757548.08735,14727123688.094473,-4864633859.992876,6092735763.749832,0
1761263999999,110020.45,109561.44,1833.4510363599359,110559.74850000002,11937.320308383118,16905799754.643103,18603238639.316982,1697438884.6738796,6336682990.08485,0
1761350399999,110965.04999999999,110488.78,448.3176236657065,111519.52350000001,37925.01985202395,17717642354.761528,21760929488.00698,4043287133.245453,6717459831.903794,0
1761436799999,111588.45,111135.53,262.34480831741354,112141.61850000001,13317.30757181795,19026333468.239372,25308541982.057186,6282208513.817814,7127283506.605471,0
1761523199999,114503.35,114045.905,3226.304657981094,115070.28900000002,70426.38058803011,19659341949.953575,32931360571.204823,13272018621.251247,7796860938.598972,0
1761609599999,114062.70000000001,113663.84166666667,10160.453531987867,114630.60150000002,29241.935979767863,20390534330.365093,29417467827.938694,9026933497.5736,7659257246.55036,0
1761695999999,112842.3,112271.81999999999,12048.82962095336,113400.18000000001,9736.948550465133,22197825818.25418,24968747547.880726,2770921729.626545,7460985685.751127,0
1761782399999,109979.3,109435.672,9736.395375935168,110535.52800000002,9179.369039159357,25459349444.35917,19254874361.867794,-6204475082.491375,7146946981.17346,0
1761868799999,108262.6,107778.4,798.0247003011236,108803.00850000001,41829.014511447735,24816833543.978714,17685396416.07588,-7131437127.902836,7005016074.169064,0
1761955199999,109552.3,109009.5135,49204.52193694174,110094.43350000001,64520.53592268642,23425413988.56702,20853745281.04202,-2571668707.5250015,7298573378.607968,0
1762041599999,110048.7,109009.5135,47810.750088600216,111189.90050000002,779396.6667770642,21080358417.191376,20570208874.688244,-510149542.50313187,6919287110.6913185,0
1762127999999,110496.9,109009.5135,47045.888839235246,111635.38400000002,128860.9549525847,19876071264.03958,20963594075.13859,1087522811.0990105,6799620707.101201,0
1762214399999,106540.2,106052.075,2122.087244633369,107066.26800000001,7035.447385880494,28572491669.751793,15454167958.939405,-13118323710.812387,6553976699.548771,0
1762300799999,101446.1,100929.218,3809.4169291682256,101943.58200000001,4418.427200571635,18894341796.50867,11865550502.357687,-7028791294.150984,5813928254.08164,0
1762387199999,103836.1,103374.53,1530.4612096777582,104349.55200000001,30364.685722551607,19830695118.056957,18383457919.68141,-1447237198.3755455,6795847696.997637,0
1762473599999,101305.8,100202.705,10861328.740848728,104349.55200000001,28856.479626682216,25540876127.665928,14494349092.795254,-11046527034.870674,6405376401.205112,0
1762559999999,103302.85,102788.674,143000.68659735084,103802.63100000001,4155.263983514744,22271767294.35096,19958963176.370445,-2312804117.9805145,7109141896.477044,0
1762646399999,102269.1,100870.14885714285,5963796.505583474,103802.63100000001,3915.1905404718873,23697593313.764038,17202504788.690563,-6495088525.073475,6710438075.386603,0
1762732799999,104667.8,104206.35,1528.9986805623962,105182.49600000001,8215.3306646212,21013044938.91657,23685527630.348106,2672482691.4315376,7198774922.336057,0
1762819199999,105967.9,105476.965,484.3109052597554,106489.80000000002,20511.551399822893,20207489800.06834,28718934954.58079,8511445154.512451,7429649060.762502,0
1762905599999,103013.79999999999,102502.81049999999,6568.107532721892,103524.74850000002,13216.279173034234,27855749778.105602,19071768094.934097,-8783981683.171505,7250290065.699177,0
1762991999999,101606.85,101150.705,430.7539869016281,102167.29500000001,443.0964286674423,29620014465.515415,16853125956.668371,-12766888508.847044,7027542036.931397,0
1763078399999,99646.75,99156.0285,81142.12871586313,100127.14500000002,12206.039194224579,29883936060.864983,16996343888.322857,-12887592172.542126,7154864048.777085,0
1763164799999,94533.15,93883.20550000001,2017017.2324223695,100127.14500000002,11992.562623662237,35846832464.01647,12466128591.876396,-23380703872.140076,6424744506.517414,0
1763251199999,95558.1,95082.4985,76916.19952425465,96034.78500000002,130.2208579596408,29062758743.220776,15981100145.361868,-13081658597.858908,7038394337.24806,0
1763337599999,94223.04999999999,93750.5915,7301.385025271624,94692.80850000001,6275.399533866592,29969883703.315113,14540526309.519268,-15429357393.795845,6824261772.612412,0
1763423999999,92169.9,91708.85149999999,6878.761044755228,92594.67000000001,887.7510012445941,26711378572.929615,13016435548.817762,-13694943024.111853,6500675300.854033,0
1763510399999,92923.75,92460.375,59176.50325777014,93387.11250000002,796.7612249050846,16364427691.237135,14679853436.267319,-1684574254.9698162,6493848119.132357,0
1763596799999,91508.95,91032.55,1177.9421419176388,91947.45000000001,1203.6235482776303,15652570744.239836,12943177133.94083,-2709393610.2990055,6134246253.742358,0
1763683199999,86589.05,86162.1245,39981.13247051974,87028.07550000002,47060.090856246636,23777459099.855164,11637230106.297838,-12140228993.557325,6083852005.0666275,0
1763769599999,85091.75,84671.61450000001,29174.737391643263,85522.58550000002,26360.505475766888,10415827445.059605,10759711734.952427,343884289.89282227,5401364080.015511,0
1763855999999,84694.7,83091.2397857143,1289373.871290225,85806.24250000002,83340.2320338784,10465569246.070848,10167426200.622751,-298143045.4480972,5227740584.679541,0
1763942399999,86805.79999999999,86373.6615,2827.5215637699944,87236.81400000001,13494.015646602616,9313853021.624533,12013073902.827232,2699220881.2026997,5343367146.667544,0
1764028799999,88244.45000000001,87798.8995,28312.793814153716,88681.30050000001,26823.673262450564,8810968988.353313,13533944145.252337,4722975156.899023,5356080244.188954,0
1764115199999,87319.8,86898.325,2317.8050594608717,87771.675,2365.4149727056147,9077456940.928503,11940179440.292141,2862722499.363638,5130571933.811466,0
1764201599999,90432.55,90033.56999999999,1022.5684344408628,90708.92600000002,2315641.60495624,7899071156.693266,16507441199.945435,8608370043.252169,5162886186.615497,0
1764287999999,91289.7,90869.37,354.7634826844051,91740.62100000001,13072.308111685632,9303066945.78517,19121016712.654682,9817949766.869513,5521144390.705964,0
1764374399999,90848.9,90395.75,6953.987550973034,91299.92850000001,15168.7098600659,10088231398.281513,15595376823.886787,5507145425.605274,5523080661.330881,0
1764460799999,90765.95,90378.835,778.1295280733156,91287.16500000001,773.3392592724763,9821476531.261694,14896847465.596905,5075370934.335211,5326615749.325187,0
1764547199999,90318.55,90092.91666666667,22155.15110858935,90760.14300000001,358.72324983880804,11098939155.740929,14827577848.487768,3728638692.7468395,5418897199.135716,0
1764633599999,86244.55,83769.43049999999,252998.49946613496,90760.14300000001,336.04665443528313,10424462340.64843,10302212316.272587,-122250024.37584305,4878532452.763369,0
1764719999999,91247.85,90850.465,4090.7505805677924,91697.9085,50980.90154830192,12288701123.347483,19553199532.27546,7264498408.927977,5908816294.367167,0
1764806399999,93383.75,93009.615,201.34649981646328,93843.58350000001,21190.888412741286,10648037613.22407,25543820589.27138,14895782976.047312,5930183642.8351145,0
1764892799999,92035.5,90850.465,3876.5105694414365,94154.83916666669,70680.07250051617,11605233469.899786,19261882666.66149,7656649196.761705,5780688464.137965,0
1764979199999,89286.25,87712.585,59726.36369792684,94154.83916666669,65851.18209594919,13246958671.006323,14064787022.062805,817828351.0564823,5488569367.112223,0
1765065599999,89191.95000000001,88751.11450000001,11762.075822766034,89643.08550000002,12437.509709056403,13236805227.096514,13785496076.303623,548690849.2071095,5348102397.841591,0
1765151999999,90340.5,89968.895,274.97655524178515,90787.077,5534.950033189601,11668325150.693914,15372748072.746422,3704422922.0525074,5374365334.670709,0
1765238399999,90607.75,90202.72,566.1448428461996,91063.854,1863.8858555615268,11160622773.660803,15498760591.216658,4338137817.555855,5277895376.576085,0
1765324799999,92637.25,92175.208,57226.7847249331,93091.0395,21922.096045331025,12331191661.312468,20823451213.59581,8492259552.283342,5824613202.990033,0
1765411199999,91978.6,91604.675,2570.059412786673,92439.59850000001,656.6825826443051,12692163223.827108,18107286523.4662,5415123299.639093,5556801654.812702,0
1765497599999,92481.79999999999,92017.5005,281.52327588644863,92939.88750000001,29067.75026019493,12003106596.33738,19933056553.48948,7929949957.1521,5651114463.913511,0
1765583999999,90230.25,89779.74549999999,959.9227475525028,90682.0545,961.2796653727333,15289011110.44428,15160365260.079401,-128645850.36487961,5496118336.533669,0
1765670399999,90197.70000000001,89753.0795,2704.2731377607356,90642.25650000002,2817.89107067272,15348285874.265598,15088390299.33804,-259895574.9275589,5460167177.153075,0
1765756799999,88117.4,87755.02,1378.159277235541,88555.17300000001,11384.757225212164,20177602419.75055,13011102721.723972,-7166499698.026577,5385154965.486251,0
1765843199999,86391.29999999999,85959.7415,4916.110953233711,86821.84950000001,15838.05272549709,16343649815.131132,12109570385.742699,-4234079429.3884335,5317789150.66124,0
1765929599999,87826.0,87382.19350000001,71505.55206578055,88260.40650000001,57806.656863240634,14711330684.471418,14852739649.301777,141408964.8303585,5578701575.791831,0
1766015999999,86201.55,85109.14,141155.585350117,90642.25650000002,2551.062747245579,17825351588.579235,11921524359.997307,-5903827228.581928,5246090694.646957,0
1766102399999,85469.85,85042.35149999999,13468.315863962524,85885.49100000001,13358.357353233345,19596528518.59542,11914606378.091854,-7681922140.503567,5280167603.6103525,0
1766188799999,88100.55,87663.48,10686.69843837817,88540.50000000001,56302.33584827577,15344574831.230038,16149602060.755335,805027229.5252972,5742625700.857188,0
1766275199999,88321.4,87891.335,391.44876614160233,88541.60550000002,5195.840441751764,14665774340.411297,16257164433.389862,1591390092.9785652,5635228931.849916,0
1766361599999,88626.55,88180.9795,5641.852575201369,89050.75666666668,6124.250368287594,14010490736.234009,16656131469.61074,2645640733.376732,5558421501.286947,0
1766447999999,88579.9,88146.055,990.1958553111513,89019.081,32907.13719059926,15071758556.660206,17201256290.496773,2129497733.836567,5686402624.047687,0
1766534399999,87443.1,87025.685,97052.95487258332,87900.31500000002,96160.39807520315,18399303653.96991,16392758331.372158,-2006545322.5977516,5789190937.464756,0
1766620799999,87629.05,87198.1185,40354.74946066996,88066.14000000001,3684.298280022826,17770305937.67914,16906287333.938938,-864018603.7402,5744890360.113851,0
1766707199999,87179.25,86897.76666666666,11282.62725637847,87618.714,3966.1019166588794,18940947749.152225,15839099100.948877,-3101848648.203348,5664356576.963225,0
1766793599999,87323.5,86891.36,3899.7362899457667,87764.64000000001,3877.6367777664973,18141223939.40471,15592873770.68283,-2548350168.721878,5559624434.751809,0
1766879999999,87834.6,87402.79,1923.3313422776318,88055.73333333335,11296.496502954868,17910980251.56079,17512377886.45785,-398602365.1029396,5685041341.343265,0
1766966399999,87916.5,87480.8975,81082.97645027844,88274.77800000002,96650.11320155313,18694504984.6822,18581873614.30625,-112631370.37594986,5796631415.019871,0
1767052799999,87189.95000000001,86767.2835,58177.92195120869,87616.90500000001,1212.883218891638,21906968106.06745,17252932216.29506,-4654035889.772392,5841979543.925272,0
1767139199999,88452.70000000001,88015.71,154781.94897109427,88860.09000000001,819.0340809405997,20284906298.759155,22218261202.37829,1933354903.619133,6178988727.467878,0
1767225599999,87594.0,87155.1345,17741.136571568466,87988.755,1623.1567790356276,23219045379.731533,19355829803.275803,-3863215576.4557304,6052361918.624795,0
1767311999999,88802.5,88366.04950000001,95515.0864986224,88864.26500000001,17886.843214619457,20439150405.460888,25040936170.97417,4601785765.513283,6255532660.552669,0
1767398399999,89952.6,89509.205,4675.596205448979,90400.152,52461.86613024226,20578354938.071068,30370236477.98811,9791881539.917042,6595952968.196925,0
1767484799999,90597.85,90155.955,2862.294385039776,90955.80083333336,6008.405181327779,20502715888.044617,38892701366.19414,18389985478.14952,6748104298.450735,0
1767571199999,91493.9,91068.37,7390.1024388835685,91788.20200000002,8250912.839792518,21052173590.778175,46895169970.63005,25842996379.851875,6989015230.311681,0
1767657599999,93823.95,93412.59,5025.761448978772,94286.88900000001,166171.3315030191,20252699136.356365,38389968577.770485,18137269441.41412,7084291305.186634,0
1767743999999,93713.75,93288.215,2778.261348390994,94183.17300000001,8571.487896431196,18961711852.230072,35788150355.61241,16826438503.38234,6815301917.81244,0
1767830399999,91329.2,90871.36,30647.204214140827,91773.585,461.38828507788895,25653693935.337006,22681639166.782207,-2972054768.554798,6611410294.928031,0
1767916799999,91057.75,90606.59049999999,247360.47326038717,91515.09900000002,85650.83961719643,24986531902.758415,24422416500.619328,-564115402.1390877,6863535664.202979,0
1768003199999,90604.1,90102.225,1286.4895927290383,91007.77500000001,1257.3357913594716,25561392471.17759,22173219965.391087,-3388172505.786503,6647783375.271266,0
1768089599999,90470.65,90102.225,1268.2007167230668,90924.05850000001,17542.304490906165,25410345586.455967,21259822618.571354,-4150522967.884613,6454929716.122642,0
1768175999999,90962.3,90509.578,79357.43676035757,91309.62500000001,3488.249814949379,23854144449.084976,23024825986.212387,-829318462.8725891,6463878397.291482,0
1768262399999,91249.45,90793.949,90366.59528617239,91704.94350000001,110890.64438325708,23980301699.043602,24858321017.70296,878019318.659359,6525968901.345537,0
1768348799999,95389.75,94917.22899999999,50278.972245915684,95852.076,245221.2825608565,20013681259.96252,35138738403.41822,15125057143.4557,6685684281.119691,0
1768435199999,96911.25,96481.17,4110.014582458596,97384.50000000001,190881.65675421912,23669641324.87202,38232519929.26689,14562878604.39487,7388727954.975544,0
1768521599999,95568.65,95082.1005,96299.52106962411,96037.6995,102160.12123647713,28128859504.581287,29241267000.76303,1112407496.1817436,7387125225.399501,0
1768607999999,95504.29999999999,95045.385,671.7660966801017,96000.615,663.9581096646884,25318215536.633675,27455061623.2206,2136846086.5869255,6993310768.107843,0
1768694399999,95110.95,94726.975,2018.5622354228396,95583.43950000001,12585.939410436376,26743959195.818268,25564824722.95082,-1179134472.867447,6908799446.9703665,0
1768780799999,93624.9,93572.19,240811.77789304408,94093.326,16682.40935361173,58381529325.47041,20915207957.259155,-37466321368.21126,6767339316.803512,0
1768867199999,92588.05,91779.12349999999,852867.4654394406,94093.326,15539.379977710527,28902343274.184616,17931489145.144608,-10970854129.040009,6343763889.965134,0
1768953599999,88383.6,87948.64700000001,9783.84297075501,88829.23650000001,42625.664701965004,44824208879.22709,13866550340.74499,-30957658538.4821,6138789685.490001,0
1769039999999,89405.55,88964.343,33205.16016574851,89857.15050000002,118716.96349358305,27604361614.504696,17504763994.31826,-10099597620.186436,6477362433.486624,0
1769126399999,89515.1,89070.9075,19068.084316629025,89928.40500000001,306.1849685525578,26250032660.90302,17194839694.058292,-9055192966.844727,6285428399.081784,0
1769212799999,89553.85,89103.9415,9636.995855273639,89971.62000000001,1545.2892239129649,25780691110.530506,17032227738.75108,-8748463371.779427,6204746442.861141,0
1769299199999,89178.55,89103.9415,8838.179111804806,89558.56500000002,132.19264679828322,26995267216.599194,16194952994.424452,-10800314222.174742,6060063900.369414,0
1769385599999,86627.25,86195.7555,20643.703308034525,87062.0445,22674.40787162446,38299521705.747955,13441142423.887526,-24858379281.860428,5890922431.76923,0
1769471999999,88301.45000000001,87863.5745,112287.47368328743,88699.29000000001,123.85078857312604,26420336469.815266,17347127676.231762,-9073208793.583504,6246153123.101259,0
1769558399999,89200.05,88763.0545,2563.1576384656387,89558.56500000002,125.30501571684566,23347805740.41092,20065307710.5089,-3282498029.9020195,6275166458.138314,0
1769644799999,89261.7,88815.3915,39826.05264175096,89708.00850000001,34847.11067374168,23510171310.42141,19350232128.947857,-4159939181.4735527,6296923443.880238,0
1769731199999,84601.8,84180.781,27366.36724429335,85026.81900000002,32087.995287994025,28942448177.804424,13497448173.631397,-15445000004.173027,5849293716.617774,0
1769817599999,84212.04999999999,83801.3875,107413.88658332595,84643.6125,122298.80967750767,18954063209.842876,15828107883.453653,-3125955326.389223,5873725593.392446,0
1769903999999,78702.0,78306.102,6469.013784176055,79093.09800000001,7810.341861242052,11099583522.423685,9597861772.435604,-1501721749.988081,4512050796.833681,0
1769990399999,76935.0,75661.3485,267.39678896025265,79880.09400000001,106954.3221654817,13867719648.866945,8094604496.857845,-5773115152.0091,4168141895.1964207,0
1770076799999,78693.2,78299.0375,16677.611245932876,79060.335,658.5763170787241,9299881908.475035,9170353513.611935,-129528394.86310005,4111055716.0929923,0
1770163199999,75727.79999999999,72897.06,157.4353435772005,79322.55833333335,1960.7660694363512,9517527949.80649,7309322008.71007,-2208205941.0964203,3726565556.2086005,0
1770249599999,73130.4,72771.71299999999,19754.613140577505,73391.13,279.32470247790536,13107002654.572962,6943375864.073433,-6163626790.499529,3662487655.5307093,0
1770335999999,62870.399999999994,62559.231999999996,11818.547424955328,63187.96800000001,15436.524511829453,10187424383.801577,4630577814.288158,-5556846569.513418,2972689783.0026975,0
1770422399999,70530.6,70191.7775,26719.341142392288,70854.51000000001,1936.659621857628,6241650847.163758,10521853875.414198,4280203028.2504396,3739555359.743082,0
1770508799999,69254.6,68913.7,7620.364058015899,69606.3,8092.161995337399,4777860873.231226,8119941579.808712,3342080706.577486,3304601005.843477,0
1770595199999,70288.95000000001,69948.59950000001,10235.572106734928,70632.40500000001,713.7906744713746,4514273842.450771,9015930838.365519,4501656995.914747,3329747587.695692,0
1770681599999,70110.65,68221.1,112267.06115206229,71937.62357142857,32447.96376493895,4418143186.172876,8544206734.103364,4126063547.9304876,3225117759.445822,0
1770767999999,68804.65,67839.5965,1092294.1778210695,71937.62357142857,31586.270001669098,5220387192.61799,7344858876.7945595,2124471684.17657,3131704911.9722366,0
1770854399999,67048.0,66716.2425,3426.1461789408204,67386.7575,3726.6797765519045,4684666537.449345,6404398720.138921,1719732182.6895761,3014870589.2425,0
1770940799999,66243.05,65913.576,12454.045654999552,66576.024,9849.83410021915,5666757887.525649,6245956496.274512,579198608.7488632,3013373265.2571964,0
1771027199999,68817.04999999999,68477.3925,27728.77122419454,69152.04000000001,905.09068512453,6402617417.41392,9812293959.26935,3409676541.8554296,3515730052.31016,0
1771113599999,69791.15,69443.04,1007.7727635402285,70139.25150000001,3023.739489238249,5503288161.311954,10475199033.739569,4971910872.427615,3436437329.994886,0
1771199999999,68796.75,67789.1775,404794.7854112855,71186.34250000001,1117163.5098455634,6042398954.330337,8777090224.230764,2734691269.900428,3299157184.543009,0
1771286399999,68863.15,67199.27892857142,1213583.1958288562,71186.34250000001,1098180.6251868566,5722689244.986126,8624465492.757532,2901776247.771406,3215043940.247319,0
1771372799999,67475.4,67143.197,3649.4952987460742,67813.2795,18503.86601526911,7620148672.672038,8020709165.297003,400560492.6249647,3278931242.49036,0
1771459199999,66427.05,66104.815,228.55655881421842,66758.13,545.821072713441,9162754196.223328,7155134191.360664,-2007620004.8626633,3202100703.292613,0
1771545599999,66976.5,66647.18950000001,23044.41272434937,67304.7495,4682.034408761006,7868083597.545118,8656229167.514122,788145569.9690037,3404643660.1434193,0
1771631999999,67987.2,67648.06,1266.2308298068838,68319.1965,6563.9012900544285,6861408367.011498,10120584303.248812,3259175936.2373133,3413331880.8220234,0
1771718399999,67939.0,67603.7825,15287.224407149019,68272.76550000001,6139.714987343194,8018382191.8651705,10828300263.303234,2809918071.4380636,3624986126.015814,0
1771804799999,67613.25,67274.935,358.305224687872,67951.065,360.58841928073554,8225675579.077912,9969452285.236906,1743776706.1589937,3507442009.3277016,0
1771891199999,64625.25,63842.7725,9531652.087638656,67951.065,337.2298607248311,13048524664.846325,6984020380.245634,-6064504284.600691,3247267349.757921,0
1771977599999,64031.9,63726.765,751.8317857785195,64352.662500000006,20220.718803082455,7856835573.191996,7202343804.340437,-654491768.8515587,3224019592.8499494,0
1772063999999,67962.4,67658.01,605.2727138013717,68292.26250000001,49806.03780196784,7085609604.139294,11990109223.378426,4904499619.239132,3695207656.0541854,0
1772150399999,67448.29999999999,66395.19,28233.79533718739,68971.7875,740192.4784326875,7220562050.919966,10587068505.673113,3366506454.753147,3540551520.012751,0
1772236799999,65839.05,65534.68,291.8158465485769,66171.3105,5255.93802603588,7540782830.396687,8671458719.493721,1130675889.0970345,3421814350.4939203,0
1772323199999,66938.9,66604.902,1823.8129769644117,67274.29800000001,1843.8261733797426,5732057987.009109,9646652155.174112,3914594168.165004,3339738347.3084803,0
1772409599999,65748.45,65411.20049999999,4026.125983325974,66068.5995,4274.142772193069,6535277234.084956,8315682757.247521,1780405523.1625652,3265066930.036978,0
1772495999999,68800.85,68480.875,884.0740249492173,69143.49750000001,22516.11563256434,8409397506.792156,15666849308.291588,7257451801.499432,4010122629.5644984,0
1772582399999,68297.4,67958.0025,36848.478719027364,68640.99750000001,37003.38647470616,8653132498.131445,14679626011.676283,6026493513.544838,4058677146.973249,0
1772668799999,72642.9,72322.56999999999,3561.012028603417,73004.607,167836.46947686077,13551940329.7315,22062233468.88864,8510293139.157141,5281759359.235252,0
1772755199999,70853.3,70493.36200000001,59162.914724178845,71201.83800000002,73387.53133575809,18409063417.35137,16850912216.179766,-1558151201.171606,5252394882.502611,0
1772841599999,68079.95,67659.458,9491632.74864268,71437.99666666669,210490.4286431182,16115020931.281088,11095941040.072128,-5019079891.20896,4606380394.050516,0
1772927999999,67229.9,66932.655,1135.6861480325688,67563.23550000001,13690.582453158204,19111077927.69746,10621428807.2456,-8489649120.45186,4615296203.377221,0
1773014399999,65943.1,65614.081,457.72037687930305,66273.51900000001,533.9751147981956,13305533739.829699,9267130824.354734,-4038402915.474964,4298725390.829901,0
1773100799999,68392.4,68077.9,1068.537052594797,68729.53800000002,6822.015011308369,10500214754.779171,13259434006.616447,2759219251.8372765,4648695887.197213,0
1773187199999,69910.2,69592.29,1997.3408044007047,70251.40950000001,7952.429546032322,9318253267.805904,14903759790.130783,5585506522.324879,4669449842.368042,0
1773273599999,70151.15,69822.135,366.6402494508907,70500.75000000001,28548.947491315368,9395828769.614735,15649788441.413885,6253959671.79915,4654770039.2223625,0
1773359999999,70481.05,70167.4,1807.23317386004,70832.50050000001,24760.77603861882,9858246275.304287,17449170707.885765,7590924432.581478,4816145061.179332,0
1773446399999,70896.25,70542.515,28707.152357459152,71238.42000000001,17767.625328235532,10553123542.058453,17204132147.248558,6651008605.190105,4952919837.001281,0
1773532799999,71176.2,70857.93,14.182300937983666,71474.70000000001,59500.76158118992,10199273161.207388,17885704842.16128,7686431680.953894,4889093960.894445,0
1773619199999,72778.2,72459.88,1454.4000829872277,73137.97050000001,4102.644788567993,9909220921.864805,26102447635.897655,16193226714.03285,5094210068.635804,0
1773705599999,74850.54999999999,74480.4265,1271.9220721843726,74884.42200000002,3051335.071491597,11497073456.194063,83943162152.45872,72446088696.26466,5580148535.205752,0
1773791999999,73871.5,73552.39,123.1717192457049,74230.90800000001,36781.388031027076,14979823320.654453,21401824157.817608,6422000837.163155,5867720582.319137,0
1773878399999,71212.65,70855.542,4023.4062101516265,71567.65800000001,4359.586316397425,16901173847.849623,13936130690.3453,-2965043157.504322,5280045443.693682,0
1773964799999,69886.1,69532.391,6476.195012894431,70231.20900000002,6846.407166579011,15609961659.73342,12259071859.070248,-3350889800.663172,5125261209.789931,0
1774051199999,70476.15,70123.819,280.95766992069184,70825.0635,6981.501773595741,14151092824.645863,13130757799.034613,-1020335025.6112499,5138917007.177048,0
1774137599999,68885.4,68557.49,138.49406292749796,69246.51000000001,148.25037471820005,20539022388.7551,10912484731.153744,-9626537657.601357,4912456365.383776,0
1774223999999,67830.75,67488.95950000001,5657.231044774806,68167.24050000001,6204.8800207049,17441481097.1641,10073734078.902992,-7367747018.261108,4758038027.390232,0
1774310399999,70865.45,70537.54,1617.2297311978273,71219.32500000001,31129.771586689727,12145762807.33342,14630563379.208832,2484800571.875412,5095451512.273715,0
1774396799999,70523.85,70171.2805,3664.72507454578,70876.41900000001,2187.6974677494054,11916961442.15302,13500869765.368645,1583908323.2156239,4886892483.363776,0
1774483199999,71305.65,70950.465,284.53673742191603,71653.9875,11352.362153012418,11613133702.039534,15599087923.54108,3985954221.501547,5016487803.900935,0
1774569599999,68792.2,68455.5025,14309.95427824641,69134.955,509.06625824800767,16511597564.81273,11812032425.603642,-4699565139.209089,4920275748.583669,0
1774655999999,66363.65,66042.8265,30450.09703278864,66693.81000000001,879.613571947442,18247909064.18262,12537220915.506496,-5710688148.676125,5235359786.941282,0
1774742399999,66337.4,66013.673,36845.97520994278,66671.70000000001,1017.6536222668715,19064446352.430645,13476552234.37971,-5587894118.050936,5382686360.43823,0
1774828799999,65979.15,64874.1515,745899.6411244674,67335.1,15344.517167264054,19520938762.548935,12565921718.438957,-6955017044.109978,5242568641.718231,0
1774915199999,66764.79999999999,66433.4635,16031.212589785295,67074.705,2836.3320261440354,16125582062.761772,13465522802.676733,-2660059260.085039,5164352114.754,0
1775001599999,68241.35,67900.2925,14806.678387479727,68558.085,25.378197819456986,12693261063.600847,18147892536.63724,5454631473.036394,5070905863.197886,0
1775087999999,68086.25,67761.49,383.99833031869906,68419.49550000002,21142.453837781315,13269119865.351908,15486091087.742508,2216971222.3906,5060646181.638093,0
1775174399999,66869.7,66536.5455,3863.876183793636,67205.2545,4825.120905210435,15576785789.120749,12818164283.36932,-2758621505.7514286,4967601642.744283,0
1775260799999,66931.35,66624.205,755.6315978439928,67264.65000000001,2793.136630250028,15241040464.605013,12814290767.809317,-2426749696.7956963,4911837476.230783,0
1775347199999,67269.2,66934.645,20984.590590295153,67603.0335,1047.6996774424795,14811815826.461428,13902188767.245916,-909627059.2155113,4990444832.155471,0
1775433599999,69001.2,68657.38799999999,17729.807649035574,69211.3815,512584.73192393896,12566299615.423903,22674245851.39683,10107946235.972929,5133339383.656113,0
1775519999999,68815.4,68473.81049999999,4316.396571355154,69151.5375,19034.013150492992,14072755789.279245,17598621656.738037,3525865867.4587917,5318891886.884464,0
1775606399999,71899.6,71535.12700000001,27280.39630533987,72249.65100000001,3332.1923933381913,10817316590.103497,20551010897.484406,9733694307.380909,5216293759.479806,0
1775692799999,71039.9,70713.655,688.604925912579,71393.29050000002,23850.91339744345,13705031603.47226,19025448505.20801,5320416901.735752,5572559833.183504,0
1775779199999,71757.0,71435.03,809.4698421941774,72109.152,38084.13067719191,14386809864.869993,21785691653.011143,7398881788.1411495,5891279450.674424,0
1775865599999,72922.9,72604.155,151.36412222511663,73281.98700000001,79358.5819225989,14974050990.952133,29405524994.638115,14431474003.685982,6308784020.150868,0
1775951999999,73014.04999999999,72649.6265,10015.392605830395,73376.65800000001,33461.24497222436,16181473732.42344,28958284326.485184,12776810594.061743,6550892799.593776,0
1776038399999,70713.05,70457.931,2095242.5185277509,71094.705,411.4001108546047,22446680702.094337,17805499535.540115,-4641181166.554222,5957742940.253075,0
1776124799999,74385.25,74070.785,1621.9145436602705,74756.925,87904.1431970651,14749544555.745317,35878822164.601585,21129277608.85627,6359102183.081099,0
1776211199999,74103.5,73765.125,293944.37075914943,74462.66100000001,25453.306762369793,18743693194.22246,29693610518.573944,10949917324.351482,7059793326.266179,0
1776297599999,74777.25,74451.87,91.03859138774983,75152.19150000002,65648.39979525279,17968379468.54451,35399553376.57852,17431173908.03401,7203618575.587872,0
1776383999999,75106.75,74796.14,1728.5427379047294,75482.33400000002,4805.22225044131,16781086446.144857,38121371684.707565,21340285238.562706,7020315620.097344,0
1776470399999,77031.85,76701.565,4340.667127854953,77403.59250000001,25513.672494977684,19905658781.13804,40731690754.89048,20826031973.75244,7882538913.148336,0
1776556799999,75651.9,75271.75,45364.529983711225,76028.25000000001,62113.83317936451,23925783154.161354,29387238312.47702,5461455158.315666,7510926827.680578,0
1776643199999,73766.8,73618.08499999999,569399.3916327719,76280.41666666669,178144.05922182696,37990199824.25533,20931800957.88953,-17058398866.365803,6932982380.978456,0
1776729599999,75796.75,75467.765,231.73141137030643,76169.05050000001,1810.8447404953288,18323916019.520466,27392603126.821293,9068687107.300827,6801014197.665297,0
1776815999999,76298.45000000001,75920.5895,16268.507849027024,76669.641,33245.407407562285,18833726970.9753,31932868486.35633,13099141515.381031,7129893926.553616,0
1776902399999,78143.4,77795.06999999999,2377.5119789580763,78530.19750000001,3377.50262916131,21173858370.030647,42269098917.20449,21095240547.173843,8041406132.89087,0
1776988799999,78215.55,77823.2285,109833.74896277426,78605.37150000001,109411.88511671012,22267174209.89597,44065815520.96041,21798641311.06444,8233241979.318462,0
1777075199999,77400.15,77061.755,356.0902805655655,77836.24500000001,376.7198395304698,23480114265.469025,33434109861.251484,9953995595.78246,7645283580.980801,0
1777161599999,77589.65,77061.755,350.73321334529373,78094.40833333335,1237.0214778107206,21795637258.819523,33595267469.172203,11799630210.35268,7366169809.617823,0
1777247999999,78621.8,78269.685,142.59386493769412,79006.5675,24068.141959860062,19710098644.57246,46063308654.20272,26353210009.63026,7495429169.11277,0
1777334399999,77329.95,76963.25,227.19991041180083,77736.75000000001,244.74174833579968,22960595223.763203,31171180382.808777,8210585159.045574,7294079105.302921,0
1777420799999,76300.95,75918.5,53847.98853134678,76681.50000000001,57676.255048544,27406155133.75803,26846916687.121307,-559238446.6367226,7337343843.447265,0
1777507199999,75750.0,75371.25,61.27877331729174,76128.75000000001,63.256617806096585,26258590021.20114,23649104907.860386,-2609485113.3407555,6976970936.547912,0
1777593599999,76303.2,75931.236,267021.1184481456,76686.927,264930.47406174656,23871508783.697594,26475814568.02289,2604305784.3252945,6947829444.731586,0
1777679999999,78193.7,77820.94,30890.868442110623,78580.24650000001,869481.3248665598,34169838498.255722,55242801711.06888,21072963212.813156,8047409067.103343,0
1777766399999,78655.55,78281.625,18098.37927579425,79048.37550000001,1020749.6741154229,32210324540.458294,63216507173.47471,31006182633.016415,8145387428.650395,0
1777852799999,78530.45,78150.285,3717.299758755829,78921.645,230897.77830462647,33280851085.030254,55290573594.62748,22009722509.597225,7976252698.851614,0
1777939199999,79822.2,79426.9695,1364676.5865919723,80217.9945,473977.75818027725,32816568952.434135,66243801136.78895,33427232184.354813,8354995599.410332,0
1778025599999,80868.6,80470.9235,965088.7287966524,81255.85800000002,616345.2599654394,37696990932.48157,62439213170.18289,24742222237.701324,8868598915.062084,0
1778111999999,81394.95,81019.865,347.7150509047397,81801.171,598650.3759624604,34838498069.27992,52014377400.15639,17175879330.876465,8428485398.885865,0
1778198399999,79977.29999999999,79426.9695,1195980.6310381596,81801.171,527082.5244155818,39959013671.559525,34013224325.019585,-5945789346.53994,7772356666.4914875,0
1778284799999,80156.65,79757.3095,15455.089134375756,80553.162,28044.70942138885,36855447089.23854,34589160712.06744,-2266286377.1711044,7598074871.463154,0
1778371199999,80632.8,80246.75,5608.052469582011,81031.14000000001,56292.04173025066,33600251424.780403,38666783098.27531,5066531673.494904,7598247863.8347,0
1778457599999,82182.35,81771.886,36176.27101089617,82528.51714285715,1055509.2441944662,26589021100.834362,66563652458.221855,39974631357.3875,7552673263.266066,0
1778543999999,81699.45000000001,81291.301,11392.704943781298,82107.59550000001,198732.45670235978,29443091356.61949,53193820673.09444,23750729316.474945,7634878483.50802,0
1778630399999,80460.6,80074.615,1803.8665856377363,80879.38500000001,1919.280538707493,35774641869.39977,36536880904.84117,762239035.4413986,7483793986.599978,0
1778716799999,79288.25,78900.515,5767.769341105248,79682.229,7450.250862681497,45873680268.69123,31261644577.065407,-14612035691.625824,7632172443.670371,0
1778803199999,81056.3,80654.7,15009.862592023785,81457.86300000001,255944.4568858829,32469053220.11479,46301248476.442726,13832195256.327934,7799094864.405998,0
1778889599999,79071.75,78678.63,396922.6461379095,79469.37000000001,411482.71086457465,53131311966.2788,34103504641.773434,-19027807324.505367,8129105997.4859495,0
1778975999999,78106.7,77716.3655,28218.982960208978,78497.03250000002,2738.714436013781,55013596386.64982,27544476590.941998,-27469119795.70782,7500230815.518236,0
1779062399999,77415.7,77029.318,30821.23333874224,77803.482,31726.859567874188,49017506249.12184,25055628695.921566,-23961877553.200275,7240200416.886605,0
1779148799999,76962.7,76577.389,13295.86781437507,77329.725,1115.2054328361683,41793790625.062645,23046487487.549324,-18747303137.51332,6859448732.403449,0
1779235199999,76799.95,76422.06950000001,26870.898492301658,77160.88500000001,2819.446237640161,45795126217.69887,23963033299.265987,-21832092918.43288,7018598427.357756,0
1779321599999,77511.3,77131.30549999999,16208.238060531363,77876.445,4304.246166983849,35451881273.57059,26192359980.075966,-9259521293.494621,6923900830.648968,0
1779407999999,77584.6,77195.085,6098.784296057774,77970.91500000001,4616.692259394449,33845959129.35433,25481622875.554337,-8364336253.799992,6732251880.070698,0
1779494399999,75509.15,75215.01716666667,671544.8515686119,75886.24350000001,10418.993922763892,52258121917.33321,19490767330.525047,-32767354586.808167,6437463194.394537,0
1779580799999,76709.1,76331.624,57751.00851390605,77092.54500000001,136458.70996156646,26960236553.980667,24825367972.946815,-2134868581.0338516,6633049988.22067,0
1779667199999,77030.1,75564.472,657253.2082735712,77859.63500000001,1489238.3157173758,24316226497.00501,24970501609.36141,654275112.3563995,6383330542.757112,0
1779753599999,77281.0,76896.8835,19581.1243376619,77646.3,2659.7767124955494,22842145046.589363,25253402246.8933,2411257200.303936,6228131039.377452,0
1779839999999,75897.79999999999,75564.472,620917.0448765726,76212.16500000001,3939.8435025804074,31509394314.088837,21638373711.06161,-9871020603.027225,6297461710.042121,0
1779926399999,74413.25,74197.77,34726991.324177966,74786.17050000001,87157.13823306501,64420969654.55071,18535733712.471535,-45885235942.07918,6156136008.863579,0
1780012799999,73588.7,73229.61200000001,268033.11317254446,73898.65500000001,842.5466528652216,31868002635.099575,20001741048.146484,-11866261586.95309,6240576546.336017,0
1780099199999,73429.79999999999,73070.1135,27856.830966210222,73795.341,153146.25702410672,34326542090.057354,21372250179.438103,-12954291910.619251,6469618258.0472355,0
1780185599999,73852.05,73418.065,1733.7527881311669,74155.93500000001,1695.534324025831,28514105094.145203,21609427377.37567,-6904677716.769531,6160352921.097655,0
1780271999999,73649.35,73284.934,10167.442144251037,73959.96,1714.2149866403179,30337524168.889935,21005450201.494957,-9332073967.394978,6143056742.990926,0
1780358399999,71390.5,71034.5425,32562.991131926992,71686.65000000001,1309.9392635420975,25836270583.2279,16574385448.196938,-9261885135.030964,5714690362.97305,0
1780444799999,66723.9,66391.574,3909.5079422668264,67056.21300000002,18712.42116675565,20960081344.454327,11786321447.392761,-9173759897.061565,5145033437.169794,0
1780531199999,64116.25,64041.452999999994,844880.1876798193,64379.295000000006,266.56277808112867,32962251685.85986,9456288018.097898,-23505963667.761963,4681035009.479828,0
1780617599999,63848.45,61151.0375,180678.93386388666,65019.88500000001,3312.318849909136,7961366018.045038,8724179120.150879,762813102.1058407,4041348223.927906,0
1780703999999,61025.899999999994,60731.815,1714.5589790024292,61342.185000000005,2002.378613893981,5900686666.811544,6868555673.166478,967869006.3549337,3464319230.340124,0
1780790399999,60852.649999999994,59073.89,20.22086651925049,61952.55500000001,26902.49917130077,5940728249.6712885,6649431378.347389,708703128.6761007,3383436548.9292836,0
1780876799999,63306.75,62991.46,3275.8723029426887,63623.03250000001,25801.145669625355,5129193298.811978,8305247696.687742,3176054397.875764,3533773948.5615525,0
